symbol,GSM1308942_BMGMdbdb.TMM.data.txt.gz,GSM1308941_BMGMdb.TMM.data.txt.gz,GSM1308940_BMMCdbdb.TMM.data.txt.gz,GSM1308939_BMMCdb.TMM.data.txt.gz
0610005C13Rik,16.1,20.2,10.4,16.2
0610007C21Rik,1551.3,1628.5,1205.9,1167.1
0610007L01Rik,2334.5,2347.5,2246.3,2184.8
0610007N19Rik,0.0,0.0,77.5,23.8
0610007P08Rik,1320.0,1299.9,933.2,706.7
0610007P14Rik,797.2,862.5,490.6,451.8
0610007P22Rik,222.7,194.0,254.4,318.6
0610008F07Rik,0.0,0.0,0.9,1.9
0610009B14Rik,2.2,0.0,1.7,0.9
0610009B22Rik,456.1,483.4,435.7,409.9
0610009D07Rik,1013.4,1067.7,895.7,947.3
0610009L18Rik,45.2,51.6,69.7,83.7
0610009O20Rik,542.2,513.7,628.2,663.0
0610010B08Rik,608.9,671.8,759.8,763.8
0610010F05Rik,1470.6,1680.1,1038.6,958.8
0610010K14Rik,315.2,341.0,561.1,586.9
0610010O12Rik,10.8,13.5,4.3,7.6
0610011F06Rik,176.4,161.5,135.0,147.4
0610011L14Rik,1392.1,1372.8,1095.3,1043.4
0610012G03Rik,1450.2,1387.4,1016.0,1025.3
0610012H03Rik,0.0,0.0,3.5,1.9
0610030E20Rik,1153.3,1223.6,1706.1,1573.2
0610031J06Rik,8818.3,8194.2,3924.5,4285.9
0610031O16Rik,0.0,0.0,0.0,1.9
0610037L13Rik,450.8,369.0,482.7,497.5
0610037P05Rik,513.2,544.0,706.7,711.5
0610038B21Rik,118.3,102.1,174.3,207.3
0610038L08Rik,28.0,25.8,20.0,27.6
0610039K10Rik,530.4,474.4,1698.2,1920.4
0610040B10Rik,4.3,12.3,1.7,2.8
0610040F04Rik,289.4,281.5,7.8,11.4
0610040J01Rik,15.1,10.1,68.8,101.8
0610043K17Rik,4.3,4.5,11.3,13.3
0910001L09Rik,1183.4,1232.6,1171.1,1501.9
1-Mar,1611.5,1756.4,4313.1,4594.1
1-Sep,1.1,11.2,20.9,20.0
10-Mar,4.3,3.4,4.3,4.8
10-Sep,724.0,681.9,645.7,528.8
100043387,139.9,109.9,156.0,148.4
11-Mar,0.0,0.0,0.0,0.0
11-Sep,6851.8,6736.2,3654.4,2210.5
1100001G20Rik,1301.7,1222.5,79.3,70.4
1110001A16Rik,224.8,268.1,271.0,222.6
1110001J03Rik,154.9,135.7,77.5,70.4
1110002B05Rik,4099.9,3989.4,3891.4,3886.4
1110002L01Rik,253.9,201.9,269.2,245.4
1110002N22Rik,134.5,135.7,176.0,165.5
1110003E01Rik,2361.4,2472.0,2761.3,2908.6
1110004E09Rik,198.0,166.0,141.1,126.5
1110004F10Rik,1468.5,1439.0,1465.6,1422.9
1110005A03Rik,365.8,317.4,341.6,353.8
1110006O24Rik,14.0,15.7,17.4,29.5
1110007C09Rik,1569.6,1619.6,1209.4,1451.5
1110008F13Rik,2564.7,2392.3,2073.8,1977.4
1110008J03Rik,124.8,123.4,113.3,134.1
1110008L16Rik,411.0,355.5,331.1,248.2
1110008P14Rik,757.4,606.8,298.0,304.4
1110012J17Rik,0.0,0.0,10.4,14.3
1110012L19Rik,291.5,289.4,223.9,197.8
1110014N23Rik,1386.7,1553.4,1419.4,1760.6
1110015O18Rik,0.0,0.0,1.7,0.0
1110017D15Rik,7.5,5.6,2.6,3.8
1110017F19Rik,22.6,20.2,14.8,28.5
1110018G07Rik,3586.7,3500.4,3364.3,3456.5
1110018J18Rik,811.2,779.5,499.3,484.1
1110019D14Rik,55.9,46.0,47.0,46.6
1110020A21Rik,6.5,6.7,9.6,5.7
1110020G09Rik,454.0,518.2,723.2,649.6
1110021J02Rik,1096.2,1108.1,1159.7,1231.7
1110021L09Rik,97.9,70.7,80.2,35.2
1110028C15Rik,725.1,657.3,1286.1,1106.2
1110028F11Rik,0.0,0.0,0.0,4.8
1110028F18Rik,0.0,0.0,0.0,0.9
1110031I02Rik,125.9,170.5,110.6,154.1
1110032A03Rik,300.2,253.5,256.2,242.5
1110032A04Rik,0.0,0.0,0.0,1.9
1110032F04Rik,2.2,0.0,5.2,0.9
1110034A24Rik,258.2,283.8,298.9,262.5
1110034B05Rik,178.6,215.4,165.5,168.4
1110034G24Rik,176.4,256.9,176.0,207.3
1110035M17Rik,44.1,25.8,42.7,58.0
1110036E04Rik,0.0,0.0,0.0,1.9
1110037F02Rik,3404.9,3456.7,3126.4,2965.7
1110038B12Rik,152.8,164.9,160.3,175.0
1110038D17Rik,507.8,555.2,449.6,419.5
1110038F14Rik,279.7,268.1,268.4,325.3
1110046J04Rik,36.6,37.0,41.8,27.6
1110049F12Rik,307.7,411.6,494.9,409.9
1110050K14Rik,2.2,0.0,0.9,3.8
1110051M20Rik,264.7,255.7,184.7,163.6
1110054M08Rik,50.6,79.6,53.1,35.2
1110054O05Rik,1151.1,1212.4,921.9,1038.7
1110057K04Rik,1786.9,1608.3,1483.9,1394.4
1110058L19Rik,309.8,321.9,244.0,238.7
1110059E24Rik,416.3,402.7,332.0,361.4
1110059G10Rik,466.9,428.5,501.0,470.8
1110059M19Rik,0.0,0.0,3.5,0.0
1110065P20Rik,227.0,241.1,196.0,129.4
1110067D22Rik,30.1,24.7,401.7,188.3
1190002F15Rik,26.9,25.8,19.2,15.2
1190002H23Rik,894.0,838.9,31.4,22.8
1190002N15Rik,555.1,522.7,1403.7,1478.1
1190003J15Rik,0.0,0.0,0.0,0.0
1190003K10Rik,0.0,0.0,0.0,0.0
1190005F20Rik,803.6,779.5,859.1,869.4
1190005I06Rik,31.2,20.2,6.1,5.7
1190007F08Rik,573.4,603.4,564.6,646.8
1190007I07Rik,110.8,92.0,93.2,100.8
12-Sep,0.0,0.0,3.5,6.7
1200009I06Rik,78.5,98.7,72.3,63.7
1200011I18Rik,2055.9,2043.5,2318.6,2201.9
1200011M11Rik,1146.8,1268.5,811.2,788.5
1200014J11Rik,914.4,973.5,748.5,755.2
1200016B10Rik,629.3,706.6,613.4,474.6
1300001I01Rik,1985.9,1882.0,1014.2,1035.8
1300002E11Rik,207.6,221.0,176.9,152.2
1300002K09Rik,3734.1,3719.1,47.0,44.7
1300010F03Rik,2771.3,2568.4,1903.0,1738.7
1300014I06Rik,16.1,35.9,124.6,55.2
1300015D01Rik,0.0,0.0,1.7,10.5
1300017J02Rik,0.0,0.0,0.0,5.7
1300018I17Rik,973.6,984.8,1200.7,1269.8
1300018J18Rik,1071.5,1087.9,817.3,892.2
14-Sep,2.2,0.0,1.7,6.7
15-Sep,8544.0,8425.3,8255.1,7220.2
1500001M20Rik,97.9,103.2,95.8,151.2
1500002O10Rik,0.0,0.0,2.6,1.9
1500002O20Rik,784.3,683.0,737.1,818.0
1500003O03Rik,4494.7,4753.2,2905.9,2706.0
1500004A13Rik,97.9,95.3,74.1,72.3
1500009C09Rik,2.2,0.0,6.1,5.7
1500009L16Rik,0.0,0.0,21.8,5.7
1500010J02Rik,620.7,579.9,909.7,841.8
1500011B03Rik,603.5,594.4,540.2,562.1
1500011H22Rik,150.6,144.7,223.9,204.5
1500011K16Rik,433.6,459.9,304.1,318.6
1500012F01Rik,574.5,560.8,846.9,898.8
1500012K07Rik,0.0,2.3,1.7,1.9
1500015A07Rik,148.5,149.2,162.1,116.0
1500015L24Rik,0.0,0.0,0.9,0.9
1500015O10Rik,2.2,3.4,0.9,2.8
1500016L03Rik,0.0,0.0,0.9,2.8
1500017E21Rik,45.2,43.8,40.9,38.0
1500031L02Rik,292.6,274.8,211.7,173.1
1500032L24Rik,1888.0,1920.1,1386.3,1443.9
1520402A15Rik,10.8,12.3,18.3,25.7
1600002D24Rik,1.1,1.1,1.7,0.0
1600002H07Rik,129.1,127.9,122.8,86.6
1600002K03Rik,246.4,274.8,230.0,168.4
1600010M07Rik,37.7,31.4,90.6,94.2
1600012F09Rik,476.6,471.1,539.4,511.7
1600012H06Rik,2019.3,1908.9,1734.8,1528.5
1600014C10Rik,1261.9,1271.9,857.4,969.2
1600014C23Rik,9.7,0.0,5.2,4.8
1600014K23Rik,0.0,0.0,0.0,0.9
1600015I10Rik,0.0,0.0,3.5,4.8
1600016N20Rik,4.3,0.0,2.6,4.8
1600019K03Rik,0.0,0.0,0.0,2.8
1600020E01Rik,116.2,124.5,106.3,100.8
1600021P15Rik,49.5,56.1,71.4,59.0
1600025M17Rik,0.0,0.0,0.0,0.0
1600027N09Rik,336.7,349.9,167.3,192.1
1600029D21Rik,1032.8,972.4,1.7,8.6
1600029I14Rik,2.2,4.5,1.7,0.0
1600029O15Rik,2.2,0.0,1.7,0.9
1700001C02Rik,0.0,0.0,0.0,1.9
1700001C19Rik,2.2,1.1,3.5,4.8
1700001D01Rik,0.0,0.0,0.9,0.9
1700001F09Rik,0.0,0.0,2.6,2.8
1700001G11Rik,26.9,40.4,40.1,32.3
1700001G17Rik,4.3,6.7,5.2,8.6
1700001J03Rik,1.1,0.0,3.5,2.8
1700001J11Rik,14.0,10.1,7.8,16.2
1700001K19Rik,22.6,33.7,21.8,18.1
1700001K23Rik,15.1,2.3,1.7,3.8
1700001L05Rik,116.2,103.2,107.2,95.1
1700001L19Rik,0.0,0.0,1.7,2.8
1700001O22Rik,5.4,2.3,1.7,0.0
1700001P01Rik,3.2,2.3,1.7,0.0
1700003C15Rik,0.0,0.0,0.9,0.0
1700003D09Rik,2.2,0.0,1.7,3.8
1700003E16Rik,8.6,5.6,7.0,3.8
1700003F12Rik,69.9,83.0,11.3,15.2
1700003F17Rik,38.7,46.0,158.6,159.8
1700003G13Rik,0.0,0.0,0.0,0.0
1700003G18Rik,0.0,0.0,0.0,2.8
1700003H04Rik,0.0,0.0,0.0,0.0
1700003L19Rik,1.1,0.0,0.0,0.0
1700003M02Rik,0.0,0.0,0.9,2.8
1700003M07Rik,2.2,2.3,6.1,8.6
1700003P14Rik,0.0,0.0,0.0,0.9
1700006A11Rik,0.0,0.0,0.9,0.0
1700006E09Rik,0.0,0.0,0.0,1.9
1700006F04Rik,0.0,0.0,0.0,0.0
1700006H21Rik,0.0,0.0,0.9,0.0
1700007B14Rik,0.0,0.0,0.0,0.0
1700007F19Rik,0.0,0.0,0.0,0.9
1700007G11Rik,1.1,0.0,0.9,0.0
1700007I08Rik,6.5,2.3,7.0,6.7
1700007J10Rik,10.8,11.2,27.9,33.3
1700007K09Rik,1.1,2.3,0.0,0.9
1700007K13Rik,0.0,4.5,0.0,0.0
1700007L15Rik,28.0,19.1,32.2,15.2
1700007P06Rik,0.0,0.0,0.0,0.0
1700008A04Rik,0.0,0.0,0.0,0.9
1700008F21Rik,0.0,0.0,0.0,1.9
1700008I05Rik,0.0,0.0,0.0,0.0
1700008J07Rik,145.2,152.5,128.1,155.0
1700008K24Rik,0.0,0.0,0.0,0.9
1700008O03Rik,3.2,1.1,5.2,3.8
1700008P02Rik,0.0,0.0,0.0,1.9
1700008P20Rik,0.0,0.0,0.0,1.9
1700009C05Rik,0.0,0.0,2.6,0.0
1700009J07Rik,0.0,0.0,0.9,0.0
1700009N14Rik,0.0,0.0,0.9,1.9
1700009P17Rik,12.9,10.1,39.2,37.1
1700010B08Rik,0.0,0.0,1.7,1.9
1700010D01Rik,0.0,0.0,0.0,0.0
1700010I02Rik,0.0,0.0,0.0,1.9
1700010I14Rik,115.1,146.9,89.7,76.1
1700010J16Rik,0.0,0.0,0.9,0.0
1700010K23Rik,0.0,0.0,0.9,0.0
1700010M22Rik,0.0,0.0,0.0,0.0
1700011A15Rik,0.0,0.0,0.0,2.8
1700011B04Rik,0.0,0.0,0.0,0.0
1700011E24Rik,1.1,1.1,0.9,5.7
1700011F03Rik,2.2,1.1,1.7,0.9
1700011F14Rik,0.0,0.0,0.9,1.9
1700011H14Rik,0.0,0.0,3.5,0.9
1700011I03Rik,0.0,0.0,0.9,0.0
1700011J10Rik,71.0,60.6,88.0,119.8
1700011L22Rik,6.5,2.3,8.7,7.6
1700011M02Rik,0.0,0.0,0.0,0.0
1700012A03Rik,0.0,0.0,0.0,0.0
1700012A16Rik,142.0,150.3,39.2,20.0
1700012B07Rik,0.0,0.0,2.6,6.7
1700012B09Rik,0.0,0.0,4.3,2.8
1700012B15Rik,278.6,256.9,284.9,338.6
1700012D01Rik,22.6,20.2,27.9,22.8
1700012D14Rik,9.7,13.5,24.4,44.7
1700012I11Rik,0.0,1.1,1.7,0.0
1700012L04Rik,0.0,0.0,1.7,0.9
1700012P22Rik,1.1,0.0,0.0,1.9
1700013D24Rik,0.0,0.0,0.0,2.8
1700013F07Rik,0.0,0.0,0.0,0.9
1700013G23Rik,0.0,2.3,1.7,2.8
1700013G24Rik,0.0,0.0,0.0,3.8
1700013H16Rik,0.0,0.0,0.0,0.0
1700013N18Rik,19.4,15.7,31.4,22.8
1700014N06Rik,0.0,0.0,0.0,0.0
1700015E13Rik,9.7,0.0,7.0,7.6
1700015F17Rik,0.0,0.0,0.9,0.9
1700015G11Rik,0.0,0.0,0.0,0.0
1700016C15Rik,2.2,3.4,0.0,2.8
1700016D06Rik,0.0,0.0,2.6,0.0
1700016G22Rik,0.0,0.0,0.0,0.0
1700016H13Rik,0.0,1.1,0.0,0.0
1700016K19Rik,0.0,0.0,0.0,1.9
1700016L04Rik,0.0,0.0,1.7,3.8
1700016L21Rik,0.0,0.0,0.0,1.9
1700016M24Rik,3.2,0.0,1.7,5.7
1700016P04Rik,0.0,0.0,0.0,1.9
1700017B05Rik,882.2,899.5,630.0,616.3
1700017D01Rik,0.0,0.0,1.7,3.8
1700017G19Rik,9.7,0.0,8.7,11.4
1700017J07Rik,0.0,0.0,0.0,1.9
1700017N19Rik,0.0,0.0,1.7,0.0
1700018A04Rik,0.0,0.0,0.0,0.0
1700018A14Rik,10.8,2.3,5.2,0.9
1700018B08Rik,0.0,0.0,0.0,1.9
1700018B24Rik,0.0,0.0,0.0,3.8
1700018C11Rik,0.0,0.0,0.0,0.0
1700018F24Rik,0.0,1.1,0.0,0.9
1700018G05Rik,0.0,0.0,0.9,0.0
1700018L02Rik,229.2,178.3,115.0,125.5
1700018L24Rik,0.0,0.0,2.6,4.8
1700019A02Rik,0.0,0.0,0.0,0.0
1700019B03Rik,1.1,1.1,0.0,1.9
1700019B21Rik,0.0,0.0,0.0,0.0
1700019D03Rik,2.2,0.0,5.2,0.0
1700019E08Rik,0.0,0.0,0.0,0.0
1700019E19Rik,131.3,113.3,88.0,62.8
1700019G17Rik,33.4,33.7,28.7,38.0
1700019G24Rik,0.0,0.0,0.0,0.9
1700019L03Rik,282.9,275.9,63.6,40.9
1700019M22Rik,0.0,0.0,1.7,0.9
1700019N12Rik,7.5,3.4,0.9,4.8
1700019N19Rik,0.0,0.0,0.9,0.0
1700019O17Rik,0.0,0.0,0.0,3.8
1700020A23Rik,0.0,0.0,2.6,2.8
1700020C07Rik,16.1,7.9,2.6,17.1
1700020D05Rik,8.6,16.8,16.5,29.5
1700020G17Rik,1.1,0.0,0.0,1.9
1700020I14Rik,2332.3,2431.6,1406.3,1260.3
1700020L24Rik,33.4,25.8,16.5,30.4
1700020M21Rik,0.0,0.0,0.0,0.0
1700020N01Rik,10.8,6.7,0.0,5.7
1700020N15Rik,0.0,0.0,0.0,0.0
1700020N18Rik,4.3,0.0,0.9,0.9
1700020O03Rik,1146.8,1127.2,1382.8,1703.5
1700021C14Rik,19.4,22.4,30.5,21.9
1700021F05Rik,338.9,394.8,284.9,216.9
1700021F07Rik,0.0,1.1,0.0,0.0
1700021K19Rik,1521.2,1554.5,2814.4,2919.1
1700021N21Rik,0.0,0.0,0.9,1.9
1700022A21Rik,0.0,0.0,0.9,1.9
1700022A22Rik,0.0,0.0,0.0,0.0
1700022E09Rik,0.0,0.0,0.0,0.0
1700022H16Rik,0.0,0.0,0.9,0.0
1700022I11Rik,7.5,2.3,7.8,14.3
1700022P22Rik,1.1,2.3,3.5,2.8
1700023A16Rik,0.0,1.1,0.9,0.0
1700023C21Rik,0.0,0.0,0.0,1.9
1700023E05Rik,2.2,2.3,2.6,0.9
1700023F02Rik,0.0,0.0,0.0,0.9
1700023F06Rik,1.1,3.4,2.6,3.8
1700023L04Rik,2.2,1.1,2.6,0.9
1700024B18Rik,0.0,0.0,0.0,0.0
1700024F13Rik,0.0,0.0,0.0,0.9
1700024G13Rik,0.0,0.0,0.9,1.9
1700024P03Rik,5.4,0.0,3.5,5.7
1700024P04Rik,0.0,2.3,0.0,0.0
1700024P16Rik,36.6,26.9,7.8,16.2
1700025B11Rik,0.0,0.0,0.9,2.8
1700025C18Rik,0.0,0.0,0.9,2.8
1700025E21Rik,4.3,1.1,6.1,3.8
1700025F22Rik,0.0,0.0,0.0,0.9
1700025F24Rik,0.0,0.0,0.0,0.0
1700025G04Rik,635.8,721.2,580.3,632.5
1700025K23Rik,16.1,10.1,20.0,24.7
1700025K24Rik,0.0,0.0,0.0,0.9
1700025M24Rik,0.0,0.0,0.9,1.9
1700025N23Rik,17.2,10.1,13.9,25.7
1700026D08Rik,30.1,21.3,0.0,2.8
1700026D11Rik,1.1,1.1,0.0,2.8
1700026F02Rik,0.0,0.0,0.0,0.0
1700026J04Rik,4.3,0.0,7.0,7.6
1700026L06Rik,99.0,111.0,11.3,21.9
1700027A15Rik,0.0,0.0,0.0,0.9
1700027A23Rik,1.1,0.0,0.0,0.0
1700027D21Rik,0.0,0.0,0.9,1.9
1700027F09Rik,0.0,0.0,1.7,0.9
1700027H10Rik,0.0,0.0,0.0,0.9
1700027I24Rik,0.0,0.0,0.9,1.9
1700027J07Rik,2.2,1.1,0.9,1.9
1700028B04Rik,0.0,0.0,0.0,0.9
1700028D13Rik,0.0,1.1,0.0,0.9
1700028E10Rik,14.0,14.6,13.9,15.2
1700028I16Rik,2.2,0.0,3.5,2.8
1700028J19Rik,110.8,93.1,7.0,6.7
1700028K03Rik,51.6,46.0,60.1,49.5
1700028M03Rik,0.0,0.0,0.0,1.9
1700028P14Rik,0.0,0.0,0.0,0.0
1700028P15Rik,0.0,0.0,0.0,0.0
1700029B22Rik,0.0,0.0,0.9,0.0
1700029F09Rik,132.3,135.7,120.2,87.5
1700029F12Rik,0.0,0.0,0.0,2.8
1700029G01Rik,10.8,15.7,51.4,45.7
1700029H14Rik,5.4,2.3,2.6,2.8
1700029I01Rik,3122.0,3149.4,2673.3,2220.9
1700029I15Rik,6.5,7.9,6.1,3.8
1700029J03Rik,2.2,0.0,0.0,0.0
1700029J07Rik,5.4,4.5,3.5,9.5
1700029J11Rik,21.5,22.4,34.0,22.8
1700029M20Rik,2.2,0.0,0.9,6.7
1700029N11Rik,0.0,0.0,0.0,1.9
1700029P11Rik,0.0,0.0,0.0,0.0
1700030A11Rik,0.0,0.0,0.0,2.8
1700030C10Rik,3.2,2.3,2.6,0.0
1700030F04Rik,0.0,0.0,0.0,0.0
1700030F18Rik,0.0,0.0,0.0,1.9
1700030J22Rik,26.9,44.9,33.1,41.8
1700030K09Rik,250.7,221.0,199.5,210.2
1700030L20Rik,0.0,0.0,0.0,0.0
1700030M09Rik,0.0,0.0,0.0,0.0
1700030N03Rik,0.0,2.3,0.9,0.0
1700030O20Rik,0.0,2.3,0.0,0.0
1700031A10Rik,0.0,0.0,0.0,0.9
1700031F05Rik,0.0,0.0,0.9,0.0
1700031M16Rik,0.0,0.0,0.9,2.8
1700031P21Rik,0.0,0.0,0.9,0.0
1700034E13Rik,0.0,0.0,0.9,0.0
1700034F02Rik,2.2,7.9,13.1,11.4
1700034G24Rik,0.0,0.0,1.7,2.8
1700034H14Rik,322.7,326.4,311.1,301.5
1700034H15Rik,149.5,105.4,177.7,234.9
1700034I23Rik,51.6,37.0,40.9,40.9
1700034J05Rik,37.7,25.8,40.1,29.5
1700034K08Rik,0.0,0.0,0.0,0.0
1700034O15Rik,0.0,0.0,0.0,2.8
1700034P13Rik,129.1,175.0,171.6,236.8
1700036G14Rik,0.0,0.0,0.0,0.0
1700037C18Rik,69.9,63.9,67.1,60.9
1700037H04Rik,847.7,923.1,829.5,998.7
1700039E15Rik,0.0,0.0,0.0,5.7
1700039E22Rik,0.0,0.0,0.0,0.0
1700040I03Rik,106.5,108.8,94.1,101.8
1700040L02Rik,3.2,0.0,0.0,1.9
1700040N02Rik,1.1,0.0,0.0,1.9
1700041C23Rik,0.0,0.0,0.0,0.0
1700041M19Rik,0.0,0.0,7.0,1.9
1700042B14Rik,0.0,0.0,3.5,1.9
1700042G07Rik,2.2,0.0,0.0,0.0
1700042G15Rik,0.0,0.0,0.0,8.6
1700042O10Rik,0.0,0.0,0.9,0.0
1700044C05Rik,0.0,0.0,0.9,0.9
1700044K03Rik,0.0,0.0,0.0,0.0
1700045H11Rik,0.0,0.0,0.0,0.0
1700045I19Rik,0.0,0.0,0.9,0.0
1700046C09Rik,0.0,0.0,0.0,0.0
1700047G03Rik,1.1,0.0,0.0,0.9
1700047I17Rik2,1194.1,1178.8,1085.7,933.1
1700047L14Rik,0.0,0.0,0.0,0.9
1700047M11Rik,6.5,14.6,6.1,9.5
1700048M11Rik,22.6,14.6,9.6,14.3
1700048O20Rik,5.4,1.1,4.3,9.5
1700049E15Rik,1.1,0.0,0.9,2.8
1700049E22Rik,0.0,0.0,0.0,0.9
1700049G17Rik,262.5,244.5,381.6,390.9
1700049L16Rik,0.0,0.0,0.0,0.0
1700051A21Rik,0.0,0.0,3.5,3.8
1700052I22Rik,0.0,0.0,1.7,0.0
1700052K11Rik,72.1,94.2,88.0,106.5
1700052N19Rik,626.1,635.9,367.7,340.5
1700054A03Rik,0.0,0.0,0.0,0.0
1700054K19Rik,0.0,0.0,0.0,0.9
1700054M17Rik,0.0,0.0,0.0,2.8
1700054N08Rik,132.3,114.4,90.6,98.9
1700054O13Rik,0.0,0.0,0.0,0.0
1700055C04Rik,0.0,0.0,0.0,0.0
1700055N04Rik,8.6,11.2,4.3,7.6
1700056E22Rik,6.5,6.7,9.6,12.4
1700057G04Rik,0.0,0.0,0.0,0.0
1700057H15Rik,0.0,0.0,0.9,1.9
1700057K13Rik,0.0,0.0,0.0,0.9
1700058G18Rik,0.0,2.3,4.3,1.9
1700060C16Rik,0.0,0.0,0.0,0.9
1700060C20Rik,0.0,2.3,1.7,0.0
1700061F12Rik,0.0,0.0,1.7,0.0
1700061G19Rik,47.3,46.0,10.4,12.4
1700061I17Rik,0.0,0.0,1.7,6.7
1700061J05Rik,0.0,0.0,0.0,1.9
1700063A18Rik,0.0,0.0,0.0,0.9
1700063D05Rik,0.0,0.0,0.9,0.0
1700063O14Rik,0.0,0.0,0.0,0.0
1700064J06Rik,0.0,0.0,1.7,0.9
1700064M15Rik,0.0,0.0,2.6,3.8
1700065D16Rik,7.5,3.4,16.5,14.3
1700065I16Rik,2.2,0.0,0.0,0.9
1700065I17Rik,3.2,2.3,1.7,3.8
1700065J11Rik,0.0,0.0,0.0,0.0
1700065J18Rik,0.0,0.0,0.0,0.9
1700065O20Rik,0.0,0.0,0.9,0.0
1700066B17Rik,0.0,0.0,1.7,1.9
1700066B19Rik,12.9,26.9,7.0,14.3
1700066J24Rik,274.3,301.7,229.2,229.2
1700066M21Rik,375.5,375.7,413.9,276.8
1700066N21Rik,0.0,0.0,0.0,0.0
1700066O22Rik,0.0,0.0,0.0,1.9
1700067G17Rik,0.0,0.0,0.0,0.0
1700067K01Rik,38.7,31.4,29.6,28.5
1700067P10Rik,0.0,1.1,0.0,1.9
1700069L16Rik,0.0,0.0,4.3,0.0
1700069P05Rik,1.1,0.0,0.0,1.9
1700071K01Rik,0.0,0.0,0.9,3.8
1700071M16Rik,1555.6,1459.2,2795.3,2724.1
1700072B07Rik,0.0,0.0,0.0,0.0
1700072E05Rik,0.0,0.0,0.0,1.9
1700072O05Rik,0.0,0.0,0.9,0.9
1700073E17Rik,0.0,0.0,3.5,5.7
1700074H08Rik,0.0,0.0,0.0,0.0
1700074P13Rik,0.0,0.0,0.0,1.9
1700080E11Rik,0.0,0.0,0.0,2.8
1700080N15Rik,1.1,0.0,0.0,0.0
1700080O16Rik,0.0,0.0,0.9,0.0
1700081H04Rik,0.0,0.0,0.9,0.0
1700081H22Rik,0.0,0.0,0.0,0.0
1700081L11Rik,4912.1,4777.9,4593.7,5042.1
1700084C01Rik,0.0,0.0,0.9,0.0
1700084E18Rik,19.4,6.7,6.1,5.7
1700084F23Rik,0.0,0.0,0.9,0.0
1700084J12Rik,9.7,3.4,7.8,4.8
1700085B03Rik,0.0,0.0,0.0,0.0
1700085C21Rik,0.0,0.0,0.0,1.9
1700086L19Rik,0.0,0.0,0.0,0.9
1700086O06Rik,49.5,67.3,72.3,52.3
1700088E04Rik,151.7,123.4,98.5,102.7
1700090G07Rik,0.0,0.0,0.9,1.9
1700091E21Rik,0.0,0.0,0.0,0.0
1700092C02Rik,0.0,0.0,0.0,0.0
1700092C10Rik,2.2,0.0,0.0,1.9
1700092E19Rik,2.2,0.0,0.0,0.0
1700092K14Rik,0.0,0.0,0.0,0.0
1700092M07Rik,2.2,1.1,6.1,6.7
1700093K21Rik,0.0,2.3,0.9,0.0
1700094D03Rik,133.4,101.0,154.2,149.3
1700094J05Rik,87.1,71.8,70.6,82.7
1700094M24Rik,0.0,0.0,0.0,0.9
1700095A21Rik,0.0,0.0,0.9,1.9
1700095B10Rik,0.0,0.0,0.0,3.8
1700095B22Rik,0.0,0.0,0.9,0.9
1700096J18Rik,2.2,0.0,2.6,1.9
1700096K18Rik,58.1,58.3,76.7,102.7
1700097N02Rik,1.1,0.0,7.0,3.8
1700100L14Rik,3.2,0.0,2.6,5.7
1700101E01Rik,0.0,4.5,3.5,0.0
1700101I11Rik,21.5,24.7,9.6,14.3
1700101O22Rik,0.0,0.0,0.9,0.0
1700102H20Rik,2.2,2.3,3.5,3.8
1700102P08Rik,15.1,6.7,9.6,5.7
1700104A03Rik,0.0,0.0,3.5,0.0
1700105P06Rik,3.2,3.4,4.3,0.0
1700106J16Rik,2.2,0.0,0.0,3.8
1700106N22Rik,53.8,40.4,61.9,53.3
1700108F19Rik,0.0,0.0,1.7,0.9
1700108J01Rik,3.2,0.0,0.0,0.0
1700108M19Rik,0.0,0.0,0.0,0.0
1700109F18Rik,0.0,0.0,0.0,0.9
1700109G14Rik,0.0,0.0,0.0,0.0
1700109G15Rik,0.0,0.0,0.0,0.0
1700109H08Rik,26.9,35.9,27.0,37.1
1700109I08Rik,0.0,0.0,0.0,0.0
1700110C19Rik,14.0,2.3,27.0,20.9
1700110I01Rik,0.0,0.0,1.7,5.7
1700110K17Rik,62.4,53.8,42.7,47.6
1700110M21Rik,0.0,0.0,0.0,1.9
1700111N16Rik,0.0,0.0,0.0,0.0
1700112E06Rik,364.7,323.0,194.3,174.1
1700112H15Rik,0.0,0.0,0.0,0.9
1700113A16Rik,81.8,96.5,163.8,129.4
1700113H08Rik,0.0,0.0,0.0,0.9
1700113I22Rik,105.4,103.2,108.9,80.8
1700119H24Rik,0.0,0.0,0.9,1.9
1700120C14Rik,18.3,21.3,12.2,16.2
1700120E14Rik,0.0,0.0,0.0,0.0
1700120G07Rik,0.0,0.0,0.0,1.9
1700120K04Rik,8.6,10.1,10.4,7.6
1700121L16Rik,0.0,0.0,0.0,0.0
1700121N20Rik,0.0,0.0,0.0,0.0
1700122O11Rik,0.0,0.0,0.0,0.0
1700123I01Rik,3.2,1.1,6.1,4.8
1700123K08Rik,0.0,0.0,0.9,2.8
1700123L14Rik,0.0,2.3,3.5,3.8
1700123M08Rik,22.6,19.1,27.0,21.9
1700123O12Rik,1.1,0.0,0.0,0.9
1700123O20Rik,998.3,1048.7,729.3,782.8
1700123O21Rik,0.0,0.0,0.9,0.0
1700125D06Rik,0.0,0.0,2.6,0.9
1700125G02Rik,0.0,0.0,2.6,0.0
1700125G22Rik,2.2,2.3,0.9,2.8
1700125H03Rik,1.1,0.0,0.9,2.8
1700125H20Rik,0.0,0.0,1.7,0.0
1700126H18Rik,0.0,0.0,0.0,0.9
1700128A07Rik,0.0,0.0,0.0,0.9
1700128F08Rik,0.0,0.0,0.0,1.9
1700129C05Rik,0.0,2.3,0.9,2.8
1810006J02Rik,1.1,1.1,0.9,0.0
1810006K21Rik,724.0,627.0,546.3,683.9
1810007C17Rik,0.0,0.0,0.9,0.0
1810007D17Rik,0.0,0.0,0.0,0.9
1810007I06Rik,0.0,0.0,0.0,0.0
1810008A18Rik,789.6,744.7,670.1,623.0
1810008I18Rik,0.0,2.3,1.7,0.0
1810009A15Rik,428.2,417.2,349.4,319.6
1810009J06Rik,0.0,0.0,2.6,1.9
1810010D01Rik,0.0,0.0,4.3,3.8
1810010H24Rik,22.6,7.9,13.1,14.3
1810011H11Rik,1364.1,1389.6,466.2,625.9
1810011O10Rik,0.0,0.0,6.1,2.8
1810012K16Rik,5.4,4.5,6.1,10.5
1810012P15Rik,216.2,192.9,327.6,277.7
1810013A23Rik,3.2,9.0,9.6,13.3
1810013D10Rik,569.1,656.1,448.7,465.1
1810013L24Rik,2166.7,2142.2,1581.5,1509.5
1810014B01Rik,43.0,34.8,81.9,82.7
1810014F10Rik,308.8,283.8,59.2,94.2
1810018F18Rik,0.0,0.0,0.0,0.0
1810019D21Rik,10.8,5.6,6.1,11.4
1810019J16Rik,2.2,5.6,8.7,3.8
1810020D17Rik,91.4,96.5,126.3,144.6
1810020O05Rik,0.0,2.3,0.0,3.8
1810021B22Rik,32.3,22.4,32.2,44.7
1810022K09Rik,75.3,56.1,54.0,56.1
1810024B03Rik,10.8,4.5,14.8,11.4
1810026B05Rik,1230.7,1315.6,1503.1,1446.7
1810026J23Rik,1469.5,1342.5,987.2,1062.4
1810027O10Rik,1729.9,1646.5,1023.8,876.0
1810029B16Rik,388.4,341.0,145.5,110.3
1810030J14Rik,0.0,0.0,5.2,1.9
1810030N24Rik,147.4,152.5,162.9,110.3
1810030O07Rik,1258.7,1397.5,1429.9,1311.6
1810031K17Rik,2581.9,2635.7,2026.7,2282.8
1810032O08Rik,162.5,139.1,184.7,169.3
1810033B17Rik,1253.3,1310.0,70.6,81.8
1810034E14Rik,140.9,171.6,107.2,113.2
1810035I16Rik,0.0,0.0,0.0,0.0
1810035L17Rik,682.1,588.8,635.2,608.7
1810037I17Rik,539.0,623.6,332.0,308.2
1810041L15Rik,0.0,0.0,1.7,9.5
1810043G02Rik,381.9,384.7,402.6,409.9
1810043H04Rik,264.7,279.3,223.1,244.4
1810044D09Rik,33.4,30.3,28.7,28.5
1810046J19Rik,951.0,908.5,623.9,620.1
1810046K07Rik,1.1,0.0,0.0,0.9
1810048J11Rik,535.8,528.3,378.2,352.9
1810049H13Rik,81.8,66.2,122.8,143.6
1810053B23Rik,0.0,0.0,0.9,3.8
1810055G02Rik,199.0,204.1,237.9,171.2
1810058I24Rik,2751.9,2818.5,1581.5,1447.7
1810062G17Rik,12.9,14.6,8.7,8.6
1810062O18Rik,18.3,23.6,23.5,17.1
1810063B05Rik,332.4,312.9,251.8,293.9
1810063B07Rik,206.6,187.3,222.2,240.6
1810064F22Rik,0.0,0.0,0.0,0.0
1810065E05Rik,0.0,0.0,3.5,1.9
1810074P20Rik,443.2,477.8,472.3,513.6
2-Mar,1274.8,1302.2,1022.9,1173.7
2-Sep,12062.9,12018.8,11376.3,9880.6
2010001E11Rik,2.2,5.6,0.9,0.0
2010001M06Rik,11.8,10.1,5.2,9.5
2010001M09Rik,0.0,2.3,24.4,1.9
2010002M12Rik,9.7,2.3,23.5,23.8
2010002N04Rik,811.2,752.6,811.2,726.7
2010003K11Rik,0.0,0.0,0.0,1.9
2010003K15Rik,3.2,0.0,2.6,1.9
2010003O02Rik,125.9,126.7,151.6,150.3
2010005H15Rik,58.1,33.7,0.0,0.0
2010009K17Rik,1.1,4.5,14.8,2.8
2010010A06Rik,0.0,2.3,3.5,5.7
2010011I20Rik,503.5,485.7,470.5,495.5
2010012O05Rik,248.5,224.3,249.2,208.3
2010015L04Rik,19.4,28.0,40.1,37.1
2010016I18Rik,267.9,302.8,36.6,43.7
2010106C02Rik,0.0,1.1,1.7,0.9
2010106E10Rik,0.0,0.0,0.0,0.0
2010106G01Rik,8463.3,8655.2,8527.0,8399.7
2010107E04Rik,729.4,757.1,414.7,406.1
2010107G12Rik,0.0,0.0,7.0,3.8
2010107G23Rik,0.0,0.0,1.7,4.8
2010107H07Rik,175.4,205.3,238.7,240.6
2010109A12Rik,0.0,0.0,3.5,7.6
2010109I03Rik,1.1,6.7,0.9,6.7
2010109K11Rik,2753.0,2913.9,1770.6,1603.6
2010110P09Rik,4.3,6.7,55.8,51.4
2010111I01Rik,2804.6,3017.0,1828.9,2006.0
2010204K13Rik,3.2,7.9,7.0,0.9
2010300C02Rik,11.8,12.3,6.1,6.7
2010305A19Rik,280.8,312.9,261.4,263.5
2010308F09Rik,0.0,0.0,0.0,0.9
2010310C07Rik,0.0,0.0,2.6,1.9
2010315B03Rik,572.3,579.9,842.6,796.1
2010317E24Rik,18.3,18.0,22.6,21.9
2010320M18Rik,177.5,200.8,108.0,150.3
2010321M09Rik,785.3,791.8,765.9,787.6
2200002D01Rik,14.0,13.5,19.2,12.4
2200002J24Rik,0.0,2.3,0.9,0.0
2200002K05Rik,4.3,2.3,5.2,18.1
2210009G21Rik,194.7,177.2,151.6,170.3
2210010C04Rik,0.0,2.3,1.7,3.8
2210010C17Rik,8.6,2.3,0.0,0.9
2210012G02Rik,96.8,104.3,274.5,192.1
2210013O21Rik,446.5,429.6,449.6,519.3
2210015D19Rik,540.1,462.1,233.5,235.9
2210016F16Rik,1328.6,1322.3,953.2,823.7
2210016L21Rik,377.6,393.7,403.4,465.1
2210018M11Rik,388.4,397.0,490.6,486.0
2210019I11Rik,0.0,0.0,0.0,0.9
2210020M01Rik,32.3,29.2,40.1,32.3
2210021J22Rik,233.5,213.1,91.5,99.9
2210039B01Rik,2.2,0.0,0.9,5.7
2210403K04Rik,1107.0,1165.3,765.9,633.5
2210404J11Rik,1295.3,1332.4,3932.4,4186.0
2210404O07Rik,200.1,192.9,197.8,273.9
2210404O09Rik,151.7,154.8,162.9,168.4
2210407C18Rik,0.0,0.0,0.0,0.0
2210408F21Rik,81.8,120.0,84.5,109.4
2210408I21Rik,106.5,85.2,171.6,139.8
2210409D07Rik,0.0,0.0,0.0,0.0
2210409E12Rik,0.0,0.0,0.0,1.9
2210411K11Rik,29.1,20.2,22.6,11.4
2210414B05Rik,0.0,0.0,0.0,1.9
2210415F13Rik,0.0,0.0,0.0,0.0
2210416O15Rik,0.0,2.3,5.2,6.7
2210417A02Rik,0.0,0.0,0.0,2.8
2210417K05Rik,4.3,6.7,10.4,10.5
2210420H20Rik,0.0,0.0,0.0,5.7
2300002M23Rik,0.0,0.0,0.0,0.0
2300003K06Rik,0.0,0.0,0.0,0.0
2300005B03Rik,0.0,0.0,0.0,1.9
2300009A05Rik,157.1,127.9,125.5,141.7
2310001A20Rik,1147.9,1270.8,877.4,790.4
2310001H17Rik,100.1,101.0,135.0,104.6
2310001H18Rik,0.0,0.0,0.0,0.0
2310001K24Rik,3.2,1.1,2.6,0.9
2310002D06Rik,0.0,0.0,0.0,0.0
2310002J15Rik,0.0,0.0,0.0,0.0
2310002L09Rik,0.0,0.0,1.7,2.8
2310002L13Rik,0.0,0.0,1.7,0.0
2310003C23Rik,960.7,944.4,915.8,896.9
2310003F16Rik,1087.6,1089.1,808.6,788.5
2310003H01Rik,546.5,539.5,460.9,568.8
2310003L22Rik,144.2,152.5,122.8,153.1
2310004I24Rik,493.8,462.1,427.8,350.0
2310004N24Rik,729.4,731.3,602.1,631.6
2310005A03Rik,0.0,0.0,1.7,0.0
2310005E17Rik,0.0,0.0,0.0,8.6
2310005G13Rik,0.0,0.0,0.0,3.8
2310007B03Rik,0.0,0.0,1.7,3.8
2310007L24Rik,1.1,0.0,0.0,0.9
2310008H04Rik,728.3,584.3,701.4,612.5
2310008H09Rik,3540.5,3349.0,1381.9,1346.8
2310008N11Rik,0.0,0.0,0.0,0.0
2310009A05Rik,72.1,133.5,85.4,69.4
2310009B15Rik,96.8,81.9,99.3,90.4
2310010J17Rik,26.9,37.0,54.0,46.6
2310010M20Rik,1.1,1.1,0.9,0.0
2310011J03Rik,1174.8,1147.4,1102.2,1130.0
2310014F07Rik,229.2,212.0,0.9,3.8
2310014L17Rik,16.1,23.6,27.0,16.2
2310015A10Rik,352.9,337.6,541.1,475.6
2310015B20Rik,2.2,4.5,2.6,2.8
2310015D24Rik,0.0,0.0,3.5,3.8
2310016D03Rik,0.0,2.3,0.9,0.9
2310016M24Rik,803.6,863.6,867.0,855.1
2310020H05Rik,0.0,0.0,0.0,0.9
2310021P13Rik,2173.1,2235.3,2038.9,2393.1
2310022A10Rik,1024.2,984.8,1374.1,1654.1
2310022B05Rik,279.7,256.9,959.3,480.3
2310028H24Rik,1309.2,1352.6,973.3,1158.5
2310030A07Rik,2.2,2.3,1.7,0.0
2310030G06Rik,3.2,2.3,2.6,0.9
2310030N02Rik,72.1,59.5,70.6,58.0
2310033E01Rik,1.1,0.0,0.0,0.0
2310033P09Rik,335.7,366.8,342.4,405.2
2310034C09Rik,0.0,0.0,0.0,0.0
2310034G01Rik,25.8,14.6,10.4,8.6
2310034O05Rik,0.0,2.3,0.9,0.0
2310035C23Rik,2344.2,2201.7,2671.5,2634.7
2310035K24Rik,1114.5,1073.4,386.0,400.4
2310036O22Rik,1900.9,1882.0,1379.3,1561.8
2310037I24Rik,375.5,347.7,765.9,696.2
2310039H08Rik,177.5,144.7,115.9,160.7
2310039L15Rik,3.2,2.3,0.0,0.0
2310040G24Rik,37.7,41.5,73.2,104.6
2310042D19Rik,74.2,89.7,56.6,59.9
2310042E22Rik,0.0,0.0,1.7,1.9
2310043J07Rik,0.0,0.0,1.7,2.8
2310043L19Rik,0.0,1.1,0.9,1.9
2310043O21Rik,0.0,0.0,0.0,0.0
2310044G17Rik,3852.4,3594.7,1893.4,1905.2
2310044H10Rik,2517.4,2448.4,1713.1,1783.4
2310045N01Rik,626.1,567.5,479.2,632.5
2310046A06Rik,0.0,0.0,1.7,4.8
2310046O06Rik,504.6,498.0,521.1,480.3
2310047B19Rik,93.6,95.3,59.2,54.2
2310047M10Rik,730.5,796.3,1096.1,1249.8
2310050B05Rik,0.0,0.0,0.0,1.9
2310050C09Rik,2.2,0.0,0.0,0.9
2310057J18Rik,0.0,0.0,0.9,0.0
2310057M21Rik,320.6,392.6,223.1,207.3
2310057N15Rik,0.0,0.0,0.0,0.0
2310061C15Rik,171.1,185.1,86.3,73.2
2310061I04Rik,158.1,144.7,123.7,134.1
2310061J03Rik,298.0,309.6,264.9,235.9
2310061N02Rik,0.0,0.0,3.5,0.9
2310065F04Rik,0.0,0.0,0.9,1.9
2310067B10Rik,856.3,790.7,765.9,1016.8
2310068J16Rik,78.5,85.2,75.8,72.3
2310069B03Rik,16.1,14.6,0.0,0.0
2310069G16Rik,0.0,2.3,0.0,1.9
2310079F23Rik,406.7,485.7,460.1,422.3
2310079G19Rik,0.0,0.0,0.0,0.0
2310081J21Rik,4.3,2.3,0.0,2.8
2400001E08Rik,2347.4,2107.4,2078.1,2361.7
2400003C14Rik,3131.6,3438.8,3284.1,3151.2
2400009B08Rik,215.2,223.2,18.3,22.8
2410001C21Rik,3366.2,3231.3,3155.1,3381.4
2410002F23Rik,2697.0,2602.1,621.3,604.9
2410002I01Rik,729.4,767.2,535.0,650.6
2410002O22Rik,1304.9,1202.3,1430.7,1191.8
2410003K15Rik,279.7,310.7,244.0,238.7
2410003L11Rik,1.1,0.0,2.6,4.8
2410004A20Rik,0.0,0.0,0.0,0.0
2410004B18Rik,287.2,317.4,269.2,196.9
2410004I01Rik,0.0,0.0,1.7,0.0
2410004N09Rik,181.8,234.4,176.9,208.3
2410004P03Rik,11.8,10.1,2.6,3.8
2410006H16Rik,614.3,532.8,1056.1,1132.8
2410007B07Rik,0.0,0.0,0.9,2.8
2410012E07Rik,0.0,0.0,0.0,0.0
2410012M07Rik,0.0,0.0,0.0,1.9
2410015M20Rik,868.2,771.7,562.9,566.9
2410016O06Rik,434.6,366.8,391.2,353.8
2410017I17Rik,193.6,180.6,149.9,214.0
2410017P09Rik,548.7,532.8,551.6,605.9
2410018L13Rik,1.1,0.0,0.0,1.9
2410018M08Rik,573.4,585.5,386.0,561.2
2410021H03Rik,0.0,2.3,1.7,1.9
2410022L05Rik,217.3,237.8,232.6,231.1
2410042D21Rik,1680.4,1614.0,844.3,700.0
2410057H14Rik,0.0,0.0,0.9,0.0
2410066E13Rik,186.1,146.9,109.8,96.1
2410075B13Rik,75.3,53.8,87.1,105.6
2410076I21Rik,58.1,44.9,59.2,61.8
2410088K16Rik,0.0,1.1,0.0,0.9
2410089E03Rik,1287.7,1253.9,1308.7,1269.8
2410091C18Rik,264.7,335.4,306.7,328.1
2410114N07Rik,0.0,0.0,0.0,0.0
2410124H12Rik,0.0,0.0,0.0,0.0
2410127L17Rik,257.1,247.9,222.2,152.2
2410131K14Rik,571.3,619.1,314.5,395.7
2410137F16Rik,0.0,0.0,3.5,1.9
2410137M14Rik,1.1,0.0,0.0,2.8
2410141K09Rik,0.0,0.0,0.0,0.0
2500003M10Rik,3130.6,3143.8,2708.1,2569.1
2500004C02Rik,30.1,25.8,56.6,75.1
2510002D24Rik,170.0,144.7,127.2,176.0
2510003D18Rik,0.0,0.0,0.0,2.8
2510003E04Rik,713.3,705.5,925.4,868.4
2510006D16Rik,1582.5,1488.3,1051.7,1062.4
2510009E07Rik,2972.4,2755.7,1844.6,2006.0
2510012J08Rik,734.8,732.4,623.0,699.1
2510039O18Rik,2798.2,2675.0,2455.4,2803.1
2510049J12Rik,0.0,0.0,3.5,9.5
2600006L11Rik,0.0,0.0,0.0,1.9
2610001J05Rik,1835.3,1700.3,1638.1,1556.1
2610002D18Rik,19.4,12.3,35.7,26.6
2610002I17Rik,121.6,125.6,123.7,125.5
2610002J02Rik,313.1,299.5,381.6,421.4
2610002M06Rik,1251.2,1261.8,894.0,979.7
2610005L07Rik,1041.4,1168.7,1640.7,1584.6
2610008E11Rik,233.5,223.2,288.4,258.7
2610015P09Rik,75.3,80.8,170.8,138.9
2610016A17Rik,0.0,0.0,0.0,1.9
2610017I09Rik,1.1,0.0,0.0,0.0
2610018G03Rik,92.5,80.8,61.0,64.7
2610019E17Rik,19.4,25.8,31.4,18.1
2610019F03Rik,0.0,0.0,20.0,4.8
2610020C07Rik,231.3,249.0,237.0,187.4
2610020H08Rik,179.7,185.1,183.0,177.9
2610021K21Rik,26.9,15.7,25.3,30.4
2610027L16Rik,1283.4,1398.6,1139.7,1058.6
2610028E06Rik,6.5,0.0,0.0,9.5
2610028H24Rik,20.4,15.7,18.3,23.8
2610029G23Rik,912.3,1055.4,413.9,330.0
2610029I01Rik,525.0,476.7,301.5,273.9
2610034B18Rik,219.5,224.3,198.7,192.1
2610034M16Rik,0.0,0.0,3.5,1.9
2610035D17Rik,57.0,37.0,74.9,160.7
2610035F20Rik,0.0,0.0,0.0,0.0
2610037D02Rik,1.1,2.3,1.7,1.9
2610039C10Rik,411.0,341.0,416.5,441.3
2610044O15Rik,118.3,127.9,137.7,103.7
2610100L16Rik,0.0,0.0,0.0,0.0
2610101N10Rik,3489.9,3675.4,3818.2,3430.8
2610109H07Rik,2.2,6.7,1.7,0.9
2610203C20Rik,1.1,0.0,474.9,170.3
2610203C22Rik,2.2,4.5,14.8,33.3
2610204G22Rik,21.5,23.6,15.7,22.8
2610206C17Rik,85.0,66.2,83.6,63.7
2610301B20Rik,616.4,584.3,314.5,233.0
2610301G19Rik,1369.5,1360.5,1602.4,1761.5
2610305D13Rik,19.4,11.2,19.2,0.9
2610306M01Rik,67.8,48.2,55.8,56.1
2610307P16Rik,1.1,1.1,1.7,1.9
2610316D01Rik,0.0,0.0,0.0,0.9
2610318N02Rik,30.1,56.1,11.3,10.5
2610507B11Rik,10821.4,10751.4,20697.1,22191.4
2610507I01Rik,42.0,33.7,55.8,49.5
2610524H06Rik,208.7,205.3,92.4,82.7
2610528A11Rik,21.5,18.0,21.8,37.1
2610528E23Rik,36.6,30.3,33.1,38.0
2610528J11Rik,0.0,0.0,6.1,0.9
2700007P21Rik,1213.5,1190.0,1287.8,1017.7
2700023E23Rik,280.8,406.0,261.4,210.2
2700029M09Rik,586.3,602.3,746.7,627.8
2700038G22Rik,28.0,34.8,35.7,29.5
2700046A07Rik,8.6,3.4,3.5,0.0
2700046G09Rik,35.5,40.4,55.8,52.3
2700049A03Rik,433.6,393.7,555.9,509.8
2700050L05Rik,987.6,858.0,840.8,864.6
2700054A10Rik,30.1,22.4,11.3,11.4
2700060E02Rik,624.0,574.3,594.2,605.9
2700062C07Rik,146.3,163.8,169.9,134.1
2700069I18Rik,0.0,0.0,4.3,0.0
2700070H01Rik,0.0,0.0,11.3,8.6
2700078E11Rik,5244.5,5021.3,4768.9,4560.8
2700081L22Rik,3.2,2.3,0.9,0.0
2700081O15Rik,42.0,38.1,180.4,118.9
2700086A05Rik,0.0,0.0,9.6,1.9
2700089E24Rik,2297.9,2393.4,2270.7,2040.2
2700089I24Rik,0.0,0.0,0.9,0.0
2700090O03Rik,4.3,14.6,10.4,13.3
2700094K13Rik,378.7,461.0,504.5,413.7
2700097O09Rik,71.0,51.6,71.4,69.4
2700099C18Rik,10.8,30.3,35.7,28.5
2810001G20Rik,42.0,51.6,46.2,33.3
2810002D19Rik,168.9,157.0,143.8,172.2
2810002N01Rik,405.6,372.4,384.3,359.5
2810004N23Rik,411.0,393.7,370.3,308.2
2810006K23Rik,187.2,168.2,190.8,176.0
2810007J24Rik,0.0,0.0,0.0,0.0
2810008D09Rik,269.0,311.8,233.5,295.8
2810008M24Rik,1829.9,1753.0,2153.1,1929.9
2810011L19Rik,0.0,0.0,0.0,1.9
2810013P06Rik,174.3,157.0,279.7,273.9
2810021B07Rik,506.7,444.2,563.7,453.7
2810021J22Rik,204.4,204.1,168.2,166.4
2810025M15Rik,120.5,132.4,89.7,108.4
2810029C07Rik,8.6,10.1,13.9,4.8
2810030E01Rik,2.2,0.0,13.1,8.6
2810032G03Rik,0.0,0.0,0.0,1.9
2810046L04Rik,163.5,189.6,185.6,237.8
2810047C21Rik1,43.0,49.4,60.1,25.7
2810049E08Rik,0.0,0.0,0.0,1.9
2810055F11Rik,10.8,25.8,57.5,29.5
2810055G20Rik,10.8,7.9,677.9,710.5
2810403A07Rik,1767.5,1737.3,1436.0,1463.8
2810403D21Rik,6.5,6.7,18.3,7.6
2810404M03Rik,0.0,0.0,0.0,0.0
2810405F15Rik,0.0,0.0,1.7,3.8
2810405K02Rik,202.3,253.5,630.8,665.8
2810407C02Rik,8120.1,8093.3,6590.8,6194.9
2810408A11Rik,1.1,4.5,3.5,0.0
2810408I11Rik,31.2,30.3,20.0,6.7
2810408M09Rik,405.6,432.9,460.1,450.8
2810410L24Rik,2.2,0.0,18.3,16.2
2810417H13Rik,164.6,114.4,208.2,125.5
2810422J05Rik,1105.9,1079.0,1131.0,1366.8
2810422O20Rik,101.1,123.4,90.6,78.9
2810428I15Rik,1019.9,994.8,772.0,806.6
2810429I04Rik,0.0,0.0,2.6,0.9
2810432D09Rik,225.9,234.4,255.3,287.2
2810432L12Rik,2.2,0.0,25.3,29.5
2810433D01Rik,0.0,0.0,0.0,0.0
2810442I21Rik,2.2,4.5,15.7,29.5
2810442N19Rik,6.5,3.4,1.7,0.0
2810453I06Rik,432.5,347.7,386.0,362.4
2810454H06Rik,23.7,21.3,25.3,36.1
2810459M11Rik,2.2,0.0,1.7,5.7
2810468N07Rik,0.0,2.3,0.9,0.9
2810471M01Rik,1.1,0.0,0.0,1.9
2810474O19Rik,5360.7,5033.6,3092.4,2748.8
2900002K06Rik,63.5,65.1,73.2,60.9
2900005J15Rik,68.9,88.6,94.1,168.4
2900006K08Rik,29.1,41.5,38.3,45.7
2900008C10Rik,60.3,34.8,47.0,37.1
2900009J06Rik,0.0,0.0,0.0,0.0
2900010M23Rik,331.4,308.4,342.4,217.8
2900011O08Rik,0.0,1.1,1.7,1.9
2900026A02Rik,63.5,63.9,707.5,497.5
2900041M22Rik,10.8,13.5,0.0,1.9
2900052N01Rik,0.0,0.0,0.0,0.0
2900053A13Rik,504.6,523.8,414.7,553.6
2900055J20Rik,1.1,0.0,0.0,0.0
2900056M20Rik,356.1,432.9,371.2,367.1
2900057B20Rik,0.0,0.0,0.9,0.0
2900060B14Rik,61.3,72.9,34.0,56.1
2900064A13Rik,2223.7,2202.8,1540.5,1344.9
2900076A07Rik,102.2,78.5,86.3,104.6
2900079G21Rik,1.1,0.0,1.7,4.8
2900092C05Rik,0.0,0.0,0.0,0.0
2900092D14Rik,0.0,1.1,0.0,2.8
2900092E17Rik,754.1,791.8,603.8,682.9
2900093L17Rik,0.0,0.0,0.0,0.0
2900097C17Rik,16671.6,16759.7,13868.3,13301.9
3-Mar,165.7,143.6,177.7,181.7
3-Sep,5.4,4.5,5.2,18.1
3000002C10Rik,30.1,29.2,23.5,15.2
3010001F23Rik,0.0,0.0,0.9,1.9
3010026O09Rik,85.0,87.5,86.3,95.1
3100003L05Rik,0.0,0.0,0.0,0.0
3110001D03Rik,576.6,527.1,731.0,670.6
3110001I22Rik,192.6,216.5,182.1,181.7
3110002H16Rik,1328.6,1357.1,808.6,790.4
3110003A17Rik,1060.7,1181.0,916.6,715.3
3110007F17Rik,24.7,18.0,22.6,15.2
3110009E18Rik,22.6,23.6,41.8,51.4
3110009F21Rik,2.2,0.0,0.0,0.0
3110015C05Rik,3.2,0.0,0.0,0.9
3110021A11Rik,6.5,19.1,6.1,8.6
3110021N24Rik,11.8,21.3,28.7,30.4
3110035E14Rik,16.1,11.2,53.1,38.0
3110039I08Rik,0.0,0.0,5.2,0.9
3110039M20Rik,0.0,0.0,0.0,0.0
3110040N11Rik,213.0,223.2,188.2,201.6
3110043O21Rik,2704.6,2593.1,1782.8,1781.5
3110045C21Rik,9.7,15.7,18.3,5.7
3110047P20Rik,2.2,2.3,3.5,13.3
3110052M02Rik,388.4,329.8,437.4,468.9
3110056K07Rik,199.0,167.1,206.5,218.8
3110056O03Rik,955.3,895.0,867.8,1098.6
3110057O12Rik,152.8,141.3,139.4,110.3
3110062M04Rik,2047.2,1934.7,2067.7,2223.8
3110070M22Rik,2.2,2.3,3.5,1.9
3110079O15Rik,2.2,0.0,0.9,0.9
3110082D06Rik,0.0,0.0,92.4,32.3
3110082I17Rik,275.4,258.0,316.3,458.5
3110082J24Rik,0.0,0.0,1.7,3.8
3110099E03Rik,0.0,0.0,0.0,2.8
3200001D21Rik,20.4,33.7,25.3,19.0
3200002M19Rik,180.7,151.4,189.9,188.3
3230401D17Rik,1119.9,1104.8,1063.0,1061.5
3300002I08Rik,17.2,15.7,23.5,36.1
3300005D01Rik,2.2,7.9,9.6,22.8
3425401B19Rik,0.0,0.0,20.9,11.4
3632451O06Rik,1.1,0.0,7.0,10.5
3632454L22Rik,1.1,19.1,17.4,29.5
3830403N18Rik,7.5,6.7,23.5,10.5
3830406C13Rik,413.1,437.4,690.1,615.4
3830408C21Rik,15.1,22.4,48.8,45.7
3830417A13Rik,0.0,0.0,0.0,0.0
3830431G21Rik,0.0,2.3,2.6,1.9
3930402G23Rik,4.3,0.0,3.5,7.6
4-Mar,10.8,10.1,0.9,3.8
4-Sep,36.6,35.9,18.3,22.8
4430402I18Rik,9.7,18.0,20.9,18.1
4632411B12Rik,672.4,639.3,780.7,907.4
4632415K11Rik,373.3,357.8,360.7,312.0
4632415L05Rik,341.0,321.9,399.1,466.1
4632427E13Rik,158.1,186.2,174.3,184.5
4632428C04Rik,0.0,5.6,3.5,12.4
4632428N05Rik,6184.8,6305.5,14284.8,16387.5
4632434I11Rik,37.7,58.3,142.9,76.1
4732415M23Rik,4.3,0.0,5.2,2.8
4732416N19Rik,17.2,21.3,25.3,20.0
4732418C07Rik,1836.4,1891.0,1930.0,1721.6
4732456N10Rik,0.0,0.0,1.7,6.7
4732471D19Rik,191.5,206.4,311.9,298.7
4732471J01Rik,23.7,33.7,59.2,71.3
4732490B19Rik,0.0,0.0,1.7,3.8
4732491K20Rik,33.4,42.6,45.3,26.6
4831426I19Rik,392.7,346.6,797.3,868.4
4831440E17Rik,32.3,31.4,37.5,49.5
4832428D23Rik,1.1,0.0,0.0,0.0
4833403I15Rik,1.1,0.0,3.5,8.6
4833412C05Rik,0.0,0.0,10.4,11.4
4833417C18Rik,134.5,83.0,47.9,47.6
4833418N02Rik,43.0,44.9,75.8,91.3
4833419F23Rik,33.4,41.5,67.1,80.8
4833420G17Rik,490.6,481.2,638.7,646.8
4833422C13Rik,0.0,0.0,39.2,39.0
4833423E24Rik,0.0,0.0,0.0,0.0
4833424O15Rik,0.0,0.0,1.7,1.9
4833427F10Rik,8.6,2.3,7.0,14.3
4833427G06Rik,0.0,0.0,4.3,0.0
4833428L15Rik,0.0,0.0,0.9,5.7
4833439L19Rik,2007.4,2083.9,1572.8,1408.7
4833442J19Rik,237.8,189.6,99.3,90.4
4921501E09Rik,0.0,0.0,1.7,2.8
4921504E06Rik,0.0,0.0,0.9,2.8
4921506M07Rik,0.0,0.0,0.0,0.9
4921507L20Rik,29.1,28.0,40.1,40.9
4921507P07Rik,9.7,5.6,6.1,5.7
4921508A21Rik,0.0,0.0,0.0,0.0
4921508D12Rik,0.0,0.0,0.0,0.9
4921509C19Rik,0.0,0.0,1.7,1.9
4921509O07Rik,1.1,0.0,0.0,2.8
4921510H08Rik,0.0,0.0,0.9,0.0
4921511C10Rik,23.7,18.0,42.7,22.8
4921511C20Rik,0.0,0.0,0.0,1.9
4921511H03Rik,0.0,0.0,0.0,0.0
4921511I17Rik,9.7,12.3,60.1,49.5
4921511M17Rik,0.0,0.0,13.9,0.9
4921513D23Rik,3274.7,3285.1,5072.1,5273.2
4921513I03Rik,0.0,0.0,3.5,0.0
4921515E04Rik,0.0,0.0,0.0,0.0
4921515J06Rik,1.1,0.0,6.1,8.6
4921517D21Rik,0.0,0.0,5.2,4.8
4921517D22Rik,2.2,0.0,3.5,1.9
4921517L17Rik,125.9,102.1,108.0,114.1
4921523A10Rik,216.2,181.7,194.3,229.2
4921524J17Rik,218.4,207.5,218.7,230.2
4921524L21Rik,0.0,0.0,0.0,2.8
4921525B02Rik,0.0,1.1,6.1,2.8
4921525O09Rik,0.0,1.1,0.9,5.7
4921528I01Rik,0.0,0.0,0.9,2.8
4921528O07Rik,0.0,0.0,0.0,10.5
4921530D09Rik,7.5,0.0,1.7,2.8
4921530L18Rik,18.3,11.2,19.2,17.1
4921530L21Rik,0.0,0.0,1.7,0.0
4921531C22Rik,122.6,115.5,94.1,89.4
4921531P14Rik,0.0,0.0,0.0,0.0
4921533I20Rik,2.2,2.3,2.6,2.8
4921536K21Rik,6.5,14.6,10.4,1.9
4921539E11Rik,0.0,0.0,0.0,3.8
4922501C03Rik,791.8,747.0,507.1,619.2
4922501L14Rik,0.0,0.0,0.0,1.9
4922502D21Rik,0.0,0.0,0.0,1.9
4922502H24Rik,1.1,0.0,0.0,0.0
4922502N22Rik,0.0,0.0,0.0,0.0
4922505E12Rik,0.0,0.0,0.9,0.0
4922505G16Rik,79.6,89.7,47.9,62.8
4930401C15Rik,0.0,0.0,0.0,0.0
4930401O10Rik,0.0,0.0,0.9,0.0
4930401O12Rik,3.2,3.4,0.0,0.9
4930402F06Rik,0.0,0.0,0.9,1.9
4930402F11Rik,0.0,1.1,0.0,0.0
4930402H24Rik,1579.3,1555.6,1257.3,1079.6
4930403N07Rik,55.9,44.9,32.2,35.2
4930404A05Rik,0.0,0.0,0.9,0.0
4930404A10Rik,0.0,0.0,0.0,0.0
4930404H11Rik,0.0,0.0,0.0,0.9
4930404H21Rik,0.0,0.0,1.7,1.9
4930404I05Rik,37.7,29.2,40.9,49.5
4930404N11Rik,3994.4,3922.2,1039.5,1251.7
4930405A10Rik,4.3,2.3,2.6,6.7
4930405A21Rik,7.5,5.6,5.2,10.5
4930405D11Rik,0.0,0.0,1.7,1.9
4930405J17Rik,0.0,0.0,0.0,0.0
4930405P13Rik,742.3,670.7,326.7,283.4
4930406D18Rik,0.0,0.0,0.0,0.0
4930407I10Rik,0.0,0.0,0.0,11.4
4930408F14Rik,0.0,0.0,0.9,0.9
4930412B13Rik,0.0,0.0,2.6,0.9
4930412C18Rik,0.0,2.3,1.7,3.8
4930412F15Rik,0.0,0.0,1.7,4.8
4930412O13Rik,1.1,0.0,1.7,11.4
4930413E15Rik,0.0,0.0,0.0,0.0
4930413F20Rik,0.0,0.0,0.9,1.9
4930413G21Rik,151.7,144.7,162.1,140.8
4930413M19Rik,0.0,0.0,0.0,0.0
4930414L22Rik,520.7,538.4,577.7,505.1
4930414N06Rik,94.7,86.4,90.6,61.8
4930415F15Rik,1.1,4.5,2.6,3.8
4930415L06Rik,0.0,0.0,0.0,0.0
4930415O20Rik,1.1,0.0,0.0,1.9
4930417G10Rik,26.9,16.8,27.9,31.4
4930417O13Rik,0.0,1.1,4.3,3.8
4930417O22Rik,0.0,0.0,0.9,1.9
4930419G24Rik,0.0,0.0,0.9,0.0
4930420K17Rik,263.6,270.3,712.7,754.3
4930422G04Rik,127.0,121.1,185.6,137.9
4930423M02Rik,0.0,0.0,0.0,1.9
4930425K10Rik,0.0,0.0,0.0,0.0
4930425O10Rik,2.2,0.0,0.0,0.0
4930426L09Rik,35.5,26.9,54.0,57.1
4930427A07Rik,58.1,61.7,54.9,48.5
4930428D18Rik,0.0,0.0,0.0,0.0
4930428E07Rik,1.1,0.0,0.0,3.8
4930428E23Rik,0.0,0.0,0.0,0.0
4930428G15Rik,4.3,0.0,0.0,0.9
4930428O21Rik,0.0,3.4,0.9,1.9
4930429B21Rik,14.0,15.7,56.6,22.8
4930429D17Rik,0.0,0.0,2.6,1.9
4930429F11Rik,0.0,0.0,1.7,0.9
4930429F24Rik,8.6,7.9,3.5,7.6
4930430A15Rik,0.0,0.0,0.0,0.0
4930430D24Rik,0.0,0.0,0.0,0.0
4930430F08Rik,291.5,264.7,297.1,274.9
4930430F21Rik,0.0,2.3,1.7,1.9
4930430J02Rik,0.0,0.0,0.0,0.0
4930431A04Rik,0.0,0.0,0.0,0.0
4930431P03Rik,10.8,19.1,7.0,5.7
4930432J09Rik,0.0,0.0,11.3,3.8
4930432K09Rik,0.0,0.0,0.0,0.9
4930432K21Rik,19.4,14.6,23.5,20.9
4930432M17Rik,0.0,0.0,0.9,0.9
4930433B08Rik,0.0,0.0,0.0,0.9
4930433I11Rik,2.2,0.0,0.9,1.9
4930433N12Rik,0.0,0.0,3.5,1.9
4930434J06Rik,0.0,0.0,0.0,0.0
4930435E12Rik,0.0,0.0,5.2,2.8
4930438E09Rik,1.1,0.0,0.0,1.9
4930440C22Rik,0.0,0.0,0.0,1.9
4930441J16Rik,0.0,0.0,0.0,0.0
4930441O14Rik,30.1,31.4,25.3,40.9
4930442J19Rik,0.0,0.0,2.6,7.6
4930442L01Rik,0.0,0.0,0.0,3.8
4930443G12Rik,1.1,0.0,2.6,0.9
4930443O20Rik,2.2,2.3,0.0,7.6
4930444A02Rik,594.9,621.4,905.3,847.5
4930444F02Rik,2.2,1.1,1.7,2.8
4930444G20Rik,0.0,0.0,0.0,3.8
4930444M15Rik,0.0,0.0,0.9,1.9
4930444P10Rik,0.0,0.0,0.0,0.9
4930447A16Rik,0.0,0.0,0.0,0.9
4930447C04Rik,0.0,0.0,0.9,0.9
4930447J18Rik,0.0,0.0,0.0,1.9
4930447K03Rik,19.4,13.5,40.9,22.8
4930447N08Rik,2.2,1.1,6.1,0.0
4930448C13Rik,0.0,0.0,0.0,0.0
4930448F12Rik,0.0,0.0,0.0,0.9
4930448H16Rik,0.0,0.0,0.9,0.9
4930448I06Rik,0.0,0.0,0.0,1.9
4930448I18Rik,0.0,0.0,0.0,1.9
4930448K20Rik,0.0,0.0,0.0,1.9
4930449E01Rik,0.0,0.0,0.0,0.0
4930449E18Rik,0.0,0.0,0.0,0.0
4930449I24Rik,0.0,0.0,2.6,5.7
4930451C15Rik,0.0,1.1,0.9,2.8
4930451I11Rik,0.0,0.0,0.0,1.9
4930452A19Rik,0.0,1.1,0.9,0.9
4930452B06Rik,0.0,2.3,0.9,2.8
4930452G13Rik,0.0,0.0,0.0,0.9
4930452N14Rik,0.0,0.0,1.7,0.9
4930453H23Rik,0.0,0.0,3.5,0.9
4930453N24Rik,634.7,597.8,651.8,527.9
4930455B14Rik,0.0,1.1,0.0,1.9
4930455C13Rik,85.0,90.9,96.7,96.1
4930455C21Rik,492.7,490.1,387.7,334.8
4930455D15Rik,1.1,1.1,2.6,1.9
4930455F16Rik,0.0,0.0,0.0,0.9
4930455F23Rik,335.7,287.1,221.3,228.3
4930455H04Rik,7.5,15.7,0.0,9.5
4930455J16Rik,0.0,0.0,0.0,1.9
4930456L15Rik,0.0,0.0,0.0,0.0
4930458L03Rik,0.0,0.0,0.0,1.9
4930459L07Rik,0.0,0.0,0.0,0.0
4930461G14Rik,0.0,0.0,0.0,0.0
4930465A12Rik,0.0,0.0,0.0,0.0
4930465K10Rik,2.2,1.1,0.0,0.9
4930465M20Rik,2.2,0.0,0.0,2.8
4930467D21Rik,0.0,0.0,1.7,4.8
4930467E23Rik,16.1,13.5,10.4,24.7
4930467K11Rik,0.0,0.0,0.0,0.0
4930468A15Rik,0.0,0.0,0.0,0.0
4930469G21Rik,0.0,0.0,0.0,0.0
4930470H14Rik,0.0,0.0,0.0,0.0
4930470P17Rik,0.0,0.0,1.7,2.8
4930471C04Rik,0.0,0.0,0.9,0.0
4930471G03Rik,0.0,0.0,1.7,8.6
4930471I20Rik,18.3,15.7,13.9,16.2
4930471M09Rik,1.1,1.1,10.4,1.9
4930471M23Rik,5842.7,5772.7,3598.6,3887.4
4930473A02Rik,744.5,683.0,997.7,1003.5
4930473A06Rik,145.2,149.2,176.9,186.4
4930473O22Rik,0.0,0.0,0.0,0.9
4930474G06Rik,0.0,0.0,0.0,1.9
4930474H20Rik,0.0,0.0,0.0,0.0
4930474M22Rik,0.0,0.0,2.6,0.0
4930474N05Rik,0.0,0.0,0.0,0.0
4930474N09Rik,0.0,0.0,0.0,3.8
4930478L05Rik,8.6,14.6,7.8,9.5
4930478P22Rik,1.1,0.0,0.0,0.9
4930479D17Rik,0.0,0.0,2.6,1.9
4930479M11Rik,0.0,0.0,2.6,6.7
4930480E11Rik,0.0,0.0,0.0,0.0
4930480G23Rik,0.0,0.0,0.0,2.8
4930480K15Rik,0.0,0.0,1.7,0.9
4930480M12Rik,0.0,0.0,0.0,0.0
4930481A15Rik,44.1,53.8,66.2,61.8
4930483J18Rik,1.1,0.0,0.0,0.0
4930483K19Rik,118.3,149.2,46.2,47.6
4930483O08Rik,0.0,2.3,0.9,5.7
4930486F22Rik,0.0,0.0,0.0,0.0
4930486I03Rik,0.0,0.0,0.0,1.9
4930486L24Rik,6.5,12.3,105.4,99.9
4930487D11Rik,1.1,0.0,2.6,0.9
4930487H11Rik,86.1,108.8,89.7,117.9
4930488B22Rik,0.0,0.0,0.9,3.8
4930488L21Rik,0.0,1.1,5.2,2.8
4930500F04Rik,0.0,0.0,0.9,0.9
4930500J02Rik,0.0,1.1,0.9,0.9
4930500L23Rik,0.0,0.0,0.0,0.0
4930502A04Rik,0.0,0.0,0.9,0.0
4930502E09Rik,5.4,10.1,7.8,11.4
4930502E18Rik,0.0,0.0,0.0,0.0
4930503B20Rik,0.0,0.0,0.0,0.9
4930503E14Rik,0.0,0.0,0.9,3.8
4930503E24Rik,145.2,115.5,79.3,115.1
4930503H13Rik,0.0,0.0,0.0,0.0
4930503L19Rik,757.4,734.6,605.6,448.9
4930503O07Rik,3.2,0.0,0.0,0.0
4930504O13Rik,0.0,0.0,0.0,1.9
4930505A04Rik,0.0,0.0,3.5,0.0
4930505G20Rik,0.0,0.0,0.0,0.9
4930506M07Rik,9723.0,8915.4,3554.2,3808.4
4930507D05Rik,49.5,62.8,42.7,49.5
4930509E16Rik,2.2,0.0,3.5,1.9
4930509J09Rik,0.0,0.0,1.7,0.0
4930509K18Rik,0.0,2.3,0.0,0.0
4930511A02Rik,0.0,0.0,0.0,0.9
4930511E03Rik,2.2,0.0,1.7,5.7
4930511I11Rik,0.0,0.0,1.7,1.9
4930511M06Rik,0.0,0.0,7.0,0.0
4930511M11Rik,0.0,2.3,1.7,0.0
4930512B01Rik,20.4,14.6,38.3,26.6
4930513D17Rik,1.1,0.0,0.0,2.8
4930513N10Rik,68.9,74.0,79.3,124.6
4930513O06Rik,0.0,0.0,0.0,0.0
4930515B02Rik,0.0,1.1,0.0,3.8
4930515G01Rik,16.1,11.2,33.1,27.6
4930515G16Rik,0.0,0.0,0.0,0.0
4930515L03Rik,0.0,0.0,0.0,0.0
4930515L19Rik,0.0,0.0,0.0,0.0
4930517E11Rik,0.0,0.0,0.0,1.9
4930518P08Rik,0.0,0.0,0.0,1.9
4930519D14Rik,0.0,0.0,0.0,0.0
4930519F09Rik,10.8,10.1,12.2,16.2
4930519F16Rik,0.0,0.0,0.0,0.0
4930519F24Rik,0.0,0.0,0.0,1.9
4930519G04Rik,0.0,0.0,1.7,3.8
4930519H02Rik,0.0,0.0,1.7,0.0
4930520O04Rik,21.5,22.4,10.4,29.5
4930520P13Rik,0.0,0.0,0.0,1.9
4930521A18Rik,0.0,0.0,0.0,2.8
4930521E06Rik,0.0,0.0,0.0,0.0
4930522H14Rik,0.0,0.0,0.0,0.0
4930522O17Rik,0.0,2.3,0.0,0.0
4930523C07Rik,224.8,192.9,213.5,176.9
4930523O13Rik,0.0,0.0,0.9,0.9
4930524B15Rik,0.0,0.0,4.3,2.8
4930524C18Rik,0.0,0.0,0.0,1.9
4930524E20Rik,0.0,0.0,0.0,0.9
4930524L23Rik,26.9,18.0,39.2,54.2
4930524N10Rik,0.0,0.0,0.0,0.0
4930524O05Rik,0.0,0.0,0.0,0.0
4930524O08Rik,0.0,2.3,0.0,2.8
4930525D18Rik,2.2,0.0,1.7,1.9
4930525F21Rik,12.9,7.9,7.0,14.3
4930525G20Rik,24.7,57.2,29.6,30.4
4930525M21Rik,0.0,0.0,0.0,0.0
4930526D03Rik,2.2,9.0,4.3,1.9
4930526I15Rik,163.5,164.9,180.4,178.8
4930526L06Rik,2.2,0.0,44.4,35.2
4930527F14Rik,0.0,0.0,0.9,0.0
4930527G23Rik,0.0,0.0,2.6,0.9
4930528A17Rik,72.1,70.7,87.1,107.5
4930528D03Rik,0.0,0.0,0.0,2.8
4930528F23Rik,2.2,2.3,4.3,0.9
4930528P14Rik,0.0,0.0,0.0,0.0
4930529C04Rik,5.4,4.5,11.3,10.5
4930529F22Rik,0.0,0.0,0.0,5.7
4930529F24Rik,0.0,0.0,0.0,0.0
4930529K09Rik,0.0,0.0,0.9,0.0
4930529L06Rik,0.0,0.0,0.0,1.9
4930529M08Rik,0.0,1.1,0.0,0.0
4930533B01Rik,23.7,30.3,27.9,34.2
4930533P14Rik,0.0,0.0,0.0,0.9
4930534B04Rik,766.0,787.4,553.3,520.3
4930538K18Rik,1.1,4.5,7.0,2.8
4930539C22Rik,0.0,0.0,0.9,0.9
4930539E08Rik,0.0,0.0,20.9,34.2
4930539J05Rik,119.4,95.3,88.9,98.0
4930539M17Rik,0.0,0.0,0.9,3.8
4930539N22Rik,3.2,0.0,0.0,0.9
4930540M03Rik,0.0,0.0,0.0,0.0
4930542C21Rik,0.0,0.0,0.9,0.0
4930542D17Rik,0.0,0.0,3.5,5.7
4930542H20Rik,1.1,2.3,0.0,0.0
4930542N07Rik,0.0,0.0,0.0,2.8
4930543E12Rik,0.0,0.0,0.0,0.0
4930544D05Rik,0.0,0.0,0.0,2.8
4930544G11Rik,0.0,0.0,0.0,0.0
4930544M13Rik,0.0,0.0,0.0,0.0
4930544O15Rik,2.2,0.0,7.0,0.0
4930545E07Rik,0.0,0.0,0.0,0.0
4930545H06Rik,0.0,0.0,0.9,1.9
4930545L23Rik,0.0,0.0,1.7,8.6
4930546C10Rik,2.2,0.0,3.5,2.8
4930546K05Rik,0.0,0.0,1.7,0.9
4930547C10Rik,0.0,0.0,1.7,0.9
4930547E08Rik,0.0,1.1,1.7,0.9
4930547E14Rik,4.3,2.3,0.0,0.9
4930547N16Rik,69.9,78.5,85.4,68.5
4930548G14Rik,2.2,0.0,0.9,0.0
4930548H24Rik,0.0,0.0,9.6,0.0
4930548J01Rik,0.0,0.0,1.7,0.0
4930548K13Rik,0.0,0.0,0.0,0.0
4930549C01Rik,0.0,0.0,0.0,1.9
4930549G23Rik,159.2,138.0,88.0,107.5
4930550C14Rik,3.2,3.4,10.4,6.7
4930550L24Rik,2.2,2.3,0.0,1.9
4930552N02Rik,0.0,0.0,0.0,0.9
4930552P12Rik,8.6,10.1,5.2,10.5
4930553E22Rik,0.0,0.0,0.0,0.0
4930554C24Rik,0.0,0.0,1.7,0.0
4930555B11Rik,1.1,1.1,1.7,1.9
4930555G01Rik,0.0,0.0,1.7,2.8
4930555I21Rik,5.4,4.5,0.9,5.7
4930556C24Rik,0.0,0.0,0.9,0.0
4930556G01Rik,0.0,0.0,0.0,0.0
4930556J02Rik,0.0,0.0,0.0,0.9
4930556M19Rik,73.2,83.0,22.6,15.2
4930556N09Rik,0.0,0.0,0.0,0.0
4930557A04Rik,0.0,0.0,0.0,0.0
4930557J02Rik,0.0,0.0,5.2,6.7
4930558C23Rik,0.0,0.0,0.0,0.0
4930558G05Rik,0.0,0.0,0.0,0.0
4930558J18Rik,1.1,2.3,1.7,8.6
4930558K02Rik,1.1,2.3,0.0,0.0
4930562C15Rik,8.6,12.3,20.9,32.3
4930562F07Rik,50.6,40.4,37.5,24.7
4930563D23Rik,0.0,0.0,10.4,7.6
4930563E18Rik,6.5,6.7,2.6,11.4
4930563E22Rik,33.4,29.2,40.1,53.3
4930563F08Rik,0.0,0.0,0.0,0.9
4930563M20Rik,0.0,0.0,0.0,0.0
4930564B18Rik,0.0,0.0,0.0,0.0
4930564D02Rik,0.0,0.0,1.7,3.8
4930564G21Rik,0.0,0.0,0.0,0.9
4930564K09Rik,0.0,0.0,0.0,5.7
4930565A17,0.0,0.0,1.7,1.9
4930565D16Rik,0.0,0.0,0.9,0.0
4930565N06Rik,186.1,228.8,190.8,142.7
4930567H12Rik,0.0,0.0,0.0,0.0
4930567H17Rik,0.0,0.0,0.0,0.0
4930567J20Rik,0.0,0.0,0.0,0.0
4930567K20Rik,0.0,0.0,0.0,0.0
4930568D16Rik,0.0,0.0,0.0,0.0
4930568E12Rik,0.0,1.1,0.0,0.0
4930568G15Rik,0.0,2.3,0.9,1.9
4930568K20Rik,0.0,0.0,6.1,2.8
4930570G19Rik,3.2,0.0,33.1,39.0
4930571K23Rik,0.0,0.0,3.5,7.6
4930572J05Rik,116.2,94.2,66.2,93.2
4930572K03Rik,0.0,0.0,0.0,0.0
4930572O13Rik,0.0,0.0,1.7,0.9
4930573O16Rik,0.0,0.0,3.5,1.9
4930578C19Rik,0.0,1.1,0.0,0.0
4930578E11Rik,0.0,0.0,0.9,0.0
4930578I06Rik,0.0,0.0,0.0,1.9
4930578M01Rik,1.1,4.5,4.3,2.8
4930578N16Rik,46.3,25.8,28.7,28.5
4930578N18Rik,0.0,0.0,0.0,0.9
4930579C15Rik,6.5,10.1,0.9,2.8
4930579F01Rik,0.0,0.0,0.9,1.9
4930579G18Rik,90.4,96.5,120.2,116.0
4930579G22Rik,16.1,7.9,12.2,12.4
4930579G24Rik,96.8,127.9,115.0,105.6
4930579K19Rik,22.6,26.9,20.0,22.8
4930581F22Rik,81.8,92.0,115.0,72.3
4930583H14Rik,45.2,61.7,5.2,5.7
4930583K01Rik,0.0,0.0,0.9,0.9
4930583P06Rik,0.0,0.0,0.0,0.0
4930584F24Rik,0.0,0.0,0.0,0.0
4930588N13Rik,3.2,4.5,0.0,1.9
4930590J08Rik,9.7,3.4,4.3,3.8
4930590L20Rik,0.0,0.0,1.7,0.0
4930591A17Rik,0.0,0.0,0.9,0.9
4930592A05Rik,100.1,77.4,138.5,121.7
4930592I03Rik,55.9,33.7,46.2,59.9
4930593A02Rik,1.1,0.0,0.9,2.8
4930593C16Rik,0.0,1.1,0.0,1.9
4930594C11Rik,91.4,101.0,86.3,85.6
4930595M18Rik,0.0,0.0,0.0,1.9
4930596D02Rik,1.1,0.0,0.0,0.0
4930596M17Rik,4.3,1.1,1.7,0.0
4930597G03Rik,0.0,0.0,0.0,5.7
4930598F16Rik,1.1,1.1,1.7,0.9
4930599N23Rik,258.2,281.5,312.8,333.9
4931402G19Rik,60.3,53.8,48.8,59.9
4931403E22Rik,10.8,5.6,6.1,10.5
4931403G20Rik,12.9,21.3,23.5,16.2
4931406B18Rik,0.0,2.3,2.6,4.8
4931406C07Rik,1288.8,1319.0,1612.0,1639.8
4931406H21Rik,159.2,113.3,126.3,158.8
4931406P16Rik,1249.0,1148.5,1436.0,1707.3
4931407G18Rik,0.0,0.0,0.0,0.0
4931408A02Rik,0.0,0.0,8.7,11.4
4931408C20Rik,1.1,2.3,0.0,6.7
4931408D14Rik,0.0,0.0,1.7,6.7
4931409K22Rik,0.0,0.0,1.7,3.8
4931414P19Rik,117.3,102.1,146.4,143.6
4931417E11Rik,0.0,0.0,0.0,0.0
4931417G12Rik,2.2,0.0,2.6,3.8
4931419H13Rik,0.0,0.0,0.0,0.0
4931420L22Rik,0.0,0.0,0.9,0.0
4931423N10Rik,0.0,1.1,0.9,2.8
4931428F04Rik,50.6,42.6,73.2,42.8
4931428L18Rik,0.0,1.1,0.0,1.9
4931429I11Rik,1.1,2.3,0.0,0.9
4931429L15Rik,1.1,2.3,0.9,2.8
4931429P17Rik,0.0,0.0,0.0,0.0
4931430N09Rik,0.0,0.0,0.0,0.0
4931431B13Rik,2.2,2.3,5.2,7.6
4931431C16Rik,675.6,630.3,227.4,266.3
4931431F19Rik,2.2,0.0,3.5,0.0
4931440F15Rik,20.4,9.0,35.7,39.0
4931440J10Rik,16.1,14.6,16.5,26.6
4931440L10Rik,0.0,0.0,0.0,2.8
4931440P22Rik,160.3,141.3,129.8,174.1
4932411E22Rik,0.0,0.0,0.9,1.9
4932411G14Rik,0.0,0.0,4.3,16.2
4932411L15,0.0,0.0,0.9,0.0
4932411N23Rik,1.1,0.0,0.0,0.0
4932412D23Rik,2.2,0.0,1.7,6.7
4932412H11Rik,8.6,2.3,7.8,6.7
4932413F04Rik,1.1,0.0,3.5,3.8
4932414J04Rik,0.0,0.0,0.0,4.8
4932414N04Rik,0.0,0.0,0.0,4.8
4932415G12Rik,326.0,275.9,546.3,523.1
4932415M13Rik,0.0,1.1,0.9,1.9
4932416H05Rik,160.3,130.1,159.4,199.7
4932416K20Rik,2.2,2.3,0.0,7.6
4932418E24Rik,0.0,2.3,1.7,4.8
4932425I24Rik,2.2,9.0,6.1,5.7
4932429P05Rik,0.0,0.0,0.0,0.0
4932435O22Rik,0.0,0.0,2.6,3.8
4932438A13Rik,5608.1,5687.5,5899.0,6108.3
4932438H23Rik,16.1,14.6,19.2,31.4
4932441B19Rik,4.3,0.0,0.0,1.9
4932441J04Rik,1.1,0.0,2.6,8.6
4932443I19Rik,0.0,0.0,0.0,3.8
4932702P03Rik,6.5,2.3,2.6,2.8
4933400A11Rik,0.0,0.0,0.0,0.0
4933400B14Rik,0.0,0.0,0.0,0.0
4933400C05Rik,0.0,0.0,0.9,0.0
4933400C23,0.0,2.3,0.0,0.0
4933400F21Rik,121.6,138.0,55.8,71.3
4933400L20Rik,0.0,0.0,0.0,0.9
4933401B06Rik,2.2,0.0,0.0,0.9
4933401D09Rik,0.0,0.0,0.9,0.0
4933401H06Rik,1.1,4.5,5.2,3.8
4933401P06Rik,0.0,0.0,1.7,0.9
4933402C06Rik,0.0,0.0,0.9,0.0
4933402D24Rik,4.3,7.9,11.3,25.7
4933402E13Rik,0.0,0.0,0.0,0.0
4933402J07Rik,0.0,0.0,0.9,0.9
4933402J10Rik,0.0,0.0,0.0,2.8
4933402J15Rik,0.0,0.0,0.0,0.0
4933402N03Rik,0.0,0.0,0.0,1.9
4933402N22Rik,0.0,0.0,0.9,1.9
4933402P03Rik,0.0,1.1,0.0,2.8
4933403F05Rik,1925.7,1873.0,1599.8,1515.2
4933403G14Rik,58.1,75.2,43.6,77.0
4933403O08Rik,0.0,0.0,0.0,0.0
4933404G15Rik,0.0,0.0,1.7,0.0
4933404K08Rik,0.0,0.0,0.9,1.9
4933404M02Rik,0.0,0.0,1.7,0.0
4933404O12Rik,116.2,121.1,131.6,93.2
4933405D12Rik,1.1,0.0,0.0,0.0
4933405E24Rik,0.0,0.0,0.0,1.9
4933405L10Rik,0.0,0.0,1.7,0.9
4933405O20Rik,2.2,0.0,0.0,0.0
4933406C10Rik,17.2,19.1,28.7,24.7
4933406D12Rik,0.0,0.0,0.0,0.9
4933406F09Rik,0.0,0.0,0.0,0.0
4933406G16Rik,0.0,0.0,1.7,3.8
4933406I18Rik,3.2,0.0,35.7,34.2
4933406J08Rik,0.0,0.0,0.0,0.0
4933406J10Rik,2.2,7.9,7.8,7.6
4933406K04Rik,0.0,0.0,0.0,0.0
4933406M09Rik,5.4,10.1,19.2,31.4
4933407C03Rik,2145.1,2067.1,2184.5,2553.9
4933407E24Rik,0.0,0.0,0.0,3.8
4933407G14Rik,0.0,0.0,1.7,1.9
4933407H18Rik,868.2,822.1,953.2,974.0
4933407I05Rik,0.0,0.0,0.0,1.9
4933407K13Rik,161.4,210.9,236.1,218.8
4933407L21Rik,0.0,0.0,0.0,1.9
4933407P14Rik,4.3,0.0,0.0,0.0
4933408B17Rik,1.1,13.5,12.2,16.2
4933408J17Rik,34.4,40.4,28.7,39.9
4933408N05Rik,2.2,3.4,4.3,0.9
4933409G03Rik,0.0,0.0,0.0,0.9
4933409K07Rik,0.0,0.0,6.1,8.6
4933409K07Rik,0.0,0.0,6.1,3.8
4933409K07Rik,0.0,0.0,2.6,8.6
4933409K07Rik,0.0,0.0,2.6,3.8
4933409K07Rik,0.0,0.0,6.1,8.6
4933409K07Rik,0.0,0.0,6.1,3.8
4933409K07Rik,0.0,0.0,2.6,8.6
4933409K07Rik,0.0,0.0,2.6,3.8
4933409K07Rik,0.0,0.0,6.1,8.6
4933409K07Rik,0.0,0.0,6.1,3.8
4933409K07Rik,0.0,0.0,2.6,8.6
4933409K07Rik,0.0,0.0,2.6,3.8
4933409K07Rik,0.0,0.0,6.1,8.6
4933409K07Rik,0.0,0.0,6.1,3.8
4933409K07Rik,0.0,0.0,2.6,8.6
4933409K07Rik,0.0,0.0,2.6,3.8
4933411E08Rik,2.2,4.5,1.7,2.8
4933411G06Rik,0.0,0.0,0.0,0.0
4933411G11Rik,0.0,2.3,0.0,1.9
4933411K16Rik,7.5,2.3,7.0,8.6
4933411K20Rik,672.4,669.6,883.5,851.3
4933412E12Rik,36.6,39.3,74.1,44.7
4933412E24Rik,2.2,0.0,0.9,1.9
4933412O06Rik,7.5,0.0,0.0,0.0
4933413G19Rik,2.2,4.5,6.1,13.3
4933413J09Rik,14.0,5.6,7.8,18.1
4933413L06Rik,0.0,0.0,0.0,0.0
4933415F23Rik,0.0,0.0,0.0,0.0
4933416C03Rik,2.2,0.0,1.7,0.9
4933416E03Rik,0.0,0.0,0.0,0.9
4933416I08Rik,0.0,0.0,1.7,0.0
4933416M06Rik,0.0,0.0,0.0,1.9
4933416M07Rik,124.8,130.1,35.7,40.9
4933417A18Rik,1.1,2.3,0.9,0.0
4933417D19Rik,22.6,14.6,32.2,31.4
4933417E11Rik,9.7,18.0,1.7,0.9
4933417G07Rik,2.2,1.1,4.3,1.9
4933417O13Rik,0.0,0.0,0.0,5.7
4933421E11Rik,797.2,825.5,814.7,815.1
4933421I07Rik,0.0,0.0,0.0,0.0
4933421O10Rik,117.3,123.4,113.3,100.8
4933422A05Rik,2.2,0.0,0.9,0.9
4933422H20Rik,0.0,0.0,0.0,2.8
4933424B01Rik,798.2,710.0,772.9,662.0
4933424G05Rik,5.4,0.0,11.3,3.8
4933424G06Rik,6.5,5.6,1.7,3.8
4933425B07Rik,0.0,0.0,0.0,0.0
4933425H06Rik,0.0,0.0,0.9,1.9
4933425L06Rik,3.2,0.0,6.1,5.7
4933425O20Rik,2.2,0.0,4.3,5.7
4933426D04Rik,5.4,6.7,15.7,10.5
4933426M11Rik,3998.7,3916.5,9264.1,9515.4
4933427D06Rik,0.0,0.0,0.0,1.9
4933427D14Rik,429.2,454.2,395.6,399.5
4933427E11Rik,0.0,2.3,7.8,10.5
4933427E13Rik,0.0,0.0,0.0,0.9
4933427G17Rik,3.2,13.5,18.3,12.4
4933427I22Rik,0.0,0.0,0.0,0.0
4933428C19Rik,0.0,0.0,0.0,0.9
4933429K18Rik,0.0,0.0,0.9,0.0
4933429O19Rik,0.0,0.0,3.5,1.9
4933430H15Rik,291.5,292.7,249.2,269.2
4933430H16Rik,0.0,0.0,0.0,0.9
4933430I17Rik,441.1,420.6,14.8,7.6
4933430M04Rik,0.0,0.0,0.0,0.0
4933430N04Rik,0.0,0.0,0.9,0.0
4933431E20Rik,91.4,95.3,49.7,37.1
4933431G14Rik,28.0,10.1,20.9,30.4
4933432B09Rik,16.1,25.8,43.6,39.0
4933432G23Rik,0.0,0.0,0.0,0.0
4933432I03Rik,37.7,26.9,1.7,7.6
4933432I09Rik,0.0,0.0,0.0,4.8
4933433C11Rik,0.0,2.3,0.0,0.9
4933433F19Rik,0.0,2.3,0.0,1.9
4933433G15Rik,9.7,7.9,29.6,32.3
4933433G19Rik,132.3,139.1,133.3,104.6
4933433H22Rik,1.1,0.0,6.1,14.3
4933433P14Rik,1011.3,951.1,679.6,709.6
4933434E20Rik,1242.6,1260.7,781.6,742.8
4933434I20Rik,0.0,0.0,1.7,0.0
4933436C20Rik,9.7,6.7,20.0,5.7
4933436E23Rik,0.0,0.0,1.7,0.0
4933436H12Rik,0.0,0.0,0.9,1.9
4933436I01Rik,0.0,0.0,0.0,0.0
4933437F05Rik,10.8,9.0,5.2,3.8
4933438B17Rik,0.0,0.0,0.9,0.0
4933438K21Rik,0.0,0.0,0.9,3.8
4933439C10Rik,74.2,67.3,262.3,273.0
4933439F18Rik,854.2,849.0,941.9,939.7
4933439K11Rik,37.7,34.8,17.4,22.8
4933440J02Rik,0.0,0.0,0.0,0.0
4933440M02Rik,2.2,0.0,2.6,0.0
5-Mar,1141.4,1012.8,1650.3,1588.4
5-Sep,142.0,140.2,190.8,104.6
5031410I06Rik,1.1,0.0,10.4,13.3
5031414D18Rik,798.2,736.9,505.4,494.6
5031425E22Rik,585.2,555.2,811.2,889.3
5031425F14Rik,139.9,172.7,133.3,222.6
5031426D15Rik,0.0,0.0,0.0,9.5
5031434C07Rik,0.0,0.0,3.5,2.8
5031434O11Rik,4.3,4.5,6.1,8.6
5031439G07Rik,7386.4,7357.5,7125.0,7949.8
5033403H07Rik,0.0,0.0,0.0,0.9
5033404E19Rik,0.0,0.0,0.0,0.0
5033406O09Rik,8.6,6.7,11.3,10.5
5033411D12Rik,4.3,4.5,43.6,23.8
5033414D02Rik,1655.7,1605.0,881.8,776.1
5133401N09Rik,416.3,444.2,345.0,390.9
5330411J11Rik,0.0,0.0,1.7,0.0
5330413P13Rik,2.2,0.0,0.0,3.8
5330417C22Rik,5.4,1.1,2.6,11.4
5330426P16Rik,1378.1,1451.3,402.6,401.4
5330434G04Rik,0.0,0.0,0.0,3.8
5330437I02Rik,19.4,9.0,3.5,7.6
5330439B14Rik,0.0,0.0,0.0,0.0
5430401F13Rik,0.0,0.0,0.0,0.0
5430402E10Rik,0.0,0.0,0.0,0.9
5430402O13Rik,11.8,6.7,17.4,25.7
5430403N17,0.0,0.0,0.0,0.0
5430405G05Rik,1.1,2.3,2.6,3.8
5430405H02Rik,74.2,58.3,105.4,112.2
5430407P10Rik,80.7,71.8,25.3,11.4
5430411K18Rik,2044.0,2057.0,2137.4,2286.6
5430416N02Rik,52.7,38.1,54.0,47.6
5430416O09Rik,4.3,2.3,6.1,9.5
5430417L22Rik,608.9,633.7,537.6,399.5
5430419D17Rik,0.0,0.0,0.0,4.8
5430421F17Rik,0.0,0.0,0.0,1.9
5430421N21Rik,1.1,0.0,0.0,4.8
5430425J12Rik,0.0,1.1,0.0,4.8
5430427M07Rik,4.3,5.6,0.9,9.5
5430427O19Rik,295.9,312.9,939.3,915.0
5430428K19Rik,1.1,0.0,0.0,1.9
5430434I15Rik,0.0,0.0,0.0,0.9
5430435G22Rik,6113.8,5740.2,6546.4,6867.3
5430437J10Rik,23.7,15.7,20.9,17.1
5430437P03Rik,1421.1,1290.9,975.0,1039.6
5430440P10Rik,0.0,0.0,1.7,0.0
5530400C23Rik,0.0,0.0,0.0,0.0
5530401A14Rik,0.0,0.0,0.0,1.9
5530601H04Rik,129.1,136.8,187.3,201.6
5730403B10Rik,2102.1,2031.2,2769.1,2883.9
5730403I07Rik,0.0,0.0,0.0,0.0
5730405O15Rik,36.6,42.6,30.5,51.4
5730408K05Rik,220.5,227.7,272.7,343.4
5730409E04Rik,404.5,376.9,587.3,588.8
5730412P04Rik,0.0,0.0,0.0,0.9
5730416F02Rik,25.8,16.8,14.8,11.4
5730419I09Rik,493.8,494.6,548.1,637.3
5730420D15Rik,4.3,12.3,0.9,0.0
5730422E09Rik,0.0,1.1,1.7,4.8
5730435O14Rik,1.1,0.0,0.0,1.9
5730437N04Rik,681.0,646.0,597.7,522.2
5730455O13Rik,233.5,243.4,198.7,176.9
5730455P16Rik,535.8,481.2,549.8,528.8
5730457N03Rik,0.0,0.0,0.9,6.7
5730460C07Rik,0.0,0.0,0.0,4.8
5730469M10Rik,932.7,952.2,355.5,297.7
5730480H06Rik,59.2,50.5,87.1,78.0
5730494M16Rik,238.8,222.1,328.5,359.5
5730494N06Rik,829.4,791.8,681.4,560.2
5730507C01Rik,2.2,2.3,0.9,0.0
5730508B09Rik,554.0,600.1,206.5,221.6
5730522E02Rik,0.0,0.0,0.0,2.8
5730528L13Rik,136.6,116.7,69.7,39.9
5730559C18Rik,0.0,0.0,3.5,8.6
5730577I03Rik,38.7,23.6,43.6,48.5
5730590G19Rik,19.4,58.3,61.9,69.4
5830403L16Rik,0.0,0.0,0.0,0.0
5830403M04Rik,4.3,0.0,0.0,0.0
5830411N06Rik,0.0,0.0,3.5,5.7
5830415F09Rik,261.4,250.1,183.0,210.2
5830416I19Rik,52.7,65.1,15.7,24.7
5830416P10Rik,43.0,32.5,17.4,25.7
5830417I10Rik,442.2,482.3,412.1,346.2
5830418K08Rik,1068.3,902.9,1314.0,1187.0
5830418P13Rik,3.2,3.4,0.0,0.9
5830428M24Rik,10.8,9.0,0.9,2.8
5830432E09Rik,527.1,550.7,362.5,381.4
5830433M19Rik,317.4,308.4,318.9,273.9
5830473C10Rik,0.0,0.0,0.0,4.8
5930403L14Rik,0.0,0.0,44.4,25.7
5930412G12Rik,0.0,0.0,1.7,0.9
5930416I19Rik,85.0,85.2,62.7,70.4
5930434B04Rik,749.8,762.7,515.0,465.1
5930438M14,1.1,0.0,1.7,0.9
6-Mar,3487.7,3388.3,4299.2,4300.2
6-Sep,380.8,345.5,423.5,458.5
6030405A18Rik,0.0,0.0,2.6,3.8
6030407O03Rik,0.0,0.0,2.6,0.9
6030408B16Rik,0.0,5.6,1.7,8.6
6030419C18Rik,4.3,1.1,32.2,12.4
6030422M02Rik,14.0,5.6,20.9,9.5
6030429G01Rik,105.4,98.7,115.9,156.9
6030440G07Rik,0.0,0.0,0.9,0.0
6030446N20Rik,350.7,332.0,332.8,291.0
6030458C11Rik,698.2,716.7,755.4,765.7
6030466F02Rik,0.0,0.0,1.7,1.9
6030468B19Rik,1.1,0.0,3.5,4.8
6030498E09Rik,0.0,0.0,0.0,0.0
6230400D17Rik,46.3,53.8,36.6,35.2
6230409E13Rik,2.2,2.3,118.5,56.1
6230427J02Rik,17.2,15.7,428.7,433.7
6330403A02Rik,569.1,555.2,13.9,16.2
6330403K07Rik,5.4,6.7,21.8,9.5
6330406I15Rik,0.0,2.3,156.0,37.1
6330407A03Rik,71.0,68.4,149.0,144.6
6330407J23Rik,2.2,0.0,1.7,5.7
6330408A02Rik,30.1,24.7,56.6,44.7
6330409D20Rik,32.3,29.2,11.3,30.4
6330409N04Rik,707.9,649.4,384.3,354.8
6330410L21Rik,2.2,2.3,4.3,8.6
6330415B21Rik,0.0,0.0,1.7,0.0
6330416G13Rik,3695.4,3946.8,1019.5,980.6
6330418K02Rik,68.9,60.6,54.9,46.6
6330439K17Rik,20.4,14.6,19.2,21.9
6330503K22Rik,338.9,345.5,334.6,285.3
6330512M04Rik,4.3,5.6,3.5,14.3
6330527O06Rik,0.0,1.1,3.5,3.8
6330545A04Rik,9.7,12.3,11.3,16.2
6330549D23Rik,203.3,216.5,227.4,224.5
6330578E17Rik,4524.8,4309.1,3138.6,2873.4
6430411K18Rik,1.1,0.0,1.7,3.8
6430527G18Rik,662.7,587.7,462.7,517.4
6430531B16Rik,4.3,9.0,34.8,39.0
6430548G04,0.0,0.0,0.0,4.8
6430548M08Rik,2430.2,2306.0,1858.6,1949.9
6430550D23Rik,16.1,7.9,21.8,20.9
6430562O15Rik,96.8,89.7,68.0,81.8
6430571L13Rik,12.9,0.0,2.6,5.7
6430573F11Rik,0.0,0.0,3.5,5.7
6430584L05,0.0,0.0,1.7,0.0
6430598A04Rik,5.4,13.5,15.7,20.0
6430704M03Rik,2.2,0.0,0.0,0.0
6430706D22Rik,505.6,542.9,584.7,522.2
6530401N04Rik,284.0,321.9,273.6,227.3
6530402F18Rik,271.1,307.3,175.1,204.5
6530411M01Rik,0.0,0.0,0.0,1.9
6530418L21Rik,106.5,88.6,183.8,147.4
6530439I21,1.1,0.0,0.0,0.9
6720401G13Rik,1296.3,1265.1,903.6,954.0
6720456B07Rik,4239.7,4276.6,3457.5,3428.9
6720456H20Rik,1206.0,1194.5,1469.9,1408.7
6720463M24Rik,122.6,107.7,93.2,93.2
6720468P15Rik,4.3,7.9,0.9,0.0
6720483E21Rik,0.0,0.0,0.0,0.0
6720489N17Rik,103.3,75.2,112.4,84.6
6820408C15Rik,0.0,1.1,0.9,4.8
6820431F20Rik,5419.9,5575.4,7988.5,7619.7
7-Mar,2970.3,2696.3,2587.9,2336.0
7-Sep,6279.4,6093.5,5354.4,4257.4
7420426K07Rik,0.0,0.0,1.7,0.0
7420461P10Rik,0.0,0.0,0.0,0.0
7420700N18Rik,0.0,0.0,1.7,0.0
7420701I03Rik,0.0,0.0,0.0,0.9
7530416G11Rik,3.2,0.0,0.9,0.0
7530420F21Rik,0.0,0.0,3.5,0.0
7630403G23Rik,0.0,0.0,0.9,1.9
8-Mar,4416.1,4541.3,2944.3,2834.4
8-Sep,3131.6,3224.5,3097.6,2812.6
8030411F24Rik,0.0,0.0,0.0,0.0
8030423F21Rik,0.0,0.0,2.6,1.9
8030423J24Rik,0.0,0.0,0.0,0.9
8030442B05Rik,0.0,0.0,0.0,4.8
8030443G20Rik,0.0,0.0,0.9,1.9
8030462N17Rik,851.0,861.4,815.6,789.5
8430403D17Rik,7.5,19.1,20.9,8.6
8430406I07Rik,502.4,457.6,351.1,388.1
8430408G22Rik,40.9,66.2,269.2,314.8
8430410A17Rik,174.3,167.1,283.2,268.2
8430410K20Rik,1568.5,1665.5,1513.5,1480.0
8430419L09Rik,415.3,324.1,360.7,333.9
8430422H06Rik,1.1,0.0,0.0,0.0
8430423G03Rik,0.0,0.0,0.0,0.0
8430427H17Rik,757.4,808.7,639.6,711.5
8430429K09Rik,87.1,51.6,74.9,80.8
8430431K14Rik,0.0,0.0,3.5,5.7
8430436N08Rik,0.0,0.0,0.0,0.0
8430437L04Rik,0.0,0.0,0.9,3.8
9-Mar,135.6,113.3,23.5,10.5
9-Sep,4231.1,4267.6,2055.5,2116.3
9030025P20Rik,724.0,718.9,2080.8,2160.1
9030204H09Rik,0.0,1.1,0.0,0.0
9030224M15Rik,0.0,0.0,5.2,0.0
9030404E10Rik,2.2,0.0,3.5,2.8
9030418K01Rik,217.3,252.4,150.7,144.6
9030425E11Rik,1670.7,1815.8,161.2,63.7
9030612E09Rik,0.0,0.0,0.0,5.7
9030617O03Rik,647.6,614.6,1247.8,1227.0
9030619P08Rik,0.0,0.0,2.6,2.8
9030624G23Rik,1.1,3.4,1.7,1.9
9030624J02Rik,4173.0,4081.4,3368.6,3472.7
9030625A04Rik,1089.8,1004.9,2741.2,2827.8
9130008F23Rik,6.5,3.4,37.5,26.6
9130011E15Rik,611.1,591.1,657.0,741.9
9130011J15Rik,1882.6,1913.4,1786.2,1470.5
9130014G24Rik,5.4,7.9,13.9,10.5
9130015A21Rik,3.2,13.5,0.0,0.9
9130015L21Rik,0.0,0.0,0.0,0.0
9130017N09Rik,1.1,0.0,6.1,14.3
9130019O22Rik,364.7,375.7,295.4,298.7
9130019P16Rik,42.0,29.2,61.0,71.3
9130023H24Rik,391.6,380.2,494.0,545.0
9130024F11Rik,18.3,32.5,45.3,28.5
9130204L05Rik,0.0,0.0,0.0,0.0
9130206I24Rik,8.6,9.0,55.8,31.4
9130209A04Rik,0.0,0.0,0.9,1.9
9130221F21Rik,0.0,0.0,0.0,1.9
9130221H12Rik,1008.0,797.4,781.6,857.0
9130227L01Rik,0.0,2.3,0.0,3.8
9130230L23Rik,14.0,16.8,2.6,3.8
9130401M01Rik,840.2,841.2,466.2,352.9
9130404H23Rik,0.0,2.3,0.0,0.0
9130409I23Rik,0.0,0.0,0.9,0.0
9230009I02Rik,0.0,0.0,0.0,0.0
9230102K24Rik,0.0,1.1,0.0,0.0
9230102O04Rik,0.0,0.0,0.0,4.8
9230104L09Rik,0.0,0.0,0.9,1.9
9230105E05Rik,0.0,2.3,2.6,1.9
9230110C19Rik,0.0,0.0,22.6,4.8
9230110F15Rik,0.0,0.0,1.7,1.9
9230112D13Rik,0.0,0.0,0.0,0.0
9230112J17Rik,0.0,0.0,1.7,1.9
9230114K14Rik,31.2,35.9,56.6,43.7
9230115E21Rik,2.2,2.3,6.1,3.8
9230116N13Rik,29.1,30.3,54.9,38.0
9330020H09Rik,74.2,75.2,118.5,143.6
9330111N05Rik,0.0,0.0,0.0,0.0
9330117O12,0.0,0.0,0.9,0.9
9330133O14Rik,436.8,376.9,217.8,234.9
9330151L19Rik,342.1,360.0,330.2,309.1
9330158H04Rik,0.0,1.1,2.6,1.9
9330159F19Rik,1.1,1.1,2.6,3.8
9330159M07Rik,50.6,51.6,60.1,42.8
9330162B11Rik,2.2,0.0,0.0,3.8
9330175E14Rik,37.7,21.3,36.6,54.2
9330175M20Rik,0.0,0.0,1.7,3.8
9330178D15Rik,0.0,0.0,2.6,1.9
9330179D12Rik,4.3,5.6,7.0,4.8
9330182L06Rik,29.1,20.2,16.5,20.0
9330182O14Rik,38.7,40.4,0.0,3.8
9430007A20Rik,0.0,0.0,0.0,1.9
9430008C03Rik,222.7,259.1,278.8,205.4
9430014N10Rik,0.0,0.0,0.9,3.8
9430015G10Rik,198.0,215.4,298.9,239.7
9430016H08Rik,252.8,297.2,359.0,249.2
9430018G01Rik,16.1,22.4,32.2,33.3
9430019J16Rik,0.0,0.0,0.0,0.0
9430020K01Rik,303.4,316.3,293.6,142.7
9430021M05Rik,0.0,0.0,0.0,0.0
9430023L20Rik,648.7,714.5,606.4,807.5
9430031J16Rik,2.2,2.3,2.6,1.9
9430032N09Rik,0.0,2.3,3.5,5.7
9430037G07Rik,39.8,44.9,47.0,59.9
9430038I01Rik,287.2,339.8,242.2,243.5
9430041J12Rik,0.0,0.0,0.0,3.8
9430060I03Rik,47.3,61.7,66.2,47.6
9430069I07Rik,3.2,7.9,2.6,4.8
9430076C15Rik,120.5,129.0,13.1,9.5
9430076G02Rik,0.0,2.3,0.0,3.8
9430083A17Rik,18.3,22.4,29.6,44.7
9430091E24Rik,161.4,121.1,170.8,216.9
9530002B09Rik,0.0,0.0,0.9,1.9
9530003J23Rik,1.1,0.0,0.0,4.8
9530008L14Rik,2.2,0.0,1.7,2.8
9530026F06Rik,0.0,0.0,1.7,0.0
9530026P05Rik,0.0,0.0,0.0,0.0
9530027J09Rik,306.6,323.0,263.1,260.6
9530036O11Rik,2.2,0.0,0.0,1.9
9530048J24Rik,0.0,1.1,1.7,3.8
9530051G07Rik,0.0,0.0,0.0,0.9
9530052E02Rik,34.4,22.4,22.6,28.5
9530053A07Rik,7.5,3.4,11.3,19.0
9530059O14Rik,60.3,51.6,3.5,2.8
9530068E07Rik,4983.1,4988.8,4070.9,3647.7
9530077C05Rik,4.3,7.9,9.6,5.7
9530080O11Rik,12.9,6.7,1.7,0.9
9530082P21Rik,258.2,249.0,198.7,233.0
9530091C08Rik,2.2,2.3,6.1,7.6
9630013A20Rik,2.2,0.0,0.0,0.0
9630028B13Rik,10.8,14.6,10.4,18.1
9630028H03Rik,0.0,0.0,0.9,3.8
9630033F20Rik,636.9,595.6,181.2,189.3
9830001H06Rik,1559.9,1593.8,2001.5,2075.4
9830107B12Rik,19.4,12.3,29.6,11.4
9830132P13,0.0,2.3,2.6,4.8
9830147E19Rik,124.8,159.3,105.4,135.1
9830166K06Rik,0.0,0.0,12.2,8.6
9930005F22Rik,2.2,4.5,7.0,3.8
9930012K11Rik,43.0,40.4,115.9,130.3
9930013L23Rik,0.0,4.5,1477.8,487.9
9930014A18Rik,458.3,458.7,410.4,494.6
9930021D14Rik,120.5,127.9,112.4,122.7
9930021J03Rik,1577.1,1444.6,1530.1,1606.5
9930023K05Rik,0.0,2.3,2.6,6.7
9930104L06Rik,159.2,180.6,191.7,180.7
9930111J21Rik1,3219.9,3064.1,5114.8,5645.1
9930111J21Rik2,4197.8,3803.3,6055.8,6472.6
A030009H04Rik,77.5,70.7,110.6,106.5
A130010J15Rik,321.7,342.1,372.9,312.0
A130022J15Rik,350.7,357.8,601.2,529.8
A130040M12Rik,164.6,183.9,149.9,80.8
A130049A11Rik,444.3,410.5,508.9,377.6
A130077B15Rik,48.4,71.8,153.3,152.2
A1bg,0.0,0.0,1.7,4.8
A1cf,5.4,6.7,0.9,5.7
A230001M10Rik,0.0,0.0,0.0,3.8
A230020J21Rik,919.8,970.2,319.8,343.4
A230028O05Rik,59.2,50.5,28.7,23.8
A230046K03Rik,1480.3,1624.0,2383.1,2226.7
A230050P20Rik,176.4,196.3,249.2,325.3
A230051G13Rik,345.3,279.3,218.7,231.1
A230056J06Rik,1.1,0.0,2.6,2.8
A230056P14Rik,160.3,167.1,105.4,104.6
A230057D06Rik,0.0,0.0,0.0,0.9
A230065H16Rik,0.0,0.0,2.6,0.0
A230070E04Rik,0.0,0.0,0.0,0.9
A230072C01Rik,43.0,35.9,42.7,48.5
A230072E10Rik,7.5,5.6,0.9,4.8
A230073K19Rik,734.8,681.9,811.2,748.6
A230077H06Rik,0.0,0.0,0.0,1.9
A230108P19Rik,1.1,2.3,0.9,1.9
A2ld1,69.9,49.4,173.4,224.5
A2m,0.0,0.0,0.9,4.8
A330009N23Rik,0.0,1.1,5.2,1.9
A330021E22Rik,0.0,0.0,9.6,9.5
A330023F24Rik,345.3,307.3,306.7,294.9
A330032B11Rik,7.5,15.7,20.0,25.7
A330035P11Rik,38.7,41.5,46.2,46.6
A330040F15Rik,20.4,26.9,29.6,37.1
A330041J22Rik,1.1,2.3,6.1,2.8
A330048O09Rik,0.0,0.0,0.0,0.0
A330049M08Rik,1.1,2.3,0.0,4.8
A330049N07Rik,0.0,0.0,1.7,1.9
A330050B17Rik,36.6,58.3,57.5,67.5
A330050F15Rik,0.0,0.0,0.9,3.8
A330069E16Rik,14.0,19.1,24.4,9.5
A330070K13Rik,0.0,0.0,0.0,1.9
A330076C08Rik,0.0,0.0,2.6,0.9
A330076H08Rik,0.0,0.0,4.3,1.9
A330093E20Rik,4.3,0.0,0.0,0.9
A330102I10Rik,0.0,0.0,0.0,1.9
A3galt2,4.3,2.3,5.2,8.6
A430005L14Rik,370.1,387.0,367.7,279.6
A430033K04Rik,170.0,199.6,184.7,174.1
A430035B10Rik,40.9,28.0,34.0,27.6
A430071A18Rik,44.1,33.7,32.2,44.7
A430078G23Rik,280.8,306.2,57.5,70.4
A430084P05Rik,194.7,207.5,29.6,36.1
A430088P11Rik,44.1,26.9,66.2,117.9
A430089I19Rik,0.0,0.0,0.0,2.8
A430089I19Rik,0.0,0.0,0.0,1.9
A430089I19Rik,0.0,0.0,0.0,2.8
A430089I19Rik,0.0,0.0,0.0,1.9
A430089I19Rik,0.0,0.0,0.0,2.8
A430089I19Rik,0.0,0.0,0.0,1.9
A430089I19Rik,0.0,0.0,0.0,2.8
A430089I19Rik,0.0,0.0,0.0,1.9
A430089I19Rik,0.0,0.0,0.0,2.8
A430089I19Rik,0.0,0.0,0.0,1.9
A430089I19Rik,0.0,0.0,0.0,2.8
A430089I19Rik,0.0,0.0,0.0,1.9
A430089I19Rik,0.0,0.0,0.0,2.8
A430089I19Rik,0.0,0.0,0.0,1.9
A430089I19Rik,0.0,0.0,0.0,2.8
A430089I19Rik,0.0,0.0,0.0,1.9
A430090L17Rik,12.9,7.9,2.6,4.8
A430092G05Rik,44.1,44.9,74.1,81.8
A430093F15Rik,9.7,0.0,3.5,1.9
A430105I19Rik,4.3,2.3,110.6,65.6
A430107O13Rik,452.9,338.7,120.2,74.2
A430107P09Rik,0.0,0.0,0.0,0.9
A430110N23Rik,6.5,10.1,27.0,16.2
A4galt,12.9,7.9,86.3,55.2
A4gnt,1.1,1.1,1.7,0.0
A530006G24Rik,0.0,0.0,1.7,1.9
A530013C23Rik,59.2,50.5,27.9,36.1
A530016L24Rik,0.0,0.0,2.6,1.9
A530032D15Rik,64.6,65.1,112.4,94.2
A530046M15,3.2,1.1,0.9,1.9
A530050N04Rik,0.0,2.3,0.0,2.8
A530053G22Rik,0.0,0.0,0.0,0.9
A530054K11Rik,1144.7,989.2,1326.2,1275.5
A530058N18Rik,0.0,0.0,1.7,1.9
A530064D06Rik,45.2,47.1,339.8,255.9
A530065N20,0.0,0.0,4.3,2.8
A530072M11Rik,20.4,10.1,14.8,14.3
A530088E08Rik,334.6,324.1,157.7,241.6
A530098C11Rik,26.9,24.7,42.7,48.5
A530099J19Rik,12.9,7.9,5.2,4.8
A630001G21Rik,398.1,411.6,591.6,592.6
A630007B06Rik,627.2,643.8,542.0,489.8
A630010A05Rik,2.2,0.0,0.0,0.0
A630012P03Rik,0.0,0.0,0.0,1.9
A630019I02Rik,0.0,0.0,10.4,10.5
A630020A06,0.0,0.0,3.5,6.7
A630023A22Rik,0.0,0.0,0.0,3.8
A630033H20Rik,1555.6,1387.4,382.5,384.3
A630055G03Rik,23.7,11.2,8.7,24.7
A630066F11Rik,80.7,81.9,84.5,84.6
A630072M18Rik,329.2,342.1,485.3,516.5
A630073D07Rik,0.0,0.0,0.0,0.0
A630075F10Rik,0.0,0.0,0.9,1.9
A630076J17Rik,0.0,0.0,4.3,0.0
A630077J23Rik,0.0,0.0,0.9,0.0
A630089N07Rik,46.3,31.4,32.2,27.6
A630095E13Rik,0.0,0.0,0.0,0.0
A630095N17Rik,0.0,2.3,0.0,0.9
A730008H23Rik,369.0,399.3,379.0,375.7
A730011L01Rik,334.6,271.4,387.7,385.2
A730015I17,0.0,0.0,0.9,1.9
A730017C20Rik,0.0,0.0,0.0,1.9
A730017L22Rik,88.2,104.3,111.5,102.7
A730018C14Rik,0.0,0.0,2.6,0.0
A730020E08Rik,2.2,3.4,1.7,2.8
A730020M07Rik,6.5,0.0,5.2,0.9
A730036I17Rik,0.0,0.0,0.0,0.0
A730037C10Rik,0.0,0.0,0.9,0.9
A730043L09,0.0,0.0,0.9,0.9
A730046J19Rik,3.2,0.0,1.7,1.9
A730056A06Rik,0.0,0.0,0.0,3.8
A730082K24Rik,0.0,0.0,1.7,0.0
A730085A09Rik,0.0,0.0,1.7,1.9
A730085K08Rik,7.5,12.3,2.6,6.7
A730090H04Rik,0.0,0.0,3.5,5.7
A730090N16Rik,4.3,0.0,3.5,2.8
A730098P11Rik,8437.5,8387.1,8906.0,8477.7
A830007P12Rik,3189.7,3271.6,3933.2,4581.7
A830009L08Rik,6.5,6.7,7.0,12.4
A830010M20Rik,271.1,302.8,173.4,150.3
A830018L16Rik,0.0,0.0,2.6,7.6
A830019L24Rik,1.1,0.0,3.5,2.8
A830052D11Rik,2.2,10.1,38.3,41.8
A830060N17,0.0,0.0,0.0,1.9
A830080D01Rik,220.5,186.2,279.7,247.3
A830082K12Rik,0.0,0.0,2.6,4.8
A830082N09Rik,88.2,76.3,164.7,107.5
A830093I24Rik,0.0,5.6,9.6,1.9
A930001A20Rik,0.0,0.0,0.0,1.9
A930001C03Rik,1.1,2.3,9.6,14.3
A930001N09Rik,4241.9,4011.9,5562.7,5555.7
A930003A15Rik,0.0,0.0,5.2,2.8
A930003O13Rik,0.0,0.0,0.0,0.0
A930004D18Rik,32.3,44.9,30.5,23.8
A930005H10Rik,101.1,59.5,117.6,140.8
A930005I04Rik,29.1,46.0,21.8,40.9
A930006I01Rik,1.1,0.0,0.0,0.0
A930007I19Rik,33.4,42.6,22.6,45.7
A930009A15Rik,0.0,0.0,0.0,0.0
A930011G23Rik,0.0,0.0,0.9,5.7
A930011O12Rik,0.0,0.0,4.3,1.9
A930012L18Rik,0.0,0.0,20.0,5.7
A930013F10Rik,47.3,39.3,140.3,137.0
A930015D03Rik,129.1,104.3,88.9,98.0
A930017M01Rik,0.0,0.0,0.0,0.0
A930018P22Rik,0.0,0.0,0.0,2.8
A930019D19Rik,8.6,14.6,5.2,4.8
A930024E05Rik,25.8,31.4,52.3,61.8
A930038C07Rik,21.5,21.3,109.8,53.3
A930041C12Rik,6.5,4.5,2.6,19.0
AA387883,0.0,2.3,2.6,1.9
AA388235,1.1,0.0,3.5,3.8
AA415398,64.6,68.4,34.8,53.3
AA465934,29.1,30.3,25.3,23.8
AA467197,3148.9,3023.8,21.8,37.1
AA474331,137.7,96.5,97.6,93.2
AA536875,0.0,0.0,1.7,2.8
AA543186,12.9,14.6,12.2,18.1
AA545190,0.0,0.0,0.9,0.0
AA619741,0.0,0.0,2.6,7.6
AA792892,0.0,0.0,0.0,2.8
AA960436,1353.4,1102.5,810.3,941.6
AA986860,15.1,30.3,28.7,39.9
AA987161,786.4,767.2,1070.9,1049.1
AB099516,18.3,25.8,7.8,19.0
AB124611,1146.8,1048.7,1981.4,2318.9
AF067063,0.0,0.0,2.6,1.9
AF251705,6133.1,5836.7,5707.3,5745.0
AF357355,0.0,0.0,0.0,0.0
AF357359,0.0,0.0,0.0,0.0
AF357425,0.0,0.0,0.0,0.0
AF357426,0.0,0.0,0.0,0.0
AF366264,0.0,0.0,1.7,1.9
AF529169,10.8,4.5,0.0,7.6
AI115009,0.0,0.0,7.0,6.7
AI118078,1.1,3.4,13.1,4.8
AI182371,2.2,11.2,12.2,6.7
AI197445,0.0,0.0,1.7,11.4
AI314180,6005.1,6009.4,5167.1,4486.6
AI314831,0.0,0.0,0.0,9.5
AI314976,294.8,312.9,303.2,273.0
AI316807,239.9,244.5,401.7,309.1
AI317395,7.5,2.3,0.0,9.5
AI413582,1151.1,1035.2,762.4,871.3
AI414108,0.0,0.0,4.3,7.6
AI427809,23.7,32.5,7.0,10.5
AI428936,2.2,5.6,5.2,9.5
AI429214,42.0,66.2,45.3,36.1
AI450353,74.2,76.3,70.6,82.7
AI462493,646.6,678.6,443.5,502.2
AI463170,1.1,0.0,2.6,8.6
AI464131,26.9,19.1,53.1,22.8
AI467606,1257.6,1284.2,629.1,732.4
AI480653,527.1,486.8,706.7,592.6
AI504432,2415.2,2528.0,347.7,300.6
AI506816,4.3,5.6,13.1,9.5
AI507597,244.2,241.1,30.5,20.0
AI593442,4.3,0.0,12.2,3.8
AI597468,634.7,669.6,750.2,441.3
AI597479,862.8,764.9,778.1,723.8
AI606473,3.2,0.0,5.2,5.7
AI607873,6110.5,4839.6,12658.0,14873.2
AI646023,2.2,2.3,6.1,19.0
AI646519,0.0,0.0,0.0,1.9
AI661453,9.7,3.4,5.2,5.7
AI662270,2874.5,2846.6,1998.0,2035.5
AI747448,0.0,0.0,2.6,4.8
AI836003,2.2,2.3,3.5,1.9
AI837181,705.7,669.6,777.2,823.7
AI846148,326.0,339.8,377.3,350.0
AI847159,1.1,5.6,0.0,4.8
AI848100,1861.1,1794.5,2074.7,1792.9
AI848285,7.5,5.6,7.8,4.8
AI854517,24.7,26.9,0.0,5.7
AI854703,3.2,2.3,3.5,11.4
AI987944,740.2,659.5,739.8,617.3
AK010878,122.6,194.0,141.1,148.4
AK129341,4.3,4.5,40.9,18.1
AU015228,0.0,1.1,1.7,5.7
AU015836,0.0,0.0,0.0,3.8
AU016765,0.0,0.0,0.0,0.0
AU018091,2.2,0.0,0.9,0.0
AU018829,0.0,0.0,13.1,9.5
AU018829,0.0,0.0,13.1,7.6
AU018829,0.0,0.0,13.1,3.8
AU018829,0.0,0.0,8.7,9.5
AU018829,0.0,0.0,8.7,7.6
AU018829,0.0,0.0,8.7,3.8
AU018829,0.0,0.0,4.3,9.5
AU018829,0.0,0.0,4.3,7.6
AU018829,0.0,0.0,4.3,3.8
AU018829,0.0,0.0,13.1,9.5
AU018829,0.0,0.0,13.1,7.6
AU018829,0.0,0.0,13.1,3.8
AU018829,0.0,0.0,8.7,9.5
AU018829,0.0,0.0,8.7,7.6
AU018829,0.0,0.0,8.7,3.8
AU018829,0.0,0.0,4.3,9.5
AU018829,0.0,0.0,4.3,7.6
AU018829,0.0,0.0,4.3,3.8
AU018829,0.0,0.0,13.1,9.5
AU018829,0.0,0.0,13.1,7.6
AU018829,0.0,0.0,13.1,3.8
AU018829,0.0,0.0,8.7,9.5
AU018829,0.0,0.0,8.7,7.6
AU018829,0.0,0.0,8.7,3.8
AU018829,0.0,0.0,4.3,9.5
AU018829,0.0,0.0,4.3,7.6
AU018829,0.0,0.0,4.3,3.8
AU018829,0.0,0.0,13.1,9.5
AU018829,0.0,0.0,13.1,7.6
AU018829,0.0,0.0,13.1,3.8
AU018829,0.0,0.0,8.7,9.5
AU018829,0.0,0.0,8.7,7.6
AU018829,0.0,0.0,8.7,3.8
AU018829,0.0,0.0,4.3,9.5
AU018829,0.0,0.0,4.3,7.6
AU018829,0.0,0.0,4.3,3.8
AU018829,0.0,0.0,13.1,9.5
AU018829,0.0,0.0,13.1,7.6
AU018829,0.0,0.0,13.1,3.8
AU018829,0.0,0.0,8.7,9.5
AU018829,0.0,0.0,8.7,7.6
AU018829,0.0,0.0,8.7,3.8
AU018829,0.0,0.0,4.3,9.5
AU018829,0.0,0.0,4.3,7.6
AU018829,0.0,0.0,4.3,3.8
AU018829,0.0,0.0,13.1,9.5
AU018829,0.0,0.0,13.1,7.6
AU018829,0.0,0.0,13.1,3.8
AU018829,0.0,0.0,8.7,9.5
AU018829,0.0,0.0,8.7,7.6
AU018829,0.0,0.0,8.7,3.8
AU018829,0.0,0.0,4.3,9.5
AU018829,0.0,0.0,4.3,7.6
AU018829,0.0,0.0,4.3,3.8
AU018829,0.0,0.0,13.1,9.5
AU018829,0.0,0.0,13.1,7.6
AU018829,0.0,0.0,13.1,3.8
AU018829,0.0,0.0,8.7,9.5
AU018829,0.0,0.0,8.7,7.6
AU018829,0.0,0.0,8.7,3.8
AU018829,0.0,0.0,4.3,9.5
AU018829,0.0,0.0,4.3,7.6
AU018829,0.0,0.0,4.3,3.8
AU018829,0.0,0.0,13.1,9.5
AU018829,0.0,0.0,13.1,7.6
AU018829,0.0,0.0,13.1,3.8
AU018829,0.0,0.0,8.7,9.5
AU018829,0.0,0.0,8.7,7.6
AU018829,0.0,0.0,8.7,3.8
AU018829,0.0,0.0,4.3,9.5
AU018829,0.0,0.0,4.3,7.6
AU018829,0.0,0.0,4.3,3.8
AU018829,0.0,0.0,13.1,9.5
AU018829,0.0,0.0,13.1,7.6
AU018829,0.0,0.0,13.1,3.8
AU018829,0.0,0.0,8.7,9.5
AU018829,0.0,0.0,8.7,7.6
AU018829,0.0,0.0,8.7,3.8
AU018829,0.0,0.0,4.3,9.5
AU018829,0.0,0.0,4.3,7.6
AU018829,0.0,0.0,4.3,3.8
AU019823,802.5,906.2,776.4,741.9
AU019990,23.7,29.2,12.2,8.6
AU021034,0.0,0.0,1.7,3.8
AU021063,0.0,0.0,0.9,0.9
AU021092,11.8,15.7,12.2,2.8
AU022252,217.3,207.5,156.0,166.4
AU022751,0.0,0.0,0.0,0.0
AU022754,1.1,0.0,4.3,0.9
AU022793,2769.1,2839.8,118.5,149.3
AU023762,0.0,0.0,0.0,0.9
AU023871,0.0,0.0,1.7,7.6
AU040320,1393.2,1469.3,1410.7,1482.8
AU040972,25.8,29.2,24.4,20.0
AU041133,140.9,118.9,99.3,113.2
AV039307,89.3,79.6,69.7,65.6
AV051173,154.9,151.4,130.7,156.0
AV320801,0.0,0.0,5.2,9.5
AW011738,37.7,31.4,62.7,93.2
AW046200,39.8,31.4,25.3,37.1
AW112010,460.4,464.3,145.5,201.6
AW146020,370.1,371.3,419.1,391.9
AW146154,236.7,243.4,283.2,207.3
AW209491,321.7,275.9,261.4,285.3
AW495222,0.0,0.0,3.5,0.0
AW549542,0.0,0.0,0.9,0.0
AW549877,3786.8,3856.0,5074.7,4791.9
AW551984,3.2,0.0,0.9,4.8
AW554918,281.9,241.1,467.9,442.3
AW555464,405.6,382.5,561.1,384.3
AY074887,8.6,7.9,13.9,8.6
AY358078,65.6,98.7,76.7,67.5
AY512915,0.0,2.3,1.7,1.9
AY512931,0.0,2.3,5.2,10.5
AY761184,0.0,0.0,0.0,0.0
AY761185,0.0,0.0,0.0,0.0
AY761185,0.0,0.0,0.0,0.0
AY761185,0.0,0.0,0.0,0.0
AY761185,0.0,0.0,0.0,0.0
AY761185,0.0,0.0,0.0,0.0
AY761185,0.0,0.0,0.0,0.0
AY761185,0.0,0.0,0.0,0.0
AY761185,0.0,0.0,0.0,0.0
AY761185,0.0,0.0,0.0,0.0
AY761185,0.0,0.0,0.0,0.0
AY761185,0.0,0.0,0.0,0.0
AY761185,0.0,0.0,0.0,0.0
AY761185,0.0,0.0,0.0,0.0
AY761185,0.0,0.0,0.0,0.0
AY761185,0.0,0.0,0.0,0.0
AY761185,0.0,0.0,0.0,0.0
Aaas,234.5,295.0,452.2,342.4
Aacs,2589.4,2442.8,1112.7,1149.9
Aadac,2.2,0.0,1.7,0.0
Aadacl2,0.0,0.0,1.7,0.0
Aadacl3,0.0,0.0,1.7,0.0
Aadat,0.0,0.0,0.9,1.9
Aagab,1400.7,1547.8,2606.2,2778.3
Aak1,3508.2,3386.0,2962.6,3026.6
Aamp,3229.5,3438.8,3048.8,3250.1
Aanat,17.2,19.1,10.4,18.1
Aard,0.0,0.0,1.7,1.9
Aars,5529.6,5825.5,3052.3,2428.3
Aars2,261.4,299.5,245.7,261.6
Aarsd1,334.6,341.0,269.2,269.2
Aasdh,250.7,265.8,271.8,285.3
Aasdhppt,250.7,234.4,283.2,260.6
Aass,0.0,0.0,1.7,0.9
Aatf,222.7,222.1,215.2,229.2
Aatk,1367.3,1321.2,1011.6,1299.3
Abat,10.8,7.9,27.0,11.4
Abca1,11553.0,11848.3,22858.9,22772.6
Abca12,0.0,4.5,3.5,10.5
Abca13,80.7,89.7,210.0,197.8
Abca14,0.0,2.3,7.0,10.5
Abca15,1.1,0.0,0.9,3.8
Abca16,0.0,0.0,0.9,3.8
Abca17,3.2,3.4,7.0,13.3
Abca2,557.3,597.8,636.1,768.5
Abca3,7932.9,7332.9,5310.8,6433.6
Abca4,0.0,3.4,6.1,6.7
Abca5,295.9,287.1,150.7,88.5
Abca6,35.5,32.5,717.1,557.4
Abca7,1389.9,1357.1,963.7,1176.6
Abca8a,4.3,7.9,5.2,12.4
Abca8b,86.1,104.3,54.9,64.7
Abca9,351.8,353.3,15209.3,11656.4
Abcb10,839.1,856.9,616.0,564.0
Abcb11,2.2,2.3,4.3,5.7
Abcb1a,263.6,265.8,97.6,193.1
Abcb1b,309.8,362.3,1209.4,1389.6
Abcb4,47.3,31.4,540.2,676.3
Abcb5,0.0,0.0,2.6,4.8
Abcb6,300.2,259.1,426.1,420.4
Abcb7,3376.9,3346.8,3228.3,3231.1
Abcb8,1464.2,1461.4,935.8,1116.7
Abcb9,16.1,23.6,22.6,51.4
Abcc1,3399.5,3405.1,8028.6,8137.1
Abcc10,192.6,167.1,220.4,262.5
Abcc12,2.2,0.0,2.6,11.4
Abcc2,8.6,1.1,7.8,13.3
Abcc3,660.5,624.7,4569.3,5452.0
Abcc4,674.5,641.6,830.4,827.5
Abcc5,8937.7,8700.1,3129.9,3579.2
Abcc6,4.3,0.0,1.7,6.7
Abcc8,15.1,14.6,1.7,2.8
Abcc9,1.1,0.0,3.5,8.6
Abcd1,2940.2,2996.9,3108.9,3778.0
Abcd2,2479.7,2485.4,1709.6,1830.0
Abcd3,282.9,320.8,305.0,299.6
Abcd4,247.4,272.6,250.1,284.4
Abce1,2627.1,2621.1,2495.5,1873.8
Abcf1,2566.9,2412.5,2396.2,2365.5
Abcf2,2151.6,2219.6,1922.2,1884.2
Abcf3,1587.9,1582.6,1369.7,1399.1
Abcg1,27318.8,27241.9,4524.0,5115.3
Abcg2,526.1,507.0,519.3,429.9
Abcg3,117.3,86.4,272.7,176.0
Abcg4,24.7,29.2,6.1,6.7
Abcg5,0.0,3.4,1.7,1.9
Abcg8,7.5,1.1,2.6,10.5
Abhd1,231.3,215.4,224.8,279.6
Abhd10,377.6,382.5,280.6,260.6
Abhd11,386.2,409.4,242.2,232.1
Abhd12,4854.0,4791.4,11322.3,12502.0
Abhd12b,1.1,3.4,1.7,4.8
Abhd13,1512.6,1571.3,1242.5,1076.7
Abhd14a,205.5,158.2,127.2,84.6
Abhd14b,412.0,438.5,316.3,305.3
Abhd15,264.7,251.2,1435.1,1559.9
Abhd16a,1476.0,1532.1,1419.4,1484.8
Abhd16b,6.5,5.6,8.7,9.5
Abhd2,1381.3,1296.5,832.1,895.0
Abhd3,117.3,120.0,21.8,36.1
Abhd4,1266.2,1326.8,1416.8,1399.1
Abhd5,3179.0,3197.6,982.9,902.6
Abhd6,12.9,21.3,23.5,27.6
Abhd8,397.0,413.9,277.9,391.9
Abi1,6121.3,5549.6,6488.0,6618.1
Abi2,1101.6,1182.1,1412.4,1184.2
Abi3,1521.2,1479.4,1266.9,1815.8
Abi3bp,40.9,22.4,44.4,47.6
Abl1,2378.6,2411.4,4456.9,4984.1
Abl2,2615.3,2677.2,1962.3,1800.5
Ablim1,61.3,55.0,35.7,22.8
Ablim2,52.7,60.6,13.9,34.2
Ablim3,0.0,0.0,9.6,7.6
Abo,0.0,0.0,0.0,2.8
Abp1,0.0,6.7,0.9,5.7
Abpa,0.0,0.0,0.0,2.8
Abpb,0.0,0.0,0.0,0.0
Abpd,0.0,0.0,0.0,1.9
Abpe,0.0,0.0,0.0,0.0
Abpg,0.0,0.0,0.0,0.0
Abph,0.0,0.0,1.7,0.0
Abpz,0.0,0.0,0.9,1.9
Abr,11181.8,10847.9,6489.8,7460.9
Abra,6.5,9.0,20.0,23.8
Abt1,426.0,475.6,445.2,379.5
Abtb1,1060.7,1118.2,1096.1,1428.6
Abtb2,190.4,151.4,78.4,59.0
Acaa1a,3382.3,3645.1,1789.7,1895.7
Acaa1b,755.2,762.7,333.7,341.5
Acaa2,1268.4,1227.0,746.7,877.9
Acaca,1707.3,1491.7,614.3,527.9
Acacb,51.6,60.6,26.1,63.7
Acad10,573.4,616.9,352.0,487.0
Acad11,815.5,844.6,608.2,603.0
Acad12,107.6,108.8,96.7,122.7
Acad8,649.8,683.0,637.8,579.3
Acad9,826.2,911.8,752.0,666.8
Acadl,670.2,777.3,617.8,512.7
Acadm,1478.1,1551.1,1422.9,1305.0
Acads,1017.7,1013.9,839.1,959.7
Acadsb,1946.1,2024.5,1398.5,1268.8
Acadvl,1977.3,2178.1,1853.3,1917.5
Acan,0.0,0.0,15.7,6.7
Acap1,908.0,1017.3,122.0,121.7
Acap2,5440.3,5446.4,6747.7,6132.1
Acap3,753.1,670.7,620.4,683.9
Acat1,1352.3,1363.8,1862.9,1865.2
Acat2,1145.7,1170.9,386.9,358.6
Acat3,1170.5,1238.2,955.9,854.1
Acbd3,3293.0,3210.0,2099.1,1910.9
Acbd4,123.7,92.0,115.9,117.0
Acbd5,2294.7,2269.0,2382.2,2235.2
Acbd6,331.4,380.2,380.8,441.3
Acbd7,0.0,0.0,0.0,0.9
Accn1,1.1,0.0,0.9,5.7
Accn2,67.8,32.5,71.4,73.2
Accn3,10.8,4.5,20.0,14.3
Accn4,1.1,5.6,4.3,3.8
Accn5,0.0,0.0,3.5,1.9
Accs,206.6,217.6,281.4,274.9
Accsl,0.0,0.0,4.3,6.7
Acd,681.0,768.3,355.5,399.5
Ace,827.3,817.6,10.4,30.4
Ace2,4.3,0.0,0.0,4.8
Ace3,0.0,0.0,0.0,2.8
Acer1,0.0,0.0,1.7,6.7
Acer2,14.0,10.1,29.6,27.6
Acer3,1741.7,1631.9,2111.3,2028.8
Ache,10.8,7.9,30.5,16.2
Acin1,2550.7,2559.4,2891.1,3350.0
Acly,10829.0,10763.8,5990.5,5901.9
Acmsd,0.0,7.9,3.5,2.8
Acn9,24.7,24.7,19.2,20.0
Acnat1,0.0,0.0,0.0,2.8
Acnat2,0.0,0.0,0.0,0.0
Aco1,3487.7,3424.2,2261.1,2147.7
Aco2,4923.9,4720.7,3006.1,2925.8
Acot1,73.2,67.3,135.9,142.7
Acot10,801.5,764.9,583.8,494.6
Acot11,755.2,684.2,347.7,341.5
Acot12,0.0,0.0,4.3,4.8
Acot13,1058.6,924.2,595.1,717.2
Acot2,278.6,312.9,528.0,492.7
Acot3,2.2,1.1,0.9,1.9
Acot4,10.8,0.0,7.8,5.7
Acot5,3.2,3.4,4.3,4.8
Acot6,38.7,30.3,19.2,11.4
Acot7,564.8,530.5,551.6,516.5
Acot8,389.4,459.9,314.5,337.7
Acot9,558.3,518.2,394.7,307.2
Acox1,5439.2,5251.2,2989.6,2849.7
Acox2,1.1,1.1,2.6,10.5
Acox3,6622.6,6481.6,2102.5,2491.1
Acoxl,9.7,4.5,1.7,4.8
Acp1,178.6,203.0,200.4,172.2
Acp2,3712.6,3819.0,5240.3,5529.1
Acp5,7648.9,7304.8,319.8,404.2
Acp6,370.1,330.9,465.3,480.3
Acpl2,96.8,112.2,233.5,111.3
Acpp,6760.3,6528.7,371.2,295.8
Acpt,45.2,39.3,14.8,7.6
Acr,0.0,0.0,0.9,2.8
Acrbp,103.3,85.2,88.9,128.4
Acrv1,0.0,0.0,0.0,0.0
Acsbg1,9.7,2.3,2.6,9.5
Acsbg2,0.0,0.0,1.7,7.6
Acsf2,78.5,71.8,230.9,275.8
Acsf3,244.2,231.1,217.8,204.5
Acsl1,6891.6,6947.0,1513.5,1474.3
Acsl3,994.0,1003.8,698.8,580.2
Acsl4,12374.9,12376.6,4358.5,3858.8
Acsl5,4705.5,4570.4,3298.0,3139.8
Acsl6,3.2,0.0,14.8,11.4
Acsm1,0.0,0.0,0.9,0.9
Acsm2,0.0,4.5,1.7,12.4
Acsm3,24.7,28.0,30.5,37.1
Acsm4,4.3,3.4,4.3,9.5
Acsm5,0.0,0.0,0.0,3.8
Acss1,831.6,892.8,682.3,755.2
Acss2,416.3,444.2,269.2,274.9
Acss3,2.2,0.0,1.7,4.8
Acta1,3.2,0.0,7.0,2.8
Acta2,86.1,75.2,15144.8,6124.5
Actb,210840.9,207578.6,200003.4,222883.5
Actbl2,0.0,0.0,0.9,1.9
Actc1,0.0,0.0,0.0,0.9
Actg1,32414.8,33564.2,18318.3,18873.8
Actg2,3.2,2.3,1107.5,342.4
Actl6a,482.0,531.6,425.2,431.8
Actl6b,3.2,3.4,0.0,1.9
Actl7a,4.3,7.9,8.7,4.8
Actl7b,0.0,0.0,1.7,3.8
Actl9,0.0,0.0,1.7,0.9
Actn1,2922.9,2750.1,3861.8,2875.3
Actn2,0.0,1.1,4.3,2.8
Actn3,1.1,1.1,10.4,9.5
Actn4,6807.6,6771.0,6072.4,5156.2
Actr10,1504.0,1456.9,1495.2,1215.6
Actr1a,5242.4,5139.1,3938.5,4311.6
Actr1b,2541.0,2541.5,1614.6,1431.5
Actr2,22606.8,22385.5,22060.7,20557.3
Actr3,5241.3,5057.2,6087.2,5570.0
Actr3b,6.5,6.7,27.0,16.2
Actr5,144.2,164.9,192.6,186.4
Actr6,262.5,223.2,291.0,243.5
Actr8,618.6,569.8,622.1,688.6
Actrt1,0.0,0.0,1.7,0.0
Actrt2,2.2,0.0,0.0,0.0
Acvr1,61.3,88.6,198.7,187.4
Acvr1b,774.6,735.8,664.0,765.7
Acvr1c,0.0,0.0,4.3,11.4
Acvr2a,614.3,680.8,982.0,816.1
Acvr2b,25.8,62.8,71.4,98.9
Acvrl1,947.8,1012.8,1279.1,1552.3
Acy1,166.8,166.0,46.2,18.1
Acy3,38.7,30.3,20.0,20.9
Acyp1,150.6,106.6,92.4,90.4
Acyp2,35.5,41.5,31.4,17.1
Ada,22.6,29.2,131.6,122.7
Adad1,0.0,0.0,1.7,1.9
Adad2,0.0,0.0,0.9,6.7
Adal,271.1,266.9,305.0,253.0
Adam10,7713.5,7865.6,6393.9,7182.2
Adam11,3.2,2.3,11.3,10.5
Adam12,14.0,7.9,193.4,97.0
Adam15,1821.3,1880.9,3062.8,3940.6
Adam17,17169.7,17181.4,11898.2,12923.4
Adam18,0.0,0.0,0.9,2.8
Adam19,47.3,52.7,2098.2,1542.8
Adam1a,86.1,77.4,94.1,137.0
Adam1b,33.4,20.2,21.8,47.6
Adam2,0.0,0.0,2.6,6.7
Adam21,0.0,2.3,3.5,11.4
Adam22,64.6,74.0,801.6,715.3
Adam23,89.3,70.7,135.0,39.9
Adam24,2.2,2.3,0.0,0.0
Adam25,0.0,0.0,0.0,0.9
Adam26a,0.0,0.0,0.0,1.9
Adam26b,0.0,0.0,1.7,3.8
Adam28,0.0,0.0,0.0,4.8
Adam29,0.0,0.0,1.7,2.8
Adam3,1.1,0.0,5.2,15.2
Adam30,0.0,0.0,1.7,5.7
Adam32,0.0,11.2,8.7,7.6
Adam33,124.8,116.7,173.4,168.4
Adam34,0.0,0.0,0.0,0.0
Adam39,0.0,2.3,0.0,0.9
Adam4,100.1,80.8,85.4,93.2
Adam5,1.1,0.0,2.6,3.8
Adam6a,2.2,0.0,0.0,0.0
Adam6b,0.0,0.0,1.7,5.7
Adam7,2.2,0.0,1.7,2.8
Adam8,4820.6,4570.4,8007.7,8905.7
Adam9,6310.6,6274.1,6492.4,6233.9
Adamdec1,6.5,2.3,0.9,0.9
Adamts1,95.8,107.7,1137.1,429.0
Adamts10,1185.5,1213.6,840.0,1116.7
Adamts12,0.0,0.0,209.1,75.1
Adamts13,18.3,11.2,11.3,15.2
Adamts14,1.1,0.0,54.9,33.3
Adamts15,6.5,2.3,12.2,4.8
Adamts16,1.1,1.1,1.7,2.8
Adamts17,0.0,0.0,0.9,8.6
Adamts18,0.0,0.0,2.6,9.5
Adamts19,0.0,2.3,0.0,1.9
Adamts2,2.2,0.0,552.4,235.9
Adamts20,0.0,0.0,3.5,14.3
Adamts3,0.0,0.0,7.0,11.4
Adamts4,3.2,7.9,54.9,34.2
Adamts5,0.0,0.0,284.0,119.8
Adamts6,68.9,57.2,245.7,130.3
Adamts7,2.2,4.5,16.5,29.5
Adamts8,2.2,2.3,1.7,2.8
Adamts9,0.0,0.0,17.4,12.4
Adamtsl1,0.0,0.0,21.8,11.4
Adamtsl2,0.0,0.0,0.0,4.8
Adamtsl3,1.1,4.5,74.9,36.1
Adamtsl4,221.6,224.3,172.5,174.1
Adamtsl5,1211.4,1224.8,88.0,44.7
Adap1,2039.7,1985.2,1935.2,2197.2
Adap2,466.9,492.4,3451.4,3555.4
Adar,3089.7,3005.8,3904.5,4616.9
Adarb1,96.8,104.3,114.1,77.0
Adarb2,0.0,1.1,3.5,3.8
Adat1,53.8,50.5,69.7,103.7
Adat2,179.7,148.1,149.9,161.7
Adat3,111.9,97.6,73.2,101.8
Adc,45.2,35.9,92.4,47.6
Adck1,592.8,520.4,477.5,474.6
Adck2,209.8,194.0,284.9,315.8
Adck3,238.8,201.9,256.2,349.1
Adck4,572.3,633.7,447.9,610.6
Adck5,376.5,422.8,569.0,616.3
Adcy1,2.2,2.3,10.4,15.2
Adcy10,0.0,2.3,4.3,6.7
Adcy2,0.0,4.5,65.3,34.2
Adcy3,553.0,504.7,575.9,491.7
Adcy4,17.2,12.3,8.7,11.4
Adcy5,6.5,10.1,47.0,28.5
Adcy6,12.9,13.5,185.6,102.7
Adcy7,10961.3,11299.9,11823.3,13246.7
Adcy8,2.2,0.0,2.6,6.7
Adcy9,858.5,741.4,1536.2,1709.2
Adcyap1,0.0,0.0,0.0,0.9
Adcyap1r1,2.2,1.1,3.5,10.5
Add1,3146.7,3373.7,2973.9,2954.3
Add2,7.5,5.6,1.7,3.8
Add3,2616.3,2533.6,958.5,1103.3
Adh1,0.0,2.3,0.0,0.0
Adh4,0.0,0.0,0.0,5.7
Adh5,2523.8,2677.2,1903.9,1870.0
Adh6-ps1,0.0,0.0,0.9,1.9
Adh6a,0.0,0.0,0.9,0.9
Adh7,8.6,15.7,104.6,43.7
Adhfe1,45.2,30.3,7.0,15.2
Adi1,1421.1,1347.0,842.6,791.4
Adig,0.0,0.0,0.0,0.0
Adipoq,0.0,2.3,12.2,4.8
Adipor1,6245.0,6295.4,7413.4,7667.3
Adipor2,9332.5,8973.7,3715.4,3854.1
Adk,1046.8,1017.3,596.9,458.5
Adm,22.6,22.4,179.5,59.9
Adm2,2.2,0.0,14.8,9.5
Adnp,1487.8,1471.5,1984.0,1856.7
Adnp2,857.4,888.3,914.9,858.9
Ado,3648.0,3637.3,2197.5,2196.2
Adora1,0.0,2.3,7.0,17.1
Adora2a,28.0,30.3,62.7,43.7
Adora2b,198.0,217.6,198.7,171.2
Adora3,108.7,105.4,39.2,33.3
Adpgk,681.0,693.1,1167.6,877.9
Adprh,1113.5,1109.2,873.9,1048.2
Adprhl1,0.0,0.0,1.7,2.8
Adprhl2,741.2,704.4,440.0,492.7
Adra1a,0.0,1.1,277.1,313.9
Adra1b,0.0,2.3,8.7,8.6
Adra1d,2.2,0.0,38.3,6.7
Adra2a,100.1,72.9,56.6,36.1
Adra2b,0.0,0.0,0.0,8.6
Adra2c,79.6,49.4,1.7,5.7
Adrb1,217.3,183.9,5.2,2.8
Adrb2,585.2,708.8,1151.9,1212.7
Adrb3,0.0,0.0,2.6,8.6
Adrbk1,3721.2,3829.1,8551.4,10140.3
Adrbk2,209.8,209.7,505.4,618.2
Adrm1,234.5,253.5,249.2,250.1
Adsl,607.8,610.1,804.2,708.6
Adss,2728.2,2755.7,2289.0,2479.7
Adssl1,1186.6,1188.9,1288.7,1342.1
Aebp1,4.3,5.6,1392.4,522.2
Aebp2,1165.1,1345.9,1406.3,1222.2
Aen,403.4,441.9,652.6,400.4
Aes,5580.2,5269.2,4163.3,5348.3
Afap1,363.6,275.9,303.2,148.4
Afap1l1,21.5,33.7,68.8,59.0
Afap1l2,2.2,6.7,7.0,9.5
Aff1,1317.9,1439.0,1230.3,1204.2
Aff2,18.3,11.2,8.7,6.7
Aff3,39.8,25.8,27.0,15.2
Aff4,6463.4,6380.6,6220.5,5610.9
Afg3l1,1817.0,1730.6,1633.8,1374.4
Afg3l2,2102.1,2154.6,1501.3,1284.1
Afm,3.2,0.0,0.0,1.9
Afmid,85.0,89.7,118.5,131.3
Afp,24.7,13.5,13.9,13.3
Aftph,3714.7,3983.8,6069.8,5659.4
Aga,376.5,449.8,364.2,333.9
Agap1,3189.7,3035.0,1158.0,1179.4
Agap2,606.8,573.1,106.3,117.9
Agap3,1260.8,1228.1,1043.0,1125.2
Agbl1,0.0,1.1,1.7,0.9
Agbl2,4.3,0.0,7.0,6.7
Agbl3,39.8,44.9,76.7,53.3
Agbl4,0.0,0.0,1.7,0.0
Agbl5,555.1,467.7,480.1,552.6
Ager,11.8,24.7,12.2,20.0
Agfg1,2023.6,2096.2,1667.7,1565.6
Agfg2,1061.8,1054.3,538.5,586.9
Aggf1,2147.3,2171.4,1705.2,1639.8
Agk,206.6,252.4,194.3,216.9
Agl,2888.5,2872.4,1751.4,1590.3
Agmat,0.0,0.0,0.9,3.8
Agmo,81.8,71.8,139.4,120.8
Agpat1,2920.8,2787.1,2300.3,2480.6
Agpat2,489.5,503.6,490.6,542.2
Agpat3,738.0,842.3,1955.3,2116.3
Agpat4,599.2,588.8,372.1,409.9
Agpat5,1110.2,1172.1,975.9,899.8
Agpat6,1578.2,1651.0,1429.0,1370.6
Agpat9,201.2,146.9,20.9,15.2
Agphd1,0.0,4.5,26.1,30.4
Agps,4578.6,4705.0,4425.6,3865.5
Agr2,0.0,0.0,0.9,2.8
Agr3,0.0,0.0,0.0,0.9
Agrn,315.2,271.4,598.6,624.0
Agrp,31.2,31.4,10.4,15.2
Agt,2.2,0.0,11.3,4.8
Agtpbp1,1332.9,1421.0,1066.5,1036.8
Agtr1a,9.7,15.7,5.2,10.5
Agtr1b,0.0,0.0,0.9,1.9
Agtr2,0.0,0.0,0.0,1.9
Agtrap,2530.3,2548.2,1327.0,1528.5
Agxt,0.0,0.0,1.7,1.9
Agxt2,1.1,0.0,2.6,1.9
Agxt2l1,2.2,0.0,5.2,7.6
Agxt2l2,397.0,463.2,301.5,268.2
Ahctf1,3596.4,3657.5,3041.9,2376.0
Ahcy,348.6,406.0,390.4,318.6
Ahcyl1,9968.3,9912.5,6530.7,4869.0
Ahcyl2,3354.3,3295.2,2641.9,2836.3
Ahdc1,52.7,56.1,117.6,118.9
Ahi1,201.2,188.4,171.6,111.3
Ahnak,212708.5,221128.4,172516.0,155759.4
Ahr,1098.4,1183.3,1315.7,1146.1
Ahrr,499.2,531.6,2553.9,2703.2
Ahsa1,1909.5,2101.8,2710.7,2680.4
Ahsa2,984.4,1117.1,1199.8,1084.3
Ahsg,0.0,0.0,0.0,1.9
Aicda,4.3,13.5,13.1,4.8
Aida,1339.4,1304.4,1121.4,1004.4
Aif1,136.6,117.8,2986.1,2974.3
Aif1l,2.2,2.3,75.8,13.3
Aifm1,1271.6,1230.4,855.7,894.1
Aifm2,1861.1,1877.5,305.0,389.0
Aifm3,0.0,2.3,1.7,10.5
Aig1,972.5,923.1,461.8,568.8
Aim1,678.8,717.8,1072.6,1149.9
Aim1l,9.7,14.6,7.0,17.1
Aim2,1641.7,1533.2,782.5,796.1
Aimp1,837.0,1071.1,1073.5,1126.2
Aimp2,422.8,319.7,344.2,320.5
Aip,2005.3,1865.2,1660.8,1936.6
Aipl1,3.2,12.3,13.9,14.3
Aire,0.0,1.1,0.9,1.9
Airn,48.4,37.0,23.5,27.6
Ajap1,0.0,0.0,0.9,1.9
Ak1,58.1,74.0,688.4,280.6
Ak2,3719.0,3613.7,1680.8,1771.0
Ak3,3376.9,3236.9,1810.6,1796.7
Ak4,1038.1,1067.7,100.2,50.4
Ak5,23.7,20.2,53.1,41.8
Ak7,2.2,0.0,0.9,6.7
Ak8,432.5,420.6,27.0,27.6
Akap1,589.5,605.7,778.1,580.2
Akap10,2315.1,2304.8,2967.8,2873.4
Akap11,2756.2,2761.3,3345.1,2936.2
Akap12,28.0,15.7,739.8,258.7
Akap13,10383.6,10422.8,8394.5,8902.8
Akap14,3.2,2.3,2.6,0.0
Akap17b,231.3,169.4,196.0,141.7
Akap2,413.1,408.3,1146.7,529.8
Akap3,7.5,2.3,0.9,6.7
Akap4,0.0,0.0,0.0,0.9
Akap5,17.2,11.2,24.4,23.8
Akap6,63.5,77.4,268.4,80.8
Akap7,847.7,816.5,327.6,333.9
Akap8,1127.4,1205.7,1628.5,1694.0
Akap8l,659.5,729.0,843.5,986.3
Akap9,3136.0,3151.6,2502.5,2407.4
Akirin1,3468.4,3715.8,2718.6,2321.8
Akirin2,1325.4,1284.2,1216.4,1147.1
Akna,766.0,701.0,1038.6,1203.2
Aknad1,0.0,0.0,2.6,6.7
Akp3,2.2,0.0,1.7,0.9
Akr1a1,46257.1,46829.1,31223.8,35463.9
Akr1b10,378.7,392.6,1058.7,1059.6
Akr1b3,608.9,551.8,812.1,749.5
Akr1b7,12.9,10.1,32.2,29.5
Akr1b8,92.5,87.5,718.0,582.1
Akr1c12,58.1,46.0,133.3,112.2
Akr1c13,140.9,125.6,411.3,387.1
Akr1c14,0.0,0.0,6.1,2.8
Akr1c18,3.2,2.3,9.6,1.9
Akr1c19,0.0,1.1,0.0,0.9
Akr1c20,0.0,0.0,0.0,0.9
Akr1c21,0.0,0.0,4.3,1.9
Akr1c6,1.1,0.0,0.9,0.0
Akr1cl,0.0,0.0,0.9,1.9
Akr1d1,0.0,0.0,0.9,3.8
Akr1e1,495.9,318.5,649.1,587.8
Akr7a5,127.0,134.6,156.0,202.6
Akt1,7279.9,7460.7,6238.8,6622.9
Akt1s1,701.4,684.2,826.9,902.6
Akt2,1820.3,1856.2,1833.3,1874.7
Akt3,1256.5,1215.8,867.8,897.9
Aktip,1072.6,970.2,890.5,790.4
Alad,220.5,243.4,163.8,157.9
Alas1,14738.4,15022.4,1765.3,1802.4
Alas2,9.7,12.3,21.8,36.1
Alb,1.1,0.0,0.9,2.8
Alcam,15033.2,14588.3,5756.1,6171.1
Aldh16a1,1567.4,1377.3,1646.8,1886.1
Aldh18a1,960.7,867.0,785.9,466.1
Aldh1a1,2.2,0.0,6.1,9.5
Aldh1a2,299.1,255.7,43.6,33.3
Aldh1a3,8.6,2.3,27.0,8.6
Aldh1a7,0.0,0.0,2.6,0.9
Aldh1b1,711.1,780.6,217.0,208.3
Aldh1l1,681.0,598.9,236.1,334.8
Aldh1l2,77.5,40.4,727.6,230.2
Aldh2,7468.2,6585.9,6721.5,7599.7
Aldh3a1,5.4,4.5,4.3,0.0
Aldh3a2,2911.1,3017.0,2309.9,2518.7
Aldh3b1,4333.3,4293.4,1863.8,2276.1
Aldh3b2,6.5,3.4,3.5,10.5
Aldh4a1,693.9,711.1,590.8,585.9
Aldh5a1,18.3,28.0,32.2,39.0
Aldh6a1,981.1,1058.8,880.9,838.9
Aldh7a1,402.4,384.7,607.3,500.3
Aldh8a1,0.0,0.0,1.7,2.8
Aldh9a1,2630.3,2585.2,3058.4,3460.3
Aldoa,45970.9,44593.8,15720.8,16170.6
Aldoart1,2847.6,2709.7,839.1,916.0
Aldoart2,1360.9,1398.6,399.9,479.4
Aldob,3.2,2.3,1.7,7.6
Aldoc,4321.5,4109.5,74.1,103.7
Alg1,1281.3,1258.4,1104.9,1034.9
Alg10b,1945.0,1980.7,1983.2,1687.3
Alg11,1155.4,1195.6,940.2,801.8
Alg12,457.2,439.7,319.8,351.9
Alg13,174.3,153.7,268.4,211.2
Alg14,195.8,196.3,201.3,162.6
Alg2,1172.6,1204.6,859.1,801.8
Alg3,252.8,224.3,135.9,160.7
Alg5,1105.9,1201.2,943.7,908.4
Alg6,260.3,242.3,282.3,268.2
Alg8,476.6,421.7,410.4,360.5
Alg9,914.4,973.5,665.7,623.0
Alk,1.1,2.3,6.1,7.6
Alkbh1,477.7,382.5,469.6,380.5
Alkbh2,237.8,233.3,68.0,78.0
Alkbh3,511.0,461.0,452.2,519.3
Alkbh4,158.1,176.1,224.8,240.6
Alkbh5,5573.7,5720.0,4438.6,4314.4
Alkbh6,322.7,311.8,340.7,351.9
Alkbh7,293.7,308.4,138.5,163.6
Alkbh8,317.4,278.2,421.7,362.4
Allc,1.1,0.0,0.0,2.8
Alms1,331.4,394.8,464.4,419.5
Alms1-ps2,21.5,23.6,12.2,19.0
Alox12,22.6,39.3,40.1,40.9
Alox12b,0.0,0.0,0.0,1.9
Alox12e,0.0,0.0,7.0,5.7
Alox15,58.1,70.7,7.0,18.1
Alox5,207.6,228.8,119.4,124.6
Alox5ap,7462.8,7289.1,6861.0,8817.2
Alox8,0.0,0.0,3.5,3.8
Aloxe3,1.1,1.1,3.5,3.8
Alpi,0.0,0.0,3.5,0.0
Alpk1,606.8,614.6,953.2,893.1
Alpk2,32.3,26.9,10.4,15.2
Alpk3,2.2,0.0,1.7,8.6
Alpl,4.3,2.3,1049.1,351.0
Alppl2,1.1,0.0,0.0,5.7
Als2,1502.9,1405.3,1339.2,1434.3
Als2cl,540.1,577.6,281.4,272.0
Als2cr11,0.0,0.0,3.5,0.0
Als2cr12,0.0,3.4,0.0,0.0
Als2cr4,244.2,223.2,271.0,176.9
Alx1,2.2,0.0,3.5,1.9
Alx3,0.0,0.0,0.0,2.8
Alx4,2.2,9.0,15.7,11.4
Alyref,792.9,643.8,576.8,533.6
Alyref2,122.6,102.1,184.7,210.2
Amac1,2.2,1.1,1.7,0.0
Amacr,187.2,223.2,108.9,99.9
Ambn,0.0,0.0,0.0,0.0
Ambp,9.7,10.1,1.7,1.9
Ambra1,1428.7,1416.6,1632.9,1873.8
Amd1,2179.6,2217.4,1598.9,1446.7
Amd2,2179.6,2217.4,1598.9,1446.7
Amdhd1,0.0,0.0,3.5,6.7
Amdhd2,1458.8,1486.1,1753.1,2292.3
Amelx,6.5,10.1,6.1,13.3
Amfr,5342.4,5569.7,6246.7,6176.8
Amh,4.3,10.1,3.5,15.2
Amhr2,0.0,0.0,6.1,5.7
Amica1,251.7,227.7,159.4,150.3
Amigo1,72.1,77.4,247.5,195.9
Amigo2,77.5,98.7,8.7,12.4
Amigo3,150.6,149.2,101.9,96.1
Ammecr1,778.9,827.7,440.9,274.9
Ammecr1l,2423.8,2597.6,1219.9,1221.3
Amn,0.0,0.0,0.0,6.7
Amn1,192.6,182.8,185.6,153.1
Amot,80.7,71.8,342.4,175.0
Amotl1,33.4,44.9,512.3,202.6
Amotl2,10.8,10.1,1071.7,456.6
Ampd1,2.2,1.1,3.5,3.8
Ampd2,1147.9,1219.2,657.9,696.2
Ampd3,738.0,745.9,2086.9,1855.7
Amph,3.2,1.1,0.9,2.8
Amt,47.3,53.8,53.1,40.9
Amtn,0.0,0.0,0.0,0.9
Amy1,1.1,5.6,18.3,6.7
Amy2a2,9.7,7.9,29.6,19.0
Amy2a3,9.7,7.9,29.6,19.0
Amy2a4,9.7,7.9,29.6,19.0
Amy2a5,4.3,2.3,4.3,10.5
Amy2b,0.0,2.3,0.9,0.9
Amz1,2466.8,2494.4,396.5,502.2
Amz2,1122.1,1179.9,967.2,1046.3
Anapc1,4852.9,5163.7,4640.8,4648.3
Anapc10,207.6,169.4,237.0,249.2
Anapc11,1410.4,1437.9,894.0,1121.4
Anapc13,555.1,560.8,525.4,583.1
Anapc16,880.0,841.2,616.0,583.1
Anapc2,3298.4,3380.4,3114.2,3366.1
Anapc4,1615.9,1704.8,1598.0,1498.1
Anapc5,3004.7,2788.2,2485.9,2574.8
Anapc7,962.8,945.5,981.1,1007.3
Ang,487.3,529.4,250.9,328.1
Ang2,0.0,2.3,0.9,1.9
Ang3,1.1,0.0,0.9,0.9
Ang4,4.3,0.0,0.0,0.0
Ang5,1.1,0.0,0.9,0.9
Ang6,0.0,0.0,0.0,0.0
Angel1,181.8,142.4,125.5,105.6
Angel2,1967.6,1934.7,1734.0,1665.5
Angpt1,9.7,2.3,46.2,39.9
Angpt2,44.1,30.3,95.0,58.0
Angpt4,1.1,1.1,77.5,47.6
Angptl1,0.0,0.0,25.3,16.2
Angptl2,877.9,790.7,1865.5,953.1
Angptl3,47.3,39.3,30.5,41.8
Angptl4,103.3,84.1,256.2,222.6
Angptl6,109.7,95.3,78.4,110.3
Angptl7,22.6,29.2,66.2,78.9
Ank,1162.9,1083.5,3678.8,3616.3
Ank1,19.4,18.0,36.6,37.1
Ank2,63.5,47.1,133.3,46.6
Ank3,2.2,2.3,58.4,20.9
Ankar,0.0,0.0,1.7,0.9
Ankdd1b,42.0,23.6,51.4,74.2
Ankfn1,0.0,0.0,0.9,1.9
Ankfy1,6770.0,6728.3,11175.0,11728.7
Ankhd1,5126.2,5007.8,5121.8,5363.6
Ankib1,2640.0,2655.9,2526.9,2215.2
Ankk1,2.2,1.1,0.9,4.8
Ankle1,14.0,22.4,33.1,35.2
Ankle2,2815.4,2954.2,3678.8,3351.9
Ankmy1,9.7,2.3,7.0,13.3
Ankmy2,573.4,588.8,709.3,778.0
Ankra2,655.2,547.3,540.2,487.0
Ankrd1,0.0,1.1,94.1,32.3
Ankrd10,825.1,834.5,1006.4,1083.4
Ankrd11,1934.3,1846.1,2926.0,3272.0
Ankrd12,3879.3,3565.5,3000.0,2829.7
Ankrd13a,6956.1,6597.1,5457.2,5275.1
Ankrd13b,1246.9,1266.3,149.9,102.7
Ankrd13c,1545.9,1405.3,1490.9,1256.5
Ankrd13d,106.5,95.3,325.9,394.7
Ankrd16,452.9,476.7,339.8,448.9
Ankrd17,7558.5,7214.0,7014.3,6935.8
Ankrd2,1.1,1.1,4.3,0.9
Ankrd22,0.0,0.0,16.5,16.2
Ankrd23,111.9,111.0,71.4,88.5
Ankrd24,246.4,237.8,137.7,160.7
Ankrd26,140.9,217.6,326.7,290.1
Ankrd27,961.8,997.1,1263.4,1336.4
Ankrd28,656.2,566.4,1835.0,1635.0
Ankrd29,0.0,0.0,21.8,9.5
Ankrd32,366.9,296.1,422.6,335.8
Ankrd33,0.0,0.0,0.0,0.0
Ankrd33b,171.1,178.3,1530.9,1536.1
Ankrd34a,0.0,3.4,20.0,17.1
Ankrd34b,7.5,2.3,7.8,11.4
Ankrd34c,0.0,0.0,0.0,1.9
Ankrd35,0.0,11.2,4.3,5.7
Ankrd36,0.0,0.0,0.0,0.9
Ankrd37,806.9,891.7,54.0,42.8
Ankrd39,179.7,167.1,153.3,158.8
Ankrd40,2521.7,2392.3,2106.0,1918.5
Ankrd42,4.3,11.2,31.4,19.0
Ankrd44,3622.2,3533.0,5408.4,6324.2
Ankrd45,2.2,2.3,3.5,7.6
Ankrd46,1323.2,1157.5,1071.7,1015.8
Ankrd49,569.1,588.8,562.9,550.7
Ankrd5,1.1,0.0,1.7,1.9
Ankrd50,578.8,511.4,1069.1,951.2
Ankrd52,2713.2,2726.6,1544.0,1730.1
Ankrd53,5.4,15.7,12.2,20.0
Ankrd54,292.6,304.0,217.0,285.3
Ankrd55,91.4,77.4,35.7,45.7
Ankrd6,22.6,15.7,54.0,37.1
Ankrd60,2.2,2.3,1.7,0.9
Ankrd61,23.7,29.2,29.6,36.1
Ankrd7,0.0,0.0,0.9,3.8
Ankrd9,121.6,136.8,60.1,69.4
Anks1,695.0,686.4,1226.8,1438.1
Anks1b,6.5,4.5,15.7,12.4
Anks3,918.7,827.7,812.1,911.2
Anks4b,0.0,2.3,0.0,2.8
Anks6,5.4,4.5,136.8,166.4
Ankzf1,844.5,779.5,642.2,721.0
Anln,194.7,160.4,347.7,239.7
Ano1,2.2,2.3,7.0,11.4
Ano10,915.5,1035.2,1117.9,1221.3
Ano2,3.2,11.2,0.0,1.9
Ano3,0.0,1.1,7.8,3.8
Ano4,1.1,0.0,0.9,3.8
Ano5,2.2,1.1,0.0,4.8
Ano6,6284.8,6099.1,7923.1,8027.8
Ano7,2.2,9.0,2.6,20.9
Ano8,493.8,453.1,529.8,470.8
Ano9,0.0,1.1,4.3,2.8
Anp32a,837.0,908.5,1855.1,1921.3
Anp32b,203.3,215.4,282.3,264.4
Anp32e,1450.2,1559.0,1555.3,1422.0
Anpep,37485.0,38579.9,2849.3,3302.4
Antxr1,46.3,48.2,623.9,238.7
Antxr2,2280.7,2230.8,3785.1,3583.0
Antxrl,2.2,0.0,0.0,4.8
Anubl1,59.2,47.1,78.4,78.0
Anxa1,32650.4,31505.0,5642.8,4187.9
Anxa10,0.0,0.0,0.0,0.9
Anxa11,1406.1,1432.3,1173.7,1120.5
Anxa13,0.0,0.0,0.0,3.8
Anxa2,22901.5,22144.4,9195.3,7161.3
Anxa3,8092.1,8231.2,2964.3,2442.6
Anxa4,25676.0,25236.5,5220.2,5481.5
Anxa5,35122.6,35330.7,16769.0,16735.6
Anxa6,5660.8,5891.6,7766.3,7430.4
Anxa7,3907.3,3925.5,2995.7,2959.0
Anxa8,0.0,2.3,19.2,0.0
Anxa9,279.7,280.4,217.8,210.2
Aoah,1980.5,2046.9,4013.4,3694.3
Aoc2,32.3,47.1,53.1,39.0
Aoc3,2.2,0.0,77.5,16.2
Aox1,2.2,7.9,47.0,22.8
Aox3,0.0,0.0,0.9,3.8
Aox3l1,0.0,3.4,10.4,6.7
Aox4,2.2,0.0,2.6,6.7
Ap1ar,507.8,493.5,393.8,402.3
Ap1b1,3183.3,3140.4,9786.1,10416.1
Ap1g1,7151.9,7124.2,6738.1,6439.3
Ap1g2,1442.6,1492.8,1038.6,1145.2
Ap1m1,1859.0,1754.2,1564.1,1808.1
Ap1m2,3.2,1.1,4.3,5.7
Ap1s1,2046.2,1953.8,1494.3,1586.5
Ap1s2,717.6,686.4,1734.0,1497.1
Ap1s3,378.7,355.5,83.6,42.8
Ap2a1,2865.9,2863.4,2210.6,2344.6
Ap2a2,2332.3,2312.7,6833.1,7623.5
Ap2b1,5853.4,6071.1,4519.7,4983.1
Ap2m1,4054.7,3906.5,4207.7,4240.3
Ap2s1,4174.1,3981.6,3349.4,4106.1
Ap3b1,2874.5,2981.2,2429.3,2474.9
Ap3b2,1.1,1.1,2.6,6.7
Ap3d1,9624.1,9318.0,7542.4,8608.0
Ap3m1,2558.2,2448.4,1788.0,1558.9
Ap3m2,518.5,493.5,603.0,562.1
Ap3s1,815.5,872.6,410.4,357.6
Ap3s2,1529.8,1391.9,1049.1,1090.0
Ap4b1,835.9,981.4,733.7,664.9
Ap4e1,533.6,567.5,614.3,569.7
Ap4m1,486.3,465.5,456.6,536.4
Ap4s1,275.4,270.3,257.9,257.8
Apaf1,5909.4,5984.7,3133.3,3446.0
Apba1,823.0,819.9,698.8,871.3
Apba2,1.1,0.0,2.6,6.7
Apba3,811.2,864.7,594.2,624.0
Apbb1,6.5,9.0,61.0,39.0
Apbb1ip,1899.9,1882.0,2777.8,2852.5
Apbb2,2532.4,2491.0,1320.1,1020.6
Apbb3,154.9,167.1,178.6,201.6
Apc,4005.2,3682.1,5150.5,5339.8
Apc2,101.1,112.2,144.6,187.4
Apcdd1,15.1,15.7,17.4,7.6
Apcs,0.0,0.0,0.0,0.0
Apeh,1621.2,1776.6,1205.9,1330.7
Apex1,1412.5,1423.3,883.5,787.6
Apex2,200.1,232.2,156.8,185.5
Aph1a,3472.7,3372.6,2655.0,2800.2
Aph1b,802.5,736.9,732.8,788.5
Aph1c,5535.0,5887.2,2947.8,3070.3
Api5,5437.1,5411.6,4672.1,4235.5
Apip,376.5,347.7,432.2,375.7
Apitd1,19.4,14.6,44.4,30.4
Aplf,190.4,206.4,127.2,126.5
Apln,55.9,52.7,32.2,20.9
Aplnr,12.9,13.5,17.4,18.1
Aplp1,50.6,69.5,54.0,42.8
Aplp2,21485.8,21219.1,22126.1,23476.4
Apoa1,2.2,0.0,0.0,7.6
Apoa1bp,882.2,855.8,863.5,1033.9
Apoa2,7.5,9.0,12.2,13.3
Apoa4,1.1,0.0,1.7,6.7
Apoa5,2.2,2.3,1.7,14.3
Apob,0.0,0.0,9.6,13.3
Apobec1,3931.0,3979.4,8540.0,9796.0
Apobec2,4.3,1.1,7.8,11.4
Apobec3,546.5,591.1,799.0,836.1
Apobec4,3.2,0.0,0.0,1.9
Apobr,1169.4,1255.1,929.7,994.0
Apoc1,4.3,2.3,11.3,17.1
Apoc2,1359.8,1322.3,330.2,325.3
Apoc3,0.0,2.3,0.0,3.8
Apoc4,1.1,2.3,5.2,1.9
Apod,0.0,2.3,17.4,20.9
Apoe,29369.2,27164.5,258525.6,267106.6
Apof,5.4,1.1,0.9,7.6
Apoh,3.2,0.0,0.0,0.9
Apol10a,0.0,0.0,0.9,3.8
Apol10b,0.0,0.0,0.0,3.8
Apol11a,0.0,0.0,0.0,0.0
Apol11b,0.0,0.0,0.0,1.9
Apol6,0.0,0.0,44.4,19.0
Apol7a,0.0,0.0,7.0,2.8
Apol7b,0.0,0.0,4.3,10.5
Apol7c,9.7,13.5,16.5,16.2
Apol7d,0.0,1.1,0.0,4.8
Apol7e,0.0,0.0,1.7,3.8
Apol8,0.0,0.0,3.5,0.9
Apol9a,0.0,0.0,25.3,25.7
Apol9b,0.0,0.0,22.6,37.1
Apold1,4.3,4.5,5.2,1.9
Apom,24.7,12.3,11.3,11.4
Apon,0.0,2.3,0.0,1.9
Apoo,43.0,29.2,14.8,20.9
Apoo-ps,3.2,1.1,0.9,1.9
Apool,290.5,321.9,210.0,191.2
App,26669.0,25946.5,16363.9,17648.7
Appbp2,1032.8,1142.9,1029.9,1081.5
Appl1,2500.2,2415.9,2667.2,2528.2
Appl2,1252.2,1190.0,1173.7,1132.8
Aprt,1721.3,1701.4,1144.1,1069.1
Aptx,373.3,355.5,392.1,468.0
Aqp1,0.0,0.0,319.8,142.7
Aqp11,14.0,11.2,13.9,8.6
Aqp12,0.0,0.0,0.0,0.9
Aqp2,2.2,0.0,0.0,1.9
Aqp3,18.3,28.0,4.3,4.8
Aqp4,0.0,0.0,3.5,7.6
Aqp5,0.0,0.0,0.0,3.8
Aqp6,0.0,0.0,1.7,7.6
Aqp7,1.1,0.0,7.0,5.7
Aqp8,3.2,0.0,0.9,8.6
Aqp9,948.9,927.6,15.7,9.5
Aqr,2532.4,2571.8,2646.3,2572.9
Ar,0.0,0.0,10.4,11.4
Araf,1380.3,1345.9,1263.4,1394.4
Arap1,6092.2,6035.2,10572.9,12360.3
Arap2,1909.5,1815.8,447.9,460.4
Arap3,593.8,581.0,1657.3,1884.2
Arc,47.3,29.2,46.2,46.6
Arcn1,4440.9,4467.2,3522.0,3181.6
Areg,0.0,1.1,2.6,1.9
Arf1,10315.8,10371.2,8478.2,8270.3
Arf2,1594.3,1487.2,1839.4,1620.8
Arf3,8995.8,8931.1,8287.4,9417.4
Arf4,6057.8,5948.8,3878.3,3287.2
Arf5,3412.4,3534.1,2492.9,2797.3
Arf6,7831.8,8102.3,6325.1,6002.7
Arfgap1,1750.3,1705.9,1613.7,1715.9
Arfgap2,577.7,640.4,467.0,559.3
Arfgap3,1952.6,1838.3,1114.4,990.1
Arfgef1,5823.3,5964.5,4558.9,4429.5
Arfgef2,4814.2,4734.2,2810.1,2855.4
Arfip1,2072.0,2089.5,1664.3,1399.1
Arfip2,1236.1,1211.3,985.5,955.0
Arfrp1,809.0,851.3,776.4,735.2
Arg1,14108.0,14048.8,30.5,52.3
Arg2,406.7,376.9,63.6,59.0
Arglu1,1041.4,1128.3,1213.8,1172.8
Arhgap1,2103.2,2113.1,1923.9,1967.0
Arhgap10,1990.2,1993.0,2840.6,3137.9
Arhgap11a,1910.6,1778.8,2315.2,2396.9
Arhgap12,1223.2,1154.1,2587.0,2518.7
Arhgap15,1289.9,1274.1,2057.2,2260.9
Arhgap17,3264.0,3003.6,4568.5,5265.6
Arhgap18,1512.6,1259.5,6732.0,7357.2
Arhgap19,2952.0,3029.4,12042.0,13491.2
Arhgap20,0.0,1.1,7.8,8.6
Arhgap21,1299.6,1274.1,1285.2,1120.5
Arhgap22,448.6,432.9,1195.5,1453.4
Arhgap23,117.3,84.1,297.1,251.1
Arhgap24,2917.6,2796.1,347.7,264.4
Arhgap25,5020.7,5458.7,2062.5,2684.2
Arhgap26,1227.5,1136.2,1009.0,1065.3
Arhgap27,782.1,825.5,834.7,990.1
Arhgap28,21.5,20.2,144.6,26.6
Arhgap29,50.6,35.9,394.7,110.3
Arhgap30,4758.3,4884.5,5295.2,5556.7
Arhgap31,6724.8,6583.6,4813.3,4864.2
Arhgap32,10.8,2.3,40.9,45.7
Arhgap33,9.7,6.7,14.8,27.6
Arhgap36,0.0,0.0,0.0,0.0
Arhgap39,449.7,389.2,700.6,890.3
Arhgap4,1441.6,1469.3,2083.4,2422.6
Arhgap40,0.0,0.0,1.7,2.8
Arhgap42,1.1,2.3,123.7,25.7
Arhgap44,5.4,4.5,22.6,19.0
Arhgap5,2642.2,2629.0,2370.0,1827.2
Arhgap6,3100.4,2989.0,1258.2,1260.3
Arhgap8,0.0,0.0,0.0,0.9
Arhgap9,3337.1,3307.5,2447.6,2682.3
Arhgdia,20781.2,20409.3,18010.7,21064.3
Arhgdib,9005.5,8656.3,8230.7,10082.3
Arhgdig,2.2,3.4,19.2,11.4
Arhgef1,4116.0,4017.5,3602.1,3964.4
Arhgef10,16.1,19.1,230.9,138.9
Arhgef10l,82.8,80.8,2282.0,2561.5
Arhgef11,1854.7,1818.1,1318.3,1521.8
Arhgef12,1481.4,1532.1,3304.1,2631.8
Arhgef15,0.0,2.3,7.0,8.6
Arhgef16,0.0,0.0,1.7,0.9
Arhgef17,19.4,10.1,350.3,198.8
Arhgef18,1094.1,1026.2,305.8,429.0
Arhgef19,0.0,1.1,20.0,20.0
Arhgef2,2181.7,2284.7,4588.5,5321.7
Arhgef25,4.3,0.0,177.7,64.7
Arhgef26,22.6,42.6,66.2,80.8
Arhgef3,2753.0,2714.2,1728.7,1765.3
Arhgef33,2.2,6.7,5.2,3.8
Arhgef37,171.1,145.8,30.5,54.2
Arhgef38,0.0,0.0,1.7,1.9
Arhgef4,139.9,160.4,214.3,203.5
Arhgef40,217.3,213.1,184.7,119.8
Arhgef5,24.7,14.6,202.1,126.5
Arhgef6,6344.0,6194.5,6944.6,7460.9
Arhgef7,988.7,1124.9,1216.4,1481.9
Arhgef9,28.0,16.8,48.8,18.1
Arid1a,1054.3,1142.9,1734.0,1798.6
Arid1b,1422.2,1535.4,2233.2,2716.5
Arid2,1802.0,1645.4,1750.5,1802.4
Arid3a,2417.3,2452.9,1689.5,1814.8
Arid3b,343.2,323.0,289.3,364.3
Arid3c,2.2,0.0,0.0,2.8
Arid4a,1073.7,1036.3,1852.5,2010.7
Arid4b,1531.9,1566.8,1840.3,1714.0
Arid5a,256.0,251.2,608.2,643.9
Arid5b,1375.9,1256.2,3066.3,2899.1
Arih1,5280.0,5426.2,4340.2,4024.3
Arih2,1426.5,1612.8,1136.2,1130.9
Arl1,1269.4,1227.0,961.1,759.0
Arl10,385.1,363.4,464.4,494.6
Arl11,3905.1,3842.5,2042.4,2387.4
Arl13a,4.3,5.6,4.3,11.4
Arl13b,284.0,273.7,380.8,410.9
Arl14,0.0,0.0,0.0,1.9
Arl15,882.2,916.3,298.0,339.6
Arl16,210.9,224.3,221.3,197.8
Arl2,360.4,428.5,438.3,390.9
Arl2bp,986.5,1002.7,826.0,762.8
Arl3,402.4,445.3,366.8,354.8
Arl4a,116.2,113.3,183.0,158.8
Arl4c,3169.3,3278.4,5585.3,5804.9
Arl4d,23.7,15.7,46.2,40.9
Arl5a,7182.0,7267.8,6328.6,4294.5
Arl5b,542.2,533.9,514.1,534.5
Arl5c,803.6,840.1,1484.8,1753.0
Arl6,95.8,102.1,144.6,138.9
Arl6ip1,6867.9,6996.4,5865.0,6050.3
Arl6ip4,873.6,779.5,703.2,810.4
Arl6ip5,3613.6,3799.9,3164.7,3265.3
Arl6ip6,687.4,641.6,574.2,593.5
Arl8a,2833.7,2754.6,2499.9,2758.3
Arl8b,13794.9,13527.3,3447.0,3179.7
Arl9,0.0,4.5,0.0,0.0
Armc1,1131.7,1224.8,1264.3,1085.3
Armc10,599.2,579.9,538.5,627.8
Armc2,87.1,89.7,62.7,89.4
Armc3,48.4,35.9,8.7,15.2
Armc4,0.0,1.1,0.9,1.9
Armc5,683.1,643.8,1106.6,1283.1
Armc6,656.2,623.6,460.1,469.9
Armc7,168.9,172.7,308.4,306.3
Armc8,1370.6,1409.8,1396.8,1295.5
Armc9,174.3,168.2,182.1,172.2
Armcx1,0.0,2.3,55.8,19.0
Armcx2,21.5,14.6,310.2,122.7
Armcx3,1155.4,1109.2,1205.1,1087.2
Armcx4,3.2,0.0,54.9,16.2
Armcx5,248.5,258.0,386.0,351.0
Armcx6,15.1,21.3,71.4,43.7
Arnt,3140.3,2965.5,2582.7,2826.8
Arnt2,2109.6,2031.2,64.5,39.0
Arntl,603.5,564.2,451.3,437.5
Arntl2,0.0,2.3,4.3,5.7
Arpc1a,2588.4,2815.2,1945.7,2075.4
Arpc1b,15082.7,13749.4,11466.0,13040.3
Arpc2,13529.2,13705.6,13379.5,13639.6
Arpc3,6696.8,6093.5,8274.3,8624.1
Arpc4,8835.5,8868.3,9049.8,9114.9
Arpc5,14880.4,14599.5,10972.0,10385.7
Arpc5l,959.6,945.5,701.4,660.1
Arpm1,2.2,0.0,2.6,2.8
Arpp19,1138.2,1159.7,1152.8,1103.3
Arpp21,2.2,5.6,5.2,12.4
Arr3,1.1,1.1,1.7,3.8
Arrb1,21245.9,20855.7,12685.0,14231.2
Arrb2,1104.8,993.7,3261.4,4041.5
Arrdc1,1190.9,1282.0,1167.6,1407.7
Arrdc2,386.2,411.6,564.6,617.3
Arrdc3,1310.3,1184.4,2539.1,2618.5
Arrdc4,460.4,511.4,229.2,193.1
Arrdc5,0.0,0.0,0.0,1.9
Arsa,2088.1,2120.9,1212.0,1190.8
Arsb,583.1,641.6,886.1,896.0
Arsg,594.9,576.5,265.7,247.3
Arsi,0.0,0.0,5.2,11.4
Arsj,0.0,0.0,61.0,34.2
Arsk,869.2,790.7,871.3,918.8
Art1,0.0,2.3,2.6,0.0
Art2a-ps,20.4,6.7,4.3,6.7
Art2b,3.2,0.0,0.9,2.8
Art3,0.0,0.0,2.6,7.6
Art4,0.0,0.0,2.6,0.9
Art5,0.0,0.0,0.0,1.9
Artn,1.1,1.1,29.6,13.3
Arv1,90.4,58.3,83.6,59.9
Arvcf,106.5,109.9,160.3,123.6
Arx,0.0,0.0,5.2,0.9
Arxes1,0.0,0.0,19.2,1.9
Arxes2,0.0,0.0,52.3,11.4
As3mt,547.6,531.6,74.9,92.3
Asah1,9898.4,9908.0,9654.5,9887.3
Asah2,715.4,633.7,959.3,980.6
Asap1,3722.3,3481.4,3582.1,3365.2
Asap2,231.3,214.2,156.8,135.1
Asap3,5.4,14.6,24.4,18.1
Asb1,527.1,669.6,565.5,594.5
Asb10,2.2,7.9,155.1,173.1
Asb11,15.1,6.7,0.0,0.9
Asb12,0.0,0.0,0.0,3.8
Asb13,296.9,288.3,380.8,438.5
Asb14,18.3,14.6,18.3,22.8
Asb15,2.2,3.4,1.7,5.7
Asb16,0.0,1.1,0.9,3.8
Asb17,1.1,0.0,0.0,1.9
Asb18,0.0,0.0,0.0,1.9
Asb2,59.2,50.5,84.5,80.8
Asb3,547.6,458.7,513.2,460.4
Asb4,230.2,232.2,207.4,137.9
Asb5,4.3,11.2,7.8,3.8
Asb6,603.5,583.2,563.7,630.6
Asb7,544.4,536.1,689.2,779.9
Asb8,1442.6,1376.2,965.4,1062.4
Asb9,0.0,0.0,0.0,0.0
Ascc1,429.2,355.5,582.0,655.3
Ascc2,1033.8,984.8,1037.8,1042.5
Ascc3,3727.6,3613.7,3393.0,2960.0
Ascl1,0.0,0.0,1.7,6.7
Ascl2,0.0,4.5,1.7,3.8
Ascl3,0.0,5.6,0.0,4.8
Ascl4,0.0,0.0,1.7,1.9
Asf1a,332.4,305.1,399.1,318.6
Asf1b,362.5,287.1,272.7,228.3
Asgr1,1.1,0.0,0.9,0.9
Asgr2,380.8,328.6,101.1,131.3
Ash1l,4364.5,4423.5,5086.0,4893.7
Ash2l,1353.4,1315.6,1420.3,1337.3
Asl,1274.8,1341.4,1046.5,1184.2
Asna1,2910.0,3035.0,1510.0,1712.1
Asns,1303.9,1390.8,959.3,475.6
Asnsd1,3066.0,3079.9,1844.6,1714.9
Aspa,2.2,2.3,3.5,1.9
Aspdh,0.0,0.0,1.7,1.9
Aspg,3.2,0.0,3.5,7.6
Asph,2860.5,2782.6,3127.2,3149.3
Asphd1,5.4,3.4,3.5,8.6
Asphd2,0.0,0.0,4.3,4.8
Aspm,188.3,233.3,291.0,293.0
Aspn,0.0,1.1,20.9,5.7
Asprv1,2.2,2.3,5.2,0.9
Aspscr1,724.0,620.2,751.1,717.2
Asrgl1,106.5,102.1,115.9,135.1
Ass1,352.9,320.8,5.2,16.2
Aste1,225.9,280.4,184.7,163.6
Astl,0.0,0.0,1.7,11.4
Astn1,0.0,1.1,3.5,14.3
Astn2,0.0,4.5,2.6,3.8
Asxl1,1096.2,1182.1,1780.1,1825.3
Asxl2,2394.7,2455.1,2893.7,2740.3
Asxl3,0.0,1.1,3.5,7.6
Asz1,0.0,0.0,0.9,0.0
Atad1,2567.9,2632.3,2406.6,1975.5
Atad2,1322.2,1270.8,670.1,605.9
Atad2b,1360.9,1417.7,1700.0,1655.0
Atad3a,426.0,404.9,457.4,385.2
Atad5,303.4,321.9,506.2,444.2
Atat1,61.3,63.9,101.1,130.3
Atcay,0.0,0.0,1.7,8.6
Ate1,800.4,773.9,956.7,887.4
Atf1,1171.5,1104.8,757.2,744.8
Atf2,693.9,725.7,788.6,756.2
Atf3,13689.5,13346.7,4543.2,4759.6
Atf4,8447.2,8405.1,3491.5,2966.7
Atf5,2683.0,2422.6,1111.0,868.4
Atf6,5686.7,5754.8,5628.9,5850.6
Atf6b,2373.2,2186.0,2290.8,2298.0
Atf7,604.6,540.6,736.3,861.7
Atf7ip,1536.2,1469.3,1395.0,1469.5
Atf7ip2,0.0,0.0,1.7,4.8
Atg10,162.5,153.7,185.6,169.3
Atg12,3310.2,3208.8,1908.2,1877.6
Atg13,3199.4,3304.2,1530.1,1597.0
Atg14,839.1,786.2,867.0,905.5
Atg16l1,1717.0,1821.4,1243.4,1156.6
Atg16l2,334.6,258.0,271.8,361.4
Atg2a,1491.1,1520.9,950.6,1274.5
Atg2b,1924.6,1886.5,1423.8,1334.5
Atg3,2294.7,2314.9,1487.4,1488.6
Atg4a,204.4,196.3,108.0,105.6
Atg4b,1029.5,991.5,1061.3,1059.6
Atg4c,1050.0,1229.3,1048.2,790.4
Atg4d,940.3,926.4,549.8,634.4
Atg5,2455.0,2537.0,1512.6,1344.0
Atg7,4458.1,4311.3,2437.1,2730.8
Atg9a,1430.8,1356.0,1164.1,1448.6
Atg9b,219.5,272.6,135.9,175.0
Athl1,733.7,688.7,544.6,529.8
Atic,2473.3,2496.6,1438.6,1032.0
Atl1,42.0,42.6,55.8,38.0
Atl2,846.7,788.5,864.4,778.0
Atl3,6850.7,6671.1,7614.7,6569.6
Atm,2353.8,2290.3,1961.4,1791.0
Atmin,1433.0,1424.4,1466.5,1660.7
Atn1,161.4,146.9,190.8,238.7
Atoh1,0.0,0.0,0.0,1.9
Atoh7,0.0,2.3,0.0,0.0
Atoh8,0.0,0.0,150.7,73.2
Atox1,2585.1,2507.8,1301.8,1358.2
Atp10a,1256.5,1193.4,197.8,203.5
Atp10b,0.0,1.1,1.7,11.4
Atp10d,390.5,389.2,582.0,522.2
Atp11a,3201.6,3176.3,1869.9,1658.8
Atp11b,2140.8,2249.9,1537.0,1498.1
Atp11c,1814.9,1855.1,1416.8,1380.1
Atp12a,0.0,1.1,3.5,3.8
Atp13a1,2129.0,2000.9,1748.8,1952.7
Atp13a2,11715.4,11211.3,12990.0,15997.5
Atp13a3,9714.4,9526.7,5785.7,5020.2
Atp13a4,58.1,46.0,2.6,4.8
Atp13a5,0.0,0.0,0.0,3.8
Atp1a1,13946.6,14361.8,11011.2,11068.6
Atp1a2,0.0,0.0,2.6,8.6
Atp1a3,5522.1,5333.1,1413.3,2040.2
Atp1a4,0.0,3.4,3.5,5.7
Atp1b1,31.2,39.3,118.5,87.5
Atp1b2,12.9,21.3,5.2,8.6
Atp1b3,6467.7,6317.8,3218.7,3110.3
Atp1b4,0.0,4.5,3.5,4.8
Atp2a1,11.8,9.0,13.1,18.1
Atp2a2,3017.6,3242.5,2563.5,2575.7
Atp2a3,5363.9,5244.5,1141.5,1348.7
Atp2b1,15589.4,15789.5,18419.4,19221.0
Atp2b2,3.2,4.5,7.0,12.4
Atp2b3,0.0,1.1,1.7,2.8
Atp2b4,36.6,35.9,284.9,143.6
Atp2c1,4605.5,4696.0,5723.0,5059.2
Atp2c2,2.2,4.5,3.5,7.6
Atp4a,1.1,2.3,10.4,7.6
Atp4b,1.1,2.3,0.0,0.9
Atp5a1,20745.7,21039.6,13571.2,13890.7
Atp5b,18711.3,18480.2,11230.8,10178.3
Atp5c1,3204.8,2972.2,2194.0,2117.3
Atp5d,2579.8,2845.4,2161.8,2354.1
Atp5e,3099.4,2990.1,1720.9,1666.4
Atp5f1,2078.4,2049.1,1355.8,1442.9
Atp5g1,597.1,653.9,366.0,430.9
Atp5g2,1298.5,1456.9,1005.5,880.8
Atp5g3,5120.8,5047.1,2851.0,2821.1
Atp5h,491.6,455.4,345.0,325.3
Atp5j,2272.1,2246.5,1736.6,1367.8
Atp5j2,1467.4,1520.9,1034.3,1158.5
Atp5k,301.2,273.7,120.2,119.8
Atp5l,889.7,874.8,479.2,570.7
Atp5o,660.5,560.8,439.1,374.8
Atp5s,53.8,72.9,74.1,61.8
Atp5sl,406.7,417.2,400.8,415.7
Atp6ap1,21156.6,21004.8,12221.5,12508.7
Atp6ap1l,0.0,0.0,0.9,1.9
Atp6ap2,11600.3,11736.2,4639.9,4375.3
Atp6v0a1,8637.6,8764.0,5459.0,5888.6
Atp6v0a2,1665.3,1628.5,1052.6,1008.2
Atp6v0a4,0.0,2.3,0.9,3.8
Atp6v0b,8239.5,8248.1,4815.9,5786.8
Atp6v0c,26164.4,26327.8,11324.0,13656.7
Atp6v0c-ps2,26127.9,26299.8,11297.9,13614.8
Atp6v0d1,8857.0,8688.8,3491.5,3884.5
Atp6v0d2,43370.7,41788.7,2035.5,1734.0
Atp6v0e,7076.6,6578.0,2536.5,2580.5
Atp6v0e2,4.3,3.4,4.3,7.6
Atp6v1a,29689.8,29379.6,18503.0,18511.4
Atp6v1b1,0.0,0.0,1.7,6.7
Atp6v1b2,26574.3,27005.3,10360.3,10585.4
Atp6v1c1,13747.6,13677.6,4542.3,4388.6
Atp6v1c2,16.1,9.0,8.7,7.6
Atp6v1d,3939.6,3832.4,1747.9,1981.3
Atp6v1e1,10954.8,10437.4,3866.1,3795.1
Atp6v1e2,0.0,0.0,0.0,0.0
Atp6v1f,3415.7,3436.5,2119.1,2300.8
Atp6v1g1,4765.8,4570.4,2485.9,2426.4
Atp6v1g2,34.4,41.5,34.8,72.3
Atp6v1g3,2.2,0.0,0.9,1.9
Atp6v1h,4389.3,4648.9,2778.7,2435.0
Atp7a,6254.7,6192.2,6078.5,5525.3
Atp7b,4.3,5.6,2.6,6.7
Atp8a1,1815.9,1804.6,6224.9,6660.9
Atp8a2,6.5,9.0,12.2,9.5
Atp8b1,10.8,6.7,108.0,65.6
Atp8b2,804.7,761.6,1373.2,1179.4
Atp8b3,2.2,2.3,5.2,17.1
Atp8b4,3354.3,3409.6,1895.2,2208.6
Atp8b5,2.2,6.7,4.3,2.8
Atp9a,50.6,43.8,56.6,33.3
Atp9b,3841.7,3798.8,3263.2,3572.5
Atpaf1,357.2,354.4,338.1,319.6
Atpaf2,447.5,445.3,401.7,407.1
Atpbd4,369.0,337.6,273.6,232.1
Atpif1,2682.0,2541.5,2045.0,2327.5
Atr,1042.5,1055.4,1136.2,938.8
Atrip,391.6,419.5,426.1,409.0
Atrn,2617.4,2642.4,2199.3,2201.9
Atrnl1,2229.1,2279.0,1681.7,1777.7
Atrx,6118.1,6108.1,7626.9,6787.4
Atxn1,3193.0,3078.7,3291.1,3406.1
Atxn10,3685.7,3631.7,2100.8,1926.1
Atxn1l,3526.5,3513.9,2537.3,2656.6
Atxn2,296.9,301.7,325.0,320.5
Atxn2l,957.5,908.5,907.9,1148.0
Atxn3,3173.6,3132.6,3229.2,3017.1
Atxn7,856.3,871.5,1319.2,1337.3
Atxn7l1,605.7,556.3,713.6,848.4
Atxn7l2,97.9,98.7,108.9,152.2
Atxn7l3,2035.4,2076.0,1777.5,1912.8
Atxn7l3b,2273.2,2173.6,2933.8,2519.6
Auh,390.5,406.0,501.0,532.6
Aup1,3942.8,3960.3,3555.1,4192.7
Aurka,124.8,123.4,155.1,120.8
Aurkaip1,1471.7,1358.2,927.1,920.7
Aurkb,251.7,217.6,257.9,302.5
Aurkc,0.0,1.1,0.9,0.9
Auts2,2.2,1.1,23.5,8.6
Aven,290.5,335.4,230.0,175.0
Avil,4.3,6.7,12.2,15.2
Avl9,3322.1,3544.2,3036.6,3026.6
Avp,0.0,0.0,0.0,0.0
Avpi1,66.7,89.7,113.3,116.0
Avpr1a,0.0,0.0,144.6,38.0
Avpr1b,2.2,3.4,1.7,5.7
Avpr2,39.8,38.1,44.4,59.0
Awat1,150.6,136.8,0.0,1.9
Awat2,2.2,6.7,1.7,1.9
Axin1,1065.0,1255.1,1393.3,1473.3
Axin2,0.0,0.0,12.2,13.3
Axl,25338.2,25502.4,9555.2,12492.5
Aym1,0.0,0.0,0.0,1.9
Azgp1,0.0,0.0,0.0,0.0
Azi1,195.8,210.9,283.2,375.7
Azi2,2651.8,2587.5,2928.6,2884.9
Azin1,8560.1,8313.1,4226.0,3652.4
B020004C17Rik,0.0,4.5,0.0,4.8
B020004J07Rik,0.0,0.0,0.0,1.9
B020014A21Rik,2.2,0.0,0.0,0.0
B020018J22Rik,0.0,2.3,0.0,1.9
B020031M17Rik,0.0,0.0,1.7,5.7
B130006D01Rik,101.1,62.8,133.3,147.4
B130024G19Rik,0.0,0.0,0.0,0.9
B130034C11Rik,12.9,20.2,21.8,20.9
B230118H07Rik,177.5,135.7,120.2,144.6
B230119M05Rik,0.0,0.0,1.7,0.0
B230120H23Rik,2148.4,2117.5,1991.9,1568.5
B230206F22Rik,122.6,157.0,261.4,211.2
B230206H07Rik,0.0,0.0,7.8,0.9
B230208H11Rik,2.2,6.7,13.1,8.6
B230208H17Rik,1926.8,1938.1,2090.3,2011.7
B230209E15Rik,0.0,0.0,0.9,0.9
B230209K01Rik,0.0,0.0,0.0,0.0
B230214G05,0.0,0.0,1.7,3.8
B230216N24Rik,11.8,7.9,10.4,2.8
B230217C12Rik,39.8,57.2,18.3,33.3
B230217O12Rik,28.0,22.4,40.9,28.5
B230219D22Rik,3947.1,3854.9,4354.1,4086.2
B230312A22Rik,601.4,587.7,525.4,537.4
B230312C02Rik,8.6,10.1,0.0,1.9
B230319C09Rik,103.3,126.7,190.8,198.8
B230323A14Rik,0.0,0.0,0.0,4.8
B230378P21Rik,26.9,43.8,104.6,149.3
B2m,81190.3,76093.2,50804.7,56863.9
B330016D10Rik,75.3,53.8,94.1,146.5
B3galnt1,130.2,148.1,1774.0,1430.5
B3galnt2,957.5,998.2,800.8,734.3
B3galt1,2.2,0.0,13.9,6.7
B3galt2,376.5,360.0,136.8,147.4
B3galt4,205.5,235.5,227.4,270.1
B3galt5,2.2,1.1,7.0,12.4
B3galt6,299.1,234.4,244.0,189.3
B3galtl,371.2,358.9,639.6,481.3
B3gat1,0.0,0.0,4.3,7.6
B3gat2,687.4,673.0,687.5,656.3
B3gat3,1090.9,1016.2,758.9,871.3
B3gnt1,679.9,659.5,712.7,791.4
B3gnt2,5581.2,5665.1,2447.6,2446.4
B3gnt3,75.3,94.2,60.1,105.6
B3gnt4,26.9,22.4,28.7,43.7
B3gnt5,2.2,6.7,132.4,80.8
B3gnt6,9.7,13.5,12.2,25.7
B3gnt7,1310.3,1347.0,64.5,64.7
B3gnt8,1109.2,1013.9,1061.3,1344.9
B3gnt9-ps,162.5,159.3,264.0,263.5
B3gntl1,441.1,438.5,300.6,359.5
B430010I23Rik,93.6,89.7,128.1,180.7
B430212C06Rik,24.7,22.4,7.8,15.2
B430306N03Rik,2329.1,2369.9,1104.0,1132.8
B430319G15Rik,4.3,6.7,42.7,22.8
B4galnt1,3997.7,4050.0,910.5,1094.8
B4galnt2,234.5,205.3,61.0,59.9
B4galnt3,1.1,0.0,8.7,3.8
B4galnt4,1.1,0.0,1.7,5.7
B4galt1,8890.4,8799.9,4558.0,4144.2
B4galt2,7.5,2.3,156.8,51.4
B4galt3,437.9,532.8,391.2,451.8
B4galt4,50.6,58.3,170.8,207.3
B4galt5,3554.4,3696.7,1288.7,1302.1
B4galt6,1456.6,1473.8,7443.9,7405.7
B4galt7,1571.7,1527.6,680.5,624.0
B630005N14Rik,2981.0,3024.9,1779.3,1642.6
B630019K06Rik,20.4,18.0,63.6,66.6
B830017H08Rik,0.0,1.1,0.9,5.7
B930003M22Rik,43.0,61.7,110.6,122.7
B930007M17Rik,0.0,0.0,0.0,1.9
B930018H19,6.5,2.3,4.3,5.7
B930025P03Rik,0.0,1.1,0.0,0.9
B930041F14Rik,89.3,140.2,54.9,49.5
B930059L03Rik,68.9,57.2,54.0,72.3
B930092H01Rik,0.0,0.0,0.0,1.9
B9d1,0.0,5.6,41.8,20.0
B9d2,320.6,308.4,226.5,269.2
BB014433,0.0,0.0,1.7,4.8
BB019430,0.0,0.0,0.0,3.8
BB031773,0.0,0.0,0.9,1.9
BB123696,0.0,2.3,0.9,0.9
BB283400,2.2,0.0,0.0,0.0
BB287469,0.0,0.0,7.8,5.7
BB557941,0.0,0.0,0.0,0.0
BC002163,209.8,227.7,108.9,152.2
BC002163,209.8,227.7,108.9,818.9
BC002163,209.8,227.7,840.8,152.2
BC002163,209.8,227.7,840.8,818.9
BC002163,209.8,1174.3,108.9,152.2
BC002163,209.8,1174.3,108.9,818.9
BC002163,209.8,1174.3,840.8,152.2
BC002163,209.8,1174.3,840.8,818.9
BC002163,1214.6,227.7,108.9,152.2
BC002163,1214.6,227.7,108.9,818.9
BC002163,1214.6,227.7,840.8,152.2
BC002163,1214.6,227.7,840.8,818.9
BC002163,1214.6,1174.3,108.9,152.2
BC002163,1214.6,1174.3,108.9,818.9
BC002163,1214.6,1174.3,840.8,152.2
BC002163,1214.6,1174.3,840.8,818.9
BC002230,660.5,655.0,693.6,731.4
BC003266,733.7,669.6,513.2,547.9
BC003331,1698.7,1682.4,1571.9,1496.2
BC003965,414.2,496.9,431.3,388.1
BC004004,1609.4,1459.2,1381.9,1340.2
BC005537,9860.8,10125.6,18036.0,18968.9
BC005561,411.0,432.9,596.9,577.3
BC005624,738.0,751.5,621.3,681.0
BC005764,344.3,382.5,388.6,421.4
BC006779,1817.0,1763.1,1370.6,1968.9
BC006965,0.0,0.0,0.9,1.9
BC013529,1544.8,1469.3,824.3,731.4
BC013712,2881.0,2796.1,4009.9,4570.3
BC016423,1525.5,1469.3,1642.5,1292.6
BC016495,184.0,141.3,138.5,142.7
BC016579,2.2,0.0,2.6,0.9
BC017158,412.0,399.3,551.6,537.4
BC017612,7.5,11.2,17.4,16.2
BC017643,3381.2,3227.9,2756.1,2547.2
BC017647,273.3,246.8,189.9,232.1
BC018242,24.7,31.4,58.4,35.2
BC018473,2.2,0.0,1.7,0.9
BC018507,3643.7,3769.6,3597.8,3304.3
BC020402,125.9,135.7,115.0,87.5
BC020535,0.0,0.0,0.0,1.9
BC021614,0.0,2.3,0.0,0.0
BC021767,96.8,79.6,4.3,6.7
BC021785,79.6,57.2,48.8,51.4
BC021891,2.2,2.3,4.3,11.4
BC022687,181.8,206.4,131.6,88.5
BC023829,769.2,795.2,652.6,702.9
BC024139,1.1,2.3,0.0,6.7
BC024386,0.0,4.5,0.0,1.9
BC024479,272.2,262.5,220.4,216.9
BC024582,49.5,34.8,18.3,14.3
BC024659,1225.3,1417.7,1418.5,1278.3
BC024978,221.6,226.6,213.5,262.5
BC025920,35.5,30.3,13.9,19.0
BC026585,242.1,277.0,106.3,163.6
BC026590,172.1,203.0,173.4,121.7
BC027072,2.2,0.0,7.0,11.4
BC027231,1012.3,955.6,559.4,487.9
BC028528,543.3,490.1,351.1,409.0
BC029214,185.0,159.3,169.0,130.3
BC029722,815.5,757.1,924.5,868.4
BC030307,45.2,33.7,49.7,47.6
BC030336,473.4,428.5,544.6,507.0
BC030476,2.2,2.3,5.2,3.8
BC030500,0.0,0.0,0.9,1.9
BC030867,32.3,47.1,40.9,27.6
BC030870,0.0,0.0,0.0,0.9
BC031181,1670.7,1661.1,1314.8,1226.0
BC031353,501.3,528.3,707.5,767.6
BC031361,47.3,40.4,55.8,55.2
BC031781,1291.0,1156.4,1105.7,1061.5
BC032203,397.0,389.2,615.2,609.7
BC033916,0.0,0.0,0.9,3.8
BC035044,24.7,19.1,98.5,144.6
BC037032,522.8,411.6,378.2,392.8
BC037034,853.1,935.4,2162.7,2405.5
BC037704,20.4,30.3,47.9,59.0
BC039771,2.2,3.4,4.3,0.9
BC039966,0.0,0.0,0.0,3.8
BC046331,535.8,518.2,460.9,511.7
BC046404,210.9,228.8,295.4,306.3
BC048355,49.5,61.7,81.0,59.0
BC048403,210.9,223.2,153.3,138.9
BC048502,0.0,0.0,0.0,0.9
BC048507,1.1,2.3,0.0,2.8
BC048546,1.1,2.3,1.7,4.8
BC048562,0.0,0.0,0.9,0.0
BC048602,0.0,0.0,0.9,0.9
BC048609,7.5,9.0,5.2,12.4
BC048644,0.0,0.0,0.0,0.0
BC048671,1.1,2.3,1.7,2.8
BC048679,0.0,0.0,0.9,2.8
BC048943,0.0,0.0,1.7,0.0
BC049352,8.6,13.5,80.2,74.2
BC049635,1.1,0.0,1.7,0.9
BC049715,3.2,1.1,1.7,6.7
BC049730,0.0,0.0,0.0,0.9
BC049762,3.2,5.6,0.9,3.8
BC051019,5.4,4.5,5.2,6.7
BC051070,2.2,0.0,0.0,0.0
BC051142,0.0,0.0,1.7,8.6
BC051226,44.1,61.7,47.0,32.3
BC051537,2.2,9.0,3.5,4.8
BC051628,0.0,0.0,5.2,0.0
BC051665,0.0,0.0,0.0,0.0
BC052040,148.5,145.8,218.7,217.8
BC052688,0.0,0.0,0.9,1.9
BC053393,0.0,0.0,1.7,1.9
BC053749,31.2,52.7,45.3,62.8
BC055004,24.7,38.1,2368.3,2132.5
BC055111,3.2,1.1,2.6,0.9
BC055324,106.5,143.6,160.3,126.5
BC055402,0.0,1.1,0.0,3.8
BC056474,246.4,311.8,237.0,221.6
BC057022,0.0,6.7,35.7,59.9
BC057079,1085.5,1089.1,1127.5,980.6
BC060267,26.9,26.9,7.8,11.4
BC061194,0.0,0.0,0.9,2.8
BC061212,0.0,0.0,0.0,0.0
BC061212,0.0,0.0,0.0,0.9
BC061212,0.0,0.0,0.0,0.0
BC061212,0.0,0.0,0.0,0.9
BC061212,0.0,0.0,0.0,0.0
BC061212,0.0,0.0,0.0,0.9
BC061212,0.0,0.0,0.0,0.0
BC061212,0.0,0.0,0.0,0.9
BC061212,0.0,0.0,0.0,0.0
BC061212,0.0,0.0,0.0,0.9
BC061212,0.0,0.0,0.0,0.0
BC061212,0.0,0.0,0.0,0.9
BC061212,0.0,0.0,0.0,0.0
BC061212,0.0,0.0,0.0,0.9
BC061212,0.0,0.0,0.0,0.0
BC061212,0.0,0.0,0.0,0.9
BC061237,0.0,0.0,0.9,0.9
BC064078,66.7,106.6,524.5,470.8
BC065397,8.6,9.0,20.9,13.3
BC066135,2.2,0.0,7.0,5.7
BC067068,293.7,320.8,305.0,318.6
BC068157,8.6,5.6,12.2,32.3
BC068281,225.9,231.1,201.3,221.6
BC080695,0.0,0.0,3.5,5.7
BC088983,217.3,212.0,156.0,143.6
BC089491,0.0,0.0,0.0,2.8
BC089597,0.0,0.0,0.0,2.8
BC090627,826.2,898.4,674.4,840.8
BC094916,34.4,31.4,166.4,220.7
BC096441,2822.9,2846.6,703.2,779.9
BC100451,20.4,34.8,57.5,54.2
BC100530,6.5,11.2,0.0,0.9
BC107364,0.0,2.3,0.9,0.0
BC117090,0.0,0.0,2.6,0.0
BC125332,4.3,0.0,2.6,4.8
BC147527,3.2,10.1,146.4,168.4
Baalc,0.0,0.0,8.7,0.9
Baat,0.0,0.0,0.0,2.8
Baat1,798.2,781.7,667.4,710.5
Bace1,525.0,504.7,856.5,785.7
Bace2,0.0,0.0,2.6,4.8
Bach1,5411.3,5440.8,8258.6,8948.5
Bach2,79.6,79.6,70.6,58.0
Bad,632.6,662.9,568.1,613.5
Bag1,3396.3,3199.9,2334.3,2347.4
Bag2,134.5,121.1,169.9,91.3
Bag3,420.6,404.9,440.0,446.1
Bag4,482.0,526.0,594.2,542.2
Bag5,727.2,692.0,774.6,719.1
Bag6,1379.2,1404.2,1568.4,2044.0
Bahcc1,4.3,2.3,139.4,165.5
Bahd1,718.6,725.7,902.7,1118.6
Bai1,16.1,13.5,3.5,9.5
Bai2,0.0,0.0,4.3,7.6
Bai3,1.1,0.0,2.6,3.8
Baiap2,1175.9,1105.9,1295.7,1586.5
Baiap2l1,26.9,41.5,77.5,71.3
Baiap2l2,0.0,0.0,0.9,1.9
Baiap3,38.7,33.7,46.2,55.2
Bak1,2829.3,2727.7,1328.8,1663.6
Bambi,45.2,47.1,202.1,122.7
Bambi-ps1,59.2,23.6,67.1,87.5
Banf1,1100.5,1136.2,885.3,817.0
Banf2,0.0,0.0,0.0,0.0
Bank1,17.2,16.8,130.7,103.7
Banp,507.8,468.8,463.5,452.7
Bap1,1788.0,1834.9,1874.3,2061.2
Bard1,116.2,121.1,128.9,140.8
Barhl1,6.5,5.6,4.3,10.5
Barhl2,0.0,0.0,4.3,1.9
Barx1,2.2,0.0,3.5,3.8
Barx2,0.0,0.0,0.9,0.0
Basp1,8165.3,7703.0,3949.8,3876.9
Batf,307.7,312.9,123.7,113.2
Batf2,60.3,68.4,107.2,169.3
Batf3,102.2,103.2,57.5,61.8
Bax,2024.7,1751.9,1793.2,1876.6
Baz1a,3844.9,4151.0,2445.0,2070.7
Baz1b,2853.0,2938.5,2807.5,2776.4
Baz2a,2665.8,2898.2,2531.2,2816.4
Baz2b,1686.9,1781.1,1571.9,1664.5
Bbc3,215.2,223.2,222.2,257.8
Bbip1,834.8,771.7,686.6,610.6
Bbox1,0.0,0.0,0.0,0.9
Bbs1,39.8,62.8,69.7,74.2
Bbs10,617.5,679.7,415.6,421.4
Bbs12,37.7,40.4,43.6,42.8
Bbs2,178.6,168.2,210.0,271.1
Bbs4,246.4,252.4,203.9,174.1
Bbs5,125.9,163.8,92.4,79.9
Bbs7,162.5,144.7,187.3,152.2
Bbs9,709.0,732.4,484.5,501.3
Bbx,2794.9,2692.9,5613.2,5670.8
Bc1,0.0,0.0,0.0,0.9
Bcam,189.3,167.1,52.3,34.2
Bcan,0.0,0.0,8.7,7.6
Bcap29,1315.7,1280.8,885.3,700.0
Bcap31,5693.1,5851.3,2851.9,2732.7
Bcar1,6.5,4.5,377.3,158.8
Bcar3,3275.8,3167.3,758.1,786.6
Bcas1,11.8,14.6,6.1,7.6
Bcas2,1450.2,1513.0,1268.7,1208.0
Bcas3,919.8,861.4,768.5,799.0
Bcat1,0.0,2.3,65.3,26.6
Bcat2,2863.8,2745.6,1554.5,1731.1
Bccip,987.6,960.1,919.3,768.5
Bcdin3d,116.2,124.5,69.7,52.3
Bche,2.2,0.0,7.8,2.8
Bckdha,1282.4,1245.0,1375.8,1776.8
Bckdhb,79.6,77.4,115.0,111.3
Bckdk,1667.5,1602.7,1513.5,1614.1
Bcl10,993.0,936.5,1476.9,1628.4
Bcl11a,24.7,19.1,27.9,32.3
Bcl11b,2.2,2.3,5.2,12.4
Bcl2,313.1,298.3,162.1,121.7
Bcl2a1a,5632.9,5633.7,162.9,161.7
Bcl2a1b,10419.1,10427.3,894.9,873.2
Bcl2a1c,71.0,103.2,7.0,3.8
Bcl2a1d,6876.5,6754.1,339.8,324.3
Bcl2l1,4806.7,4746.5,1782.8,1637.9
Bcl2l10,0.0,0.0,0.0,1.9
Bcl2l11,3175.8,3115.7,2763.9,3328.1
Bcl2l12,138.8,120.0,132.4,176.9
Bcl2l13,1755.7,1859.6,1349.7,1354.4
Bcl2l14,0.0,2.3,3.5,5.7
Bcl2l15,2.2,2.3,0.0,0.9
Bcl2l2,1553.5,1580.3,1090.0,994.9
Bcl3,202.3,215.4,480.1,561.2
Bcl6,522.8,581.0,1603.3,1800.5
Bcl6b,8.6,11.2,11.3,15.2
Bcl7a,75.3,55.0,72.3,78.0
Bcl7b,613.2,601.2,723.2,663.0
Bcl7c,89.3,106.6,187.3,156.0
Bcl9,58.1,88.6,187.3,192.1
Bcl9l,96.8,84.1,210.9,195.9
Bclaf1,4036.4,3878.4,5106.1,4747.2
Bcmo1,0.0,0.0,0.0,5.7
Bco2,14.0,10.1,88.9,76.1
Bcor,525.0,624.7,638.7,646.8
Bcorl1,119.4,127.9,128.1,171.2
Bcr,91.4,88.6,275.3,222.6
Bcs1l,216.2,194.0,244.0,233.0
Bdh1,895.1,904.0,7.0,24.7
Bdh2,3.2,12.3,4.3,13.3
Bdkrb1,4.3,6.7,0.0,3.8
Bdkrb2,2.2,4.5,1.7,1.9
Bdnf,0.0,0.0,37.5,20.0
Bdp1,1624.5,1564.6,1430.7,1353.5
Bean1,3.2,7.9,1.7,3.8
Becn1,2746.5,2754.6,2406.6,2460.6
Begain,0.0,0.0,1.7,0.9
Bend3,192.6,217.6,309.3,279.6
Bend4,159.2,143.6,795.5,837.0
Bend5,0.0,0.0,0.0,0.0
Bend6,94.7,78.5,27.9,25.7
Bend7,2.2,0.0,2.6,4.8
Best1,935.9,893.9,323.3,369.0
Best2,1.1,0.0,3.5,6.7
Best3,0.0,0.0,0.9,2.8
Bet1,1246.9,1190.0,707.5,627.8
Bet1l,963.9,933.2,598.6,654.4
Bet3l,2.2,0.0,1.7,0.0
Beta-s,0.0,1.1,48.8,20.0
Bex1,1137.1,1236.0,13.9,17.1
Bex2,19.4,22.4,27.9,23.8
Bex4,21.5,33.7,0.0,0.0
Bex6,5.4,11.2,42.7,34.2
Bfar,1987.0,1981.8,1443.8,1347.8
Bfsp1,45.2,50.5,1.7,1.9
Bfsp2,1.1,0.0,0.0,2.8
Bglap,1.1,0.0,13.1,1.9
Bglap-rs1,2.2,0.0,0.9,2.8
Bglap2,1.1,0.0,8.7,3.8
Bgn,6.5,4.5,7588.5,2824.9
Bhlha15,47.3,18.0,26.1,29.5
Bhlha9,0.0,0.0,1.7,4.8
Bhlhb9,8.6,4.5,76.7,38.0
Bhlhe22,0.0,0.0,4.3,4.8
Bhlhe23,4.3,0.0,0.0,6.7
Bhlhe40,7859.8,8254.8,228.3,179.8
Bhlhe41,3468.4,3331.1,482.7,503.2
Bhmt,0.0,0.0,0.0,2.8
Bhmt2,0.0,0.0,0.0,3.8
Bicc1,0.0,1.1,377.3,166.4
Bicd1,39.8,43.8,13.1,33.3
Bicd2,3211.3,3069.8,2829.2,2996.1
Bid,1000.5,923.1,804.2,774.2
Bik,5.4,12.3,0.0,1.9
Bin1,2187.1,2115.3,4306.2,4214.6
Bin3,2018.2,2009.9,1644.2,1848.1
Birc2,877.9,918.6,1272.2,1232.7
Birc3,1087.6,1118.2,2089.5,2235.2
Birc5,167.8,180.6,252.7,212.1
Birc6,17389.2,17464.0,14665.6,14167.5
Birc7,0.0,0.0,2.6,3.8
Bivm,731.5,740.2,627.4,643.0
Blcap,1218.9,1269.6,685.7,680.1
Blk,0.0,0.0,7.0,9.5
Blm,452.9,454.2,300.6,191.2
Blmh,1004.8,1129.4,1140.6,1175.6
Blnk,1447.0,1462.5,1895.2,2069.7
Bloc1s1,381.9,374.6,474.0,603.0
Bloc1s2,217.3,240.0,169.9,173.1
Bloc1s3,562.6,620.2,545.5,550.7
Blvra,2622.8,2586.4,2624.5,2746.0
Blvrb,1961.2,2140.0,3808.6,4999.3
Blzf1,726.2,625.8,470.5,451.8
Bmf,1217.8,1262.9,1749.7,1731.1
Bmi1,1146.8,1197.9,956.7,887.4
Bmp1,1.1,5.6,887.0,345.3
Bmp10,0.0,0.0,0.0,0.0
Bmp15,0.0,0.0,0.0,3.8
Bmp2,2.2,2.3,133.3,151.2
Bmp2k,3502.8,3611.5,4721.8,4552.2
Bmp3,0.0,0.0,1.7,1.9
Bmp4,2.2,0.0,15.7,6.7
Bmp5,0.0,0.0,34.8,3.8
Bmp6,3.2,2.3,6.1,5.7
Bmp7,0.0,1.1,5.2,3.8
Bmp8a,8.6,6.7,0.0,3.8
Bmp8b,11.8,24.7,20.9,27.6
Bmper,0.0,0.0,38.3,19.0
Bmpr1a,812.2,779.5,544.6,194.0
Bmpr1b,0.0,0.0,7.8,4.8
Bmpr2,2147.3,1989.7,3006.1,2702.2
Bms1,1311.4,1239.3,1144.9,1066.2
Bmx,100.1,86.4,20.0,23.8
Bmyc,33.4,42.6,113.3,176.0
Bnc1,1.1,0.0,0.0,10.5
Bnc2,9.7,4.5,113.3,26.6
Bnip1,246.4,243.4,201.3,193.1
Bnip2,4661.4,4661.3,5371.8,5035.4
Bnip3,2083.8,2034.5,695.3,589.7
Bnip3l,9595.0,9655.6,2861.5,2704.1
Bnipl,1.1,2.3,7.8,4.8
Boc,6.5,9.0,103.7,43.7
Bod1,333.5,298.3,313.7,253.0
Bod1l,3388.8,3355.8,4313.1,4313.5
Bok,103.3,111.0,194.3,66.6
Bola1,122.6,107.7,61.9,107.5
Bola2,971.4,1011.7,444.4,532.6
Bola3,379.8,334.2,187.3,127.5
Boll,0.0,0.0,0.0,0.0
Bop1,1036.0,1092.4,1104.9,1071.9
Bpgm,308.8,354.4,291.0,273.9
Bphl,289.4,228.8,527.2,586.9
Bpi,0.0,0.0,0.9,1.9
Bpifa1,0.0,0.0,0.0,1.9
Bpifa2,0.0,0.0,0.0,1.9
Bpifa3,0.0,1.1,0.0,1.9
Bpifa5,0.0,1.1,0.9,0.0
Bpifa6,0.0,2.3,0.9,0.0
Bpifb1,0.0,0.0,0.0,2.8
Bpifb2,0.0,0.0,3.5,1.9
Bpifb3,0.0,1.1,0.9,1.9
Bpifb4,0.0,0.0,0.0,1.9
Bpifb5,0.0,0.0,3.5,2.8
Bpifb6,0.0,1.1,1.7,1.9
Bpifb9a,2.2,1.1,7.0,3.8
Bpifb9b,3.2,4.5,7.0,10.5
Bpifc,36.6,53.8,10.4,6.7
Bpnt1,726.2,605.7,631.7,631.6
Bptf,2244.1,2354.2,2566.1,2560.5
Braf,3749.2,3512.8,2762.2,2322.7
Brap,3197.3,3177.4,2243.7,2396.9
Brca1,151.7,155.9,149.9,170.3
Brca2,107.6,123.4,178.6,140.8
Brcc3,589.5,621.4,606.4,571.6
Brd1,1208.1,1319.0,1326.2,1544.7
Brd2,6566.7,6405.3,5851.9,6200.6
Brd3,1094.1,1087.9,1166.7,1226.0
Brd4,545.4,530.5,670.1,687.7
Brd7,2345.2,2348.6,2153.1,1861.4
Brd8,1339.4,1449.1,1278.3,1254.6
Brd9,866.0,868.1,686.6,812.3
Brdt,89.3,76.3,24.4,33.3
Bre,912.3,915.2,1127.5,1002.5
Brf1,732.6,809.8,901.0,902.6
Brf2,194.7,213.1,192.6,245.4
Bri3,658.4,749.2,1104.9,1202.3
Bri3bp,882.2,851.3,293.6,273.0
Brip1,164.6,151.4,211.7,183.6
Brix1,557.3,619.1,726.7,523.1
Brms1,1041.4,1035.2,1008.1,1016.8
Brms1l,284.0,376.9,508.9,412.8
Brox,2223.7,2239.8,2093.0,2157.2
Brp44,740.2,757.1,603.8,511.7
Brp44l,1643.8,1486.1,456.6,409.0
Brpf1,2645.4,2605.4,2289.9,2646.1
Brpf3,416.3,450.9,795.5,837.0
Brs3,0.0,0.0,1.7,1.9
Brsk1,53.8,60.6,142.9,156.0
Brsk2,17.2,21.3,32.2,48.5
Brwd1,3188.7,3326.6,3002.6,2515.8
Brwd3,958.5,916.3,828.6,699.1
Bscl2,3197.3,3110.1,1740.1,2105.9
Bsdc1,614.3,610.1,629.1,638.2
Bsg,12028.5,11598.2,6168.2,5445.4
Bsn,263.6,291.6,146.4,152.2
Bsnd,0.0,0.0,0.0,3.8
Bsph1,0.0,0.0,0.9,0.0
Bsph2,0.0,0.0,0.0,0.9
Bspry,1.1,5.6,13.1,5.7
Bst1,8667.7,8463.4,113.3,128.4
Bst2,1396.4,1485.0,2461.5,3017.1
Bsx,0.0,0.0,0.0,0.9
Btaf1,1938.6,2109.7,2453.7,2279.9
Btbd1,1600.8,1543.3,1497.8,1500.0
Btbd10,541.1,489.0,521.1,487.0
Btbd11,22.6,34.8,192.6,171.2
Btbd16,8.6,7.9,6.1,3.8
Btbd17,7.5,5.6,2.6,2.8
Btbd19,174.3,199.6,152.5,110.3
Btbd2,528.2,567.5,547.2,793.3
Btbd3,333.5,395.9,582.0,535.5
Btbd6,377.6,336.5,384.3,370.0
Btbd7,1382.4,1493.9,1414.2,1386.8
Btbd8,76.4,62.8,24.4,27.6
Btbd9,2374.3,2392.3,2236.7,2443.5
Btc,4.3,0.0,1.7,2.8
Btd,559.4,532.8,393.8,438.5
Btf3,1221.0,1295.4,1181.5,955.9
Btf3l4,709.0,721.2,639.6,565.9
Btg1,18518.8,18517.2,5552.2,5161.0
Btg2,1714.8,1721.6,2245.4,1953.7
Btg3,134.5,152.5,130.7,57.1
Btg4,0.0,0.0,0.0,0.0
Btk,2474.3,2692.9,2425.8,2571.9
Btla,19.4,11.2,28.7,42.8
Btn1a1,0.0,2.3,3.5,9.5
Btn2a2,0.0,4.5,4.3,1.9
Btnl1,2.2,0.0,0.0,0.9
Btnl10,1.1,0.0,0.0,2.8
Btnl2,0.0,0.0,8.7,10.5
Btnl4,3.2,0.0,3.5,0.9
Btnl5,0.0,0.0,0.0,1.9
Btnl6,0.0,0.0,0.0,0.0
Btnl9,0.0,4.5,7.8,8.6
Btrc,369.0,344.3,496.7,585.0
Bub1,208.7,201.9,194.3,136.0
Bub1b,451.8,500.2,460.1,448.0
Bub3,1599.7,1751.9,2049.4,1966.0
Bud13,442.2,464.3,451.3,524.1
Bud31,1188.8,1045.3,974.2,764.7
Bves,0.0,0.0,1.7,5.7
Bysl,555.1,569.8,561.1,536.4
Bzrap1,31.2,34.8,56.6,56.1
Bzw1,6295.6,5937.6,5032.0,4038.6
Bzw2,486.3,438.5,633.5,436.6
C030006K11Rik,237.8,275.9,196.9,202.6
C030007H22Rik,0.0,0.0,0.9,1.9
C030016D13Rik,49.5,38.1,32.2,39.9
C030018K13Rik,0.0,0.0,0.0,0.9
C030019I05Rik,25.8,21.3,11.3,18.1
C030023E24Rik,0.0,0.0,0.0,0.0
C030030A07Rik,1.1,6.7,7.0,7.6
C030034I22Rik,81.8,79.6,88.9,85.6
C030034L19Rik,2.2,11.2,36.6,52.3
C030037D09Rik,0.0,2.3,8.7,2.8
C030039L03Rik,44.1,58.3,33.1,37.1
C030044B11Rik,117.3,131.2,220.4,202.6
C030046E11Rik,8076.0,8161.7,2062.5,1971.7
C030046I01Rik,1595.4,1612.8,2187.9,2305.6
C030048B08Rik,253.9,249.0,294.5,282.5
C130021I20Rik,0.0,2.3,4.3,12.4
C130022K22Rik,402.4,422.8,508.0,483.2
C130026I21Rik,172.1,168.2,88.9,91.3
C130026L21Rik,0.0,0.0,3.5,7.6
C130030K03Rik,0.0,0.0,0.0,0.0
C130036L24Rik,15.1,12.3,15.7,12.4
C130039O16Rik,1286.7,1348.1,1767.1,1853.8
C130050O18Rik,364.7,334.2,331.1,428.0
C130060C02Rik,9.7,1.1,3.5,9.5
C130060K24Rik,0.0,0.0,0.0,2.8
C130071C03Rik,0.0,0.0,0.0,0.0
C130074G19Rik,2.2,2.3,3.5,2.8
C130079G13Rik,2.2,0.0,3.5,0.9
C130080G10Rik,0.0,1.1,0.0,0.0
C130083M11Rik,38.7,30.3,34.8,16.2
C1d,1078.0,1142.9,1066.5,1013.0
C1galt1,1242.6,1122.7,880.9,694.3
C1galt1c1,1036.0,1011.7,558.5,468.0
C1qa,2913.3,2980.0,24314.0,22536.7
C1qb,12607.3,11940.3,60399.0,68771.4
C1qbp,942.4,823.2,851.3,645.8
C1qc,6237.5,5638.2,34743.1,37914.0
C1ql1,0.0,0.0,1.7,3.8
C1ql2,0.0,4.5,0.0,0.0
C1ql3,40.9,33.7,16.5,20.9
C1ql4,0.0,0.0,0.9,0.0
C1qtnf1,2.2,0.0,70.6,53.3
C1qtnf2,0.0,0.0,0.0,0.0
C1qtnf3,0.0,3.4,3.5,3.8
C1qtnf4,2.2,2.3,1.7,1.9
C1qtnf5,11.8,14.6,71.4,37.1
C1qtnf6,683.1,653.9,427.8,381.4
C1qtnf7,0.0,0.0,6.1,1.9
C1qtnf9,0.0,2.3,1.7,3.8
C1ra,241.0,250.1,88.9,62.8
C1rb,123.7,171.6,38.3,25.7
C1rl,151.7,146.9,58.4,51.4
C1s,12.9,18.0,27.9,13.3
C2,53.8,48.2,18.3,20.9
C230004F18Rik,0.0,0.0,0.9,0.0
C230024C17,0.0,2.3,1.7,5.7
C230035I16Rik,11.8,12.3,11.3,10.5
C230052I12Rik,203.3,190.7,142.0,165.5
C230079O03,0.0,0.0,0.0,1.9
C230081A13Rik,1699.8,1792.3,3829.6,3875.0
C230091D08Rik,639.0,618.0,981.1,888.4
C230096C10Rik,13515.2,13513.9,3621.3,3698.1
C2cd2,600.3,629.2,506.2,397.6
C2cd2l,2419.5,2368.8,550.7,626.8
C2cd3,887.5,842.3,1184.1,1199.4
C2cd4a,0.0,2.3,0.0,4.8
C2cd4b,0.0,0.0,0.0,0.0
C2cd4c,0.0,0.0,5.2,15.2
C2cd4d,0.0,0.0,1.7,1.9
C3,23237.2,22461.8,3488.0,4033.8
C330005M16Rik,3.2,0.0,3.5,0.0
C330006A16Rik,498.1,637.1,766.8,837.0
C330006K01Rik,1151.1,1086.8,790.3,867.5
C330007P06Rik,1151.1,1099.2,816.4,815.1
C330008G21Rik,0.0,0.0,0.0,0.9
C330011F03,0.0,0.0,0.0,1.9
C330013E15Rik,14.0,21.3,24.4,38.0
C330013F16Rik,0.0,0.0,1.7,1.9
C330018D20Rik,326.0,342.1,174.3,171.2
C330019G07Rik,3653.4,3622.7,3113.3,3020.9
C330021F23Rik,4394.6,4249.7,4160.7,4486.6
C330022C24Rik,0.0,0.0,3.5,1.9
C330024C12Rik,0.0,0.0,2.6,1.9
C330024D21Rik,0.0,0.0,0.9,1.9
C330027C09Rik,294.8,324.1,354.6,259.7
C330046G13Rik,2.2,2.3,0.9,1.9
C3ar1,20365.9,19874.3,34087.9,37004.7
C430002E04Rik,0.0,2.3,1.7,1.9
C430048L16Rik,1231.8,1202.3,1378.5,1234.6
C430049B03Rik,122.6,120.0,128.9,117.9
C4a,34.4,28.0,35.7,48.5
C4b,6.5,4.5,19.2,20.0
C4bp,0.0,0.0,1.7,2.8
C4bp-ps1,0.0,0.0,0.9,0.9
C530005A16Rik,194.7,237.8,210.0,211.2
C530008M17Rik,12.9,5.6,55.8,41.8
C530028O21Rik,766.0,732.4,394.7,429.0
C530044C16Rik,0.0,1.1,7.0,2.8
C5ar1,2208.6,2189.3,11047.8,12782.6
C6,0.0,0.0,2.6,0.0
C630004H02Rik,36.6,20.2,11.3,12.4
C630020P19Rik,0.0,2.3,3.5,3.8
C630028M04Rik,2.2,0.0,0.0,2.8
C630031E19,0.0,0.0,1.7,5.7
C630043F03Rik,19.4,12.3,64.5,34.2
C7,0.0,0.0,0.0,0.0
C730002L08Rik,0.0,0.0,0.0,0.0
C730027H18Rik,0.0,0.0,2.6,1.9
C730036E19Rik,0.0,0.0,0.0,2.8
C77080,204.4,234.4,21.8,18.1
C77370,2.2,3.4,1.7,5.7
C78339,391.6,387.0,280.6,227.3
C80913,1139.3,1090.2,741.5,701.9
C85492,65.6,62.8,50.5,50.4
C86187,2.2,0.0,0.0,1.9
C86695,1.1,0.0,0.0,0.0
C87198,0.0,0.0,1.7,1.9
C87414,0.0,0.0,0.9,2.8
C87436,699.3,711.1,729.3,681.0
C87499,0.0,0.0,0.0,1.9
C87977,0.0,0.0,1.7,1.9
C8a,3.2,3.4,2.6,4.8
C8b,0.0,0.0,0.0,1.9
C8g,37.7,50.5,8.7,22.8
C9,2.2,0.0,0.0,0.9
C920006O11Rik,4.3,7.9,10.4,10.5
C920009B18Rik,715.4,727.9,485.3,483.2
C920021L13Rik,318.4,289.4,237.0,262.5
CK137956,1.1,0.0,2.6,2.8
Cab39,10799.9,11194.4,8392.8,7496.1
Cab39l,1417.9,1539.9,1012.5,872.2
Cabin1,1903.1,1922.4,2195.8,2633.7
Cables1,305.5,293.9,240.5,295.8
Cables2,351.8,351.1,296.2,351.0
Cabp1,0.0,2.3,1.7,1.9
Cabp2,0.0,0.0,0.0,2.8
Cabp4,5.4,1.1,6.1,11.4
Cabp5,0.0,0.0,0.0,0.9
Cabp7,0.0,1.1,3.5,6.7
Cabyr,23.7,41.5,38.3,21.9
Cachd1,2.2,0.0,68.0,39.9
Cacna1a,7.5,13.5,243.1,239.7
Cacna1b,55.9,50.5,32.2,22.8
Cacna1c,8.6,5.6,59.2,53.3
Cacna1d,230.2,242.3,1095.3,1010.1
Cacna1e,0.0,7.9,34.0,34.2
Cacna1f,18.3,23.6,28.7,31.4
Cacna1g,0.0,2.3,7.0,20.0
Cacna1h,1.1,1.1,12.2,9.5
Cacna1i,4.3,2.3,13.9,12.4
Cacna1s,3.2,3.4,6.1,7.6
Cacna2d1,0.0,1.1,225.7,72.3
Cacna2d2,1.1,0.0,2.6,8.6
Cacna2d3,1.1,1.1,0.9,1.9
Cacna2d4,64.6,48.2,46.2,47.6
Cacnb1,40.9,43.8,66.2,66.6
Cacnb2,2.2,7.9,16.5,11.4
Cacnb3,109.7,93.1,144.6,59.0
Cacnb4,110.8,84.1,93.2,69.4
Cacng1,0.0,0.0,1.7,1.9
Cacng2,2.2,0.0,1.7,2.8
Cacng3,0.0,0.0,1.7,1.9
Cacng4,0.0,0.0,0.0,3.8
Cacng5,0.0,0.0,0.0,1.9
Cacng6,0.0,0.0,0.0,0.0
Cacng7,0.0,0.0,1.7,3.8
Cacng8,6.5,3.4,0.9,1.9
Cacybp,1595.4,1555.6,1339.2,1230.8
Cad,605.7,467.7,643.0,545.0
Cadm1,131.3,140.2,5198.4,6001.8
Cadm2,0.0,0.0,0.9,2.8
Cadm3,2.2,0.0,2.6,17.1
Cadm4,15.1,12.3,9.6,7.6
Cadps,1.1,1.1,1.7,8.6
Cadps2,0.0,0.0,1.7,9.5
Cage1,60.3,69.5,25.3,13.3
Calb1,0.0,0.0,0.0,0.9
Calb2,3.2,0.0,2.6,2.8
Calca,0.0,0.0,0.0,6.7
Calcb,1.1,3.4,0.0,0.9
Calcoco1,1216.7,1151.9,1434.2,1456.2
Calcoco2,2.2,0.0,2.6,0.9
Calcr,0.0,0.0,0.0,0.0
Calcrl,1478.1,1442.4,2056.4,2027.9
Cald1,384.1,440.8,6761.6,2321.8
Calhm1,0.0,2.3,1.7,0.9
Calhm2,246.4,250.1,932.3,1071.9
Calm1,25088.6,24218.2,16932.0,16904.9
Calm2,4982.0,4829.5,5722.1,5518.6
Calm3,5652.2,5136.8,3740.7,4283.1
Calm4,2.2,4.5,3.5,4.8
Calm5,0.0,0.0,0.0,0.9
Calml3,0.0,0.0,1.7,2.8
Calml4,19.4,13.5,20.9,28.5
Caln1,0.0,0.0,3.5,6.7
Calr,66795.1,66683.2,21050.8,22911.4
Calr3,1.1,5.6,7.0,7.6
Calr4,2.2,0.0,5.2,0.9
Calu,6682.9,6951.5,6869.7,4324.9
Caly,0.0,1.1,0.9,2.8
Camk1,3800.8,3811.1,4429.0,4420.0
Camk1d,1197.4,1200.1,3765.9,3964.4
Camk1g,0.0,2.3,4.3,0.9
Camk2a,32.3,22.4,28.7,27.6
Camk2b,2.2,5.6,7.8,14.3
Camk2d,3038.1,3123.6,3076.7,3039.9
Camk2g,1476.0,1407.6,1049.1,897.9
Camk2n1,11.8,9.0,11.3,10.5
Camk2n2,17.2,20.2,11.3,20.0
Camk4,80.7,79.6,65.3,35.2
Camkk1,20.4,26.9,27.0,14.3
Camkk2,2572.2,2606.5,2107.8,2334.1
Camkv,0.0,0.0,1.7,4.8
Caml,578.8,594.4,613.4,585.0
Camp,0.0,3.4,243.1,220.7
Camsap1,422.8,444.2,398.2,413.7
Camsap2,3122.0,3458.9,2750.8,2714.6
Camsap3,6.5,13.5,26.1,31.4
Camta1,159.2,163.8,179.5,195.0
Camta2,915.5,846.8,1075.2,1170.9
Cand1,2514.1,2654.8,3161.2,2805.0
Cand2,514.2,520.4,489.7,563.1
Cant1,1392.1,1460.3,1510.9,1659.8
Canx,28612.9,28942.2,17886.1,17749.5
Cap1,12765.4,12411.3,10902.3,11400.6
Cap2,1.1,5.6,41.8,29.5
Capg,21044.7,20761.5,6653.6,7181.2
Capn1,3390.9,3409.6,1692.1,1773.0
Capn10,345.3,355.5,280.6,289.1
Capn11,0.0,0.0,2.6,2.8
Capn12,476.6,493.5,409.5,323.4
Capn13,0.0,0.0,0.9,5.7
Capn2,3435.0,3386.0,3637.9,3101.7
Capn3,12.9,23.6,31.4,32.3
Capn5,121.6,143.6,447.0,650.6
Capn6,0.0,0.0,12.2,5.7
Capn7,3133.8,2906.0,2641.0,2437.8
Capn8,0.0,2.3,0.0,1.9
Capn9,1.1,0.0,1.7,0.9
Capns1,8433.2,8035.0,5143.5,5871.5
Capns2,19.4,25.8,73.2,65.6
Caprin1,13725.0,13715.7,12833.2,11351.1
Caprin2,55.9,42.6,77.5,67.5
Caps2,0.0,0.0,0.9,0.9
Capsl,2.2,6.7,6.1,1.9
Capza1,2767.0,2857.8,2558.3,2390.3
Capza2,11757.4,11698.0,14104.5,13623.4
Capza3,0.0,0.0,0.0,0.0
Capzb,7769.4,7473.1,9244.1,9932.0
Car1,0.0,0.0,0.0,1.9
Car10,0.0,0.0,0.0,5.7
Car11,4.3,4.5,12.2,7.6
Car12,20.4,34.8,10.4,8.6
Car13,1334.0,1474.9,664.0,599.2
Car14,90.4,99.8,99.3,103.7
Car15,11.8,13.5,17.4,24.7
Car2,105.4,90.9,11.3,11.4
Car3,0.0,0.0,21.8,0.0
Car4,414.2,445.3,0.0,0.0
Car5a,0.0,2.3,0.0,0.9
Car5b,570.2,494.6,129.8,102.7
Car6,11.8,4.5,11.3,0.9
Car7,29.1,31.4,13.9,11.4
Car8,0.0,0.0,0.0,0.9
Car9,117.3,112.2,97.6,104.6
Card10,3.2,3.4,12.2,20.0
Card11,2148.4,2097.4,460.9,691.5
Card14,211.9,171.6,650.9,718.1
Card6,138.8,171.6,292.8,211.2
Card9,1783.7,1772.1,1075.2,1375.4
Carf,235.6,204.1,234.4,210.2
Carhsp1,1296.3,1213.6,1083.9,930.2
Carkd,1086.6,1027.4,814.7,836.1
Carm1,635.8,656.1,778.1,775.2
Carns1,122.6,145.8,60.1,53.3
Cars,1409.3,1454.7,888.8,676.3
Cars2,315.2,381.3,284.0,376.7
Cartpt,0.0,0.0,0.9,0.0
Casc1,11.8,26.9,28.7,22.8
Casc3,721.9,702.1,874.8,847.5
Casc4,2.2,0.0,114.1,38.0
Casc5,211.9,234.4,311.9,249.2
Casd1,1340.4,1289.8,1519.6,1342.1
Cask,755.2,678.6,1408.1,1484.8
Caskin1,43.0,41.5,38.3,38.0
Caskin2,181.8,199.6,156.0,153.1
Casp1,1573.9,1505.2,2046.8,1946.1
Casp12,2.2,2.3,95.8,68.5
Casp14,0.0,0.0,0.9,0.0
Casp2,1069.3,1006.1,1413.3,1607.5
Casp3,681.0,693.1,799.0,779.9
Casp4,401.3,432.9,629.1,674.4
Casp6,593.8,552.9,790.3,767.6
Casp7,1349.1,1211.3,490.6,531.7
Casp8,1704.1,1550.0,2406.6,2421.6
Casp8ap2,1039.2,1036.3,1043.0,973.0
Casp9,1650.3,1690.2,1118.8,1206.1
Casq1,3.2,2.3,2.6,14.3
Casq2,0.0,0.0,3.5,3.8
Casr,0.0,0.0,0.0,13.3
Cass4,52.7,38.1,43.6,75.1
Cast,5000.3,4758.8,2274.2,2312.3
Casz1,366.9,382.5,74.9,97.0
Cat,5542.5,5029.1,15127.4,14383.4
Catsper1,1.1,0.0,3.5,6.7
Catsper2,20.4,21.3,20.9,20.9
Catsper3,2.2,2.3,3.5,8.6
Catsper4,1.1,2.3,0.9,1.9
Catsperb,0.0,0.0,0.0,2.8
Catsperg1,57.0,53.8,53.1,67.5
Catsperg2,10.8,15.7,13.1,18.1
Cav1,1875.1,1860.7,341.6,128.4
Cav2,4992.8,4604.1,1918.7,1750.1
Cav3,0.0,1.1,8.7,3.8
Cbfa2t2,976.8,1055.4,1258.2,1186.1
Cbfa2t3,47.3,102.1,54.0,59.0
Cbfb,3503.9,3353.5,3177.8,2832.5
Cbl,4057.9,4250.8,5722.1,5915.2
Cblb,2207.5,2224.1,1688.7,1316.4
Cblc,0.0,0.0,0.9,0.0
Cbll1,519.6,490.1,551.6,631.6
Cbln1,92.5,53.8,2.6,1.9
Cbln2,0.0,0.0,1.7,0.0
Cbln3,5.4,3.4,3.5,15.2
Cbln4,0.0,2.3,2.6,3.8
Cbr1,614.3,633.7,382.5,421.4
Cbr2,48.4,65.1,521.1,604.0
Cbr3,345.3,395.9,799.9,890.3
Cbr4,233.5,244.5,210.0,191.2
Cbs,0.0,3.4,1.7,1.9
Cbwd1,231.3,266.9,181.2,134.1
Cbx1,676.7,678.6,806.9,746.7
Cbx2,99.0,84.1,136.8,130.3
Cbx3,889.7,837.8,1448.2,1050.1
Cbx4,546.5,535.0,830.4,1025.3
Cbx5,2838.0,2837.6,2998.3,2146.8
Cbx6,24.7,13.5,837.4,834.2
Cbx7,76.4,78.5,142.0,202.6
Cbx8,104.4,103.2,95.0,98.9
Cby1,64.6,58.3,64.5,65.6
Cc2d1a,406.7,402.7,423.5,473.7
Cc2d1b,1594.3,1704.8,1697.4,1755.8
Cc2d2a,233.5,207.5,101.1,78.0
Ccar1,1524.4,1524.2,1484.8,1541.8
Ccbe1,1310.3,1177.7,119.4,64.7
Ccbl1,91.4,83.0,102.8,85.6
Ccbl2,203.3,204.1,81.9,55.2
Ccbp2,4.3,0.0,2.6,7.6
Ccdc101,174.3,196.3,165.5,192.1
Ccdc102a,16.1,32.5,95.8,43.7
Ccdc103,1.1,2.3,4.3,3.8
Ccdc104,451.8,475.6,543.7,429.0
Ccdc105,0.0,0.0,0.9,0.9
Ccdc106,28.0,20.2,31.4,39.9
Ccdc107,239.9,222.1,244.8,223.5
Ccdc108,3.2,2.3,2.6,11.4
Ccdc109a,643.3,646.0,516.7,463.2
Ccdc109b,1056.4,1105.9,704.9,725.7
Ccdc11,10.8,2.3,8.7,9.5
Ccdc110,0.0,0.0,1.7,1.9
Ccdc111,159.2,223.2,187.3,204.5
Ccdc112,75.3,46.0,131.6,130.3
Ccdc113,0.0,0.0,2.6,0.9
Ccdc114,28.0,20.2,29.6,28.5
Ccdc115,1524.4,1531.0,980.3,923.6
Ccdc116,10.8,14.6,20.9,15.2
Ccdc117,909.1,991.5,997.7,958.8
Ccdc12,872.5,871.5,674.4,757.1
Ccdc120,81.8,32.5,40.1,44.7
Ccdc121,0.0,0.0,0.0,6.7
Ccdc122,156.0,166.0,178.6,165.5
Ccdc123,253.9,236.7,225.7,216.9
Ccdc124,1013.4,954.5,795.5,822.7
Ccdc125,917.7,842.3,225.7,176.9
Ccdc126,319.5,326.4,248.3,241.6
Ccdc127,2810.0,2640.2,1475.2,1314.5
Ccdc129,1.1,0.0,2.6,2.8
Ccdc13,0.0,0.0,0.9,5.7
Ccdc130,336.7,379.1,276.2,364.3
Ccdc132,1554.5,1582.6,1372.4,1348.7
Ccdc134,193.6,236.7,237.9,237.8
Ccdc135,0.0,0.0,1.7,6.7
Ccdc136,3.2,2.3,5.2,11.4
Ccdc137,275.4,259.1,376.4,295.8
Ccdc138,29.1,14.6,23.5,22.8
Ccdc14,73.2,104.3,140.3,114.1
Ccdc141,22.6,13.5,40.1,18.1
Ccdc142,328.1,363.4,499.3,595.4
Ccdc144b,0.0,3.4,1.7,0.9
Ccdc146,75.3,88.6,24.4,20.0
Ccdc147,0.0,0.0,1.7,6.7
Ccdc148,114.0,93.1,15.7,7.6
Ccdc149,4.3,2.3,9.6,1.9
Ccdc15,23.7,35.9,47.9,63.7
Ccdc150,2.2,0.0,7.0,17.1
Ccdc151,2.2,0.0,2.6,3.8
Ccdc152,11.8,19.1,218.7,198.8
Ccdc153,2.2,0.0,0.0,2.8
Ccdc154,10.8,16.8,13.1,11.4
Ccdc155,6.5,0.0,1.7,3.8
Ccdc157,170.0,134.6,142.9,148.4
Ccdc158,0.0,3.4,4.3,4.8
Ccdc159,19.4,30.3,25.3,22.8
Ccdc160,0.0,0.0,3.5,2.8
Ccdc162,0.0,4.5,2.6,5.7
Ccdc163,299.1,304.0,264.9,248.2
Ccdc164,0.0,0.0,1.7,8.6
Ccdc17,121.6,120.0,99.3,120.8
Ccdc18,20.4,47.1,50.5,64.7
Ccdc19,65.6,50.5,26.1,22.8
Ccdc21,608.9,575.4,509.7,476.5
Ccdc22,1308.2,1370.6,1352.3,1269.8
Ccdc23,375.5,400.4,350.3,362.4
Ccdc24,0.0,1.1,8.7,7.6
Ccdc25,631.5,622.5,394.7,322.4
Ccdc27,0.0,0.0,0.0,0.9
Ccdc28a,201.2,213.1,178.6,223.5
Ccdc28b,264.7,200.8,225.7,293.9
Ccdc3,1.1,0.0,0.0,6.7
Ccdc30,3.2,0.0,2.6,1.9
Ccdc32,802.5,715.6,562.9,487.9
Ccdc33,1.1,2.3,1.7,12.4
Ccdc34,213.0,238.9,297.1,219.7
Ccdc36,0.0,2.3,3.5,3.8
Ccdc37,18.3,14.6,20.9,42.8
Ccdc38,81.8,74.0,79.3,47.6
Ccdc39,144.2,180.6,193.4,163.6
Ccdc40,45.2,38.1,33.1,38.0
Ccdc41,833.7,800.8,924.5,834.2
Ccdc42,0.0,0.0,0.0,7.6
Ccdc42b,4.3,3.4,4.3,3.8
Ccdc43,871.4,780.6,669.2,644.9
Ccdc45,353.9,309.6,362.5,323.4
Ccdc46,1.1,4.5,21.8,23.8
Ccdc47,1750.3,1990.8,1678.2,1546.6
Ccdc48,30.1,34.8,3.5,9.5
Ccdc50,5834.0,5586.6,9514.2,9193.9
Ccdc51,154.9,151.4,131.6,148.4
Ccdc53,641.2,637.1,566.4,534.5
Ccdc54,2.2,0.0,5.2,12.4
Ccdc55,373.3,317.4,402.6,402.3
Ccdc56,823.0,810.9,704.0,771.4
Ccdc57,187.2,188.4,63.6,79.9
Ccdc58,163.5,178.3,157.7,115.1
Ccdc59,565.9,520.4,480.1,512.7
Ccdc6,1669.6,1799.0,1819.4,1741.6
Ccdc60,0.0,0.0,0.9,4.8
Ccdc61,249.6,258.0,237.0,230.2
Ccdc62,39.8,35.9,43.6,45.7
Ccdc63,1.1,1.1,9.6,15.2
Ccdc64,29.1,35.9,33.1,28.5
Ccdc64b,2.2,5.6,7.8,9.5
Ccdc65,0.0,0.0,3.5,3.8
Ccdc66,260.3,260.2,337.2,305.3
Ccdc67,2.2,1.1,5.2,1.9
Ccdc68,0.0,0.0,34.0,10.5
Ccdc69,265.7,264.7,64.5,63.7
Ccdc7,0.0,0.0,1.7,1.9
Ccdc70,0.0,0.0,0.0,0.0
Ccdc71,1180.2,1204.6,1087.4,1143.3
Ccdc72,967.1,1047.6,670.1,793.3
Ccdc73,57.0,51.6,90.6,101.8
Ccdc74a,12.9,21.3,29.6,29.5
Ccdc75,611.1,545.1,406.9,441.3
Ccdc76,323.8,338.7,384.3,353.8
Ccdc77,143.1,132.4,234.4,202.6
Ccdc78,17.2,13.5,28.7,24.7
Ccdc79,0.0,3.4,1.7,1.9
Ccdc8,4.3,4.5,34.0,17.1
Ccdc80,2507.7,2335.1,3704.1,1254.6
Ccdc81,3.2,0.0,2.6,5.7
Ccdc82,1238.2,1210.2,924.5,983.5
Ccdc83,2.2,0.0,0.0,0.0
Ccdc84,317.4,273.7,187.3,265.4
Ccdc85a,40.9,40.4,5.2,10.5
Ccdc85b,140.9,115.5,219.6,156.9
Ccdc85c,2.2,1.1,10.4,15.2
Ccdc86,476.6,526.0,280.6,329.1
Ccdc87,4.3,6.7,11.3,10.5
Ccdc88a,3783.6,3775.2,2115.6,1764.4
Ccdc88b,1558.8,1525.4,1157.1,1267.9
Ccdc88c,108.7,102.1,51.4,33.3
Ccdc89,18.3,12.3,8.7,10.5
Ccdc9,485.2,494.6,476.6,550.7
Ccdc90a,1700.8,1759.8,2264.6,2130.6
Ccdc90b,442.2,465.5,574.2,477.5
Ccdc91,703.6,630.3,545.5,499.4
Ccdc92,2.2,4.5,13.9,9.5
Ccdc93,3191.9,3013.7,2693.3,2808.8
Ccdc94,138.8,135.7,194.3,172.2
Ccdc96,4.3,5.6,27.9,33.3
Ccdc97,948.9,969.0,976.8,1136.6
Ccdc99,512.1,456.5,207.4,247.3
Cchcr1,250.7,308.4,159.4,131.3
Ccin,0.0,0.0,3.5,5.7
Cck,0.0,0.0,0.0,1.9
Cckar,1.1,0.0,1.7,1.9
Cckbr,0.0,0.0,0.0,9.5
Ccl1,0.0,0.0,0.9,2.8
Ccl11,0.0,0.0,0.0,1.9
Ccl12,6.5,2.3,26.1,11.4
Ccl17,2964.9,3162.8,1.7,2.8
Ccl19,0.0,0.0,0.0,1.9
Ccl2,1796.6,1626.3,238.7,239.7
Ccl20,0.0,0.0,0.0,0.0
Ccl21a,0.0,0.0,0.0,7.6
Ccl21b,0.0,0.0,7.0,21.9
Ccl21b,0.0,0.0,7.0,8.6
Ccl21b,0.0,0.0,3.5,21.9
Ccl21b,0.0,0.0,3.5,8.6
Ccl21b,0.0,0.0,7.0,21.9
Ccl21b,0.0,0.0,7.0,8.6
Ccl21b,0.0,0.0,3.5,21.9
Ccl21b,0.0,0.0,3.5,8.6
Ccl21b,0.0,0.0,7.0,21.9
Ccl21b,0.0,0.0,7.0,8.6
Ccl21b,0.0,0.0,3.5,21.9
Ccl21b,0.0,0.0,3.5,8.6
Ccl21b,0.0,0.0,7.0,21.9
Ccl21b,0.0,0.0,7.0,8.6
Ccl21b,0.0,0.0,3.5,21.9
Ccl21b,0.0,0.0,3.5,8.6
Ccl21c,0.0,0.0,9.6,22.8
Ccl21c,0.0,0.0,9.6,8.6
Ccl21c,0.0,0.0,4.3,22.8
Ccl21c,0.0,0.0,4.3,8.6
Ccl21c,0.0,0.0,9.6,22.8
Ccl21c,0.0,0.0,9.6,8.6
Ccl21c,0.0,0.0,4.3,22.8
Ccl21c,0.0,0.0,4.3,8.6
Ccl21c,0.0,0.0,9.6,22.8
Ccl21c,0.0,0.0,9.6,8.6
Ccl21c,0.0,0.0,4.3,22.8
Ccl21c,0.0,0.0,4.3,8.6
Ccl21c,0.0,0.0,9.6,22.8
Ccl21c,0.0,0.0,9.6,8.6
Ccl21c,0.0,0.0,4.3,22.8
Ccl21c,0.0,0.0,4.3,8.6
Ccl22,1286.7,1215.8,40.1,39.9
Ccl24,8.6,0.0,40.9,58.0
Ccl25,59.2,65.1,41.8,25.7
Ccl26,0.0,0.0,0.9,0.0
Ccl27a,16.1,18.0,20.9,24.7
Ccl27b,1.1,2.3,18.3,10.5
Ccl28,5.4,5.6,4.3,1.9
Ccl3,4084.8,3778.6,746.7,1015.8
Ccl4,1231.8,1229.3,132.4,176.9
Ccl5,146.3,160.4,128.9,116.0
Ccl6,334669.3,312883.2,1490.0,1985.1
Ccl7,233.5,223.2,138.5,86.6
Ccl8,19.4,11.2,7.8,2.8
Ccl9,16083.2,15518.1,6379.1,6790.3
Ccm2,1108.1,1037.5,1311.4,1410.6
Ccna1,0.0,0.0,2.6,2.8
Ccna2,519.6,532.8,651.8,552.6
Ccnb1,151.7,135.7,127.2,109.4
Ccnb1ip1,0.0,0.0,0.0,1.9
Ccnb2,175.4,182.8,230.9,215.9
Ccnb3,2.2,1.1,0.0,0.0
Ccnc,1033.8,1071.1,794.7,726.7
Ccnd1,340.0,308.4,2553.9,1479.0
Ccnd2,671.3,677.4,3228.3,1191.8
Ccnd3,569.1,647.2,781.6,799.0
Ccndbp1,1363.0,1248.3,1179.8,1137.6
Ccne1,253.9,233.3,88.0,49.5
Ccne2,174.3,152.5,172.5,128.4
Ccnf,244.2,206.4,177.7,152.2
Ccng1,4778.7,4743.1,5361.4,3710.5
Ccng2,1970.9,2070.4,1408.1,1263.1
Ccnh,432.5,412.7,616.0,619.2
Ccni,4900.3,4825.0,4486.5,4619.8
Ccnj,295.9,281.5,257.0,289.1
Ccnjl,0.0,0.0,0.0,5.7
Ccnk,349.6,334.2,403.4,356.7
Ccnl1,2739.0,2830.9,3102.9,2861.1
Ccnl2,2633.6,2563.9,2169.6,2209.5
Ccno,10.8,9.0,9.6,13.3
Ccnt1,972.5,975.8,1165.8,1297.4
Ccnt2,1748.2,1624.0,1551.0,1589.4
Ccny,7150.8,7111.9,3539.4,3161.6
Ccnyl1,249.6,292.7,422.6,227.3
Ccpg1,1661.0,1643.1,1221.6,1250.8
Ccr1,9822.0,9143.1,1785.4,1679.7
Ccr10,11.8,21.3,20.0,35.2
Ccr1l1,0.0,2.3,25.3,24.7
Ccr2,8694.6,8263.8,4352.4,5280.8
Ccr3,0.0,2.3,164.7,144.6
Ccr4,3.2,6.7,6.1,6.7
Ccr5,24802.5,24147.5,12794.8,15091.0
Ccr6,17.2,24.7,14.8,7.6
Ccr7,270.0,286.0,19.2,33.3
Ccr8,4.3,0.0,3.5,4.8
Ccr9,30.1,59.5,231.8,213.1
Ccrl1,25.8,28.0,40.1,33.3
Ccrl2,1296.3,1268.5,310.2,332.9
Ccrn4l,105.4,129.0,260.5,200.7
Ccs,470.1,364.5,488.8,535.5
Cct2,5226.2,5423.9,5380.5,4510.4
Cct3,3326.4,3419.7,2853.6,2249.5
Cct4,5358.5,5040.4,4473.5,4779.6
Cct5,5265.0,5209.7,5743.9,5446.3
Cct6a,3119.8,3166.2,3595.2,2642.3
Cct6b,3.2,9.0,8.7,6.7
Cct7,3457.6,3427.5,3427.0,3007.6
Cct8,4237.6,4429.1,4792.4,3715.2
Cct8l1,0.0,0.0,4.3,3.8
Ccz1,1869.7,1714.9,1407.2,1267.9
Cd101,42.0,60.6,67.1,129.4
Cd109,1011.3,1010.5,468.8,193.1
Cd14,5893.2,5860.2,6759.9,7163.2
Cd151,2062.3,1803.5,1986.7,1779.6
Cd160,81.8,92.0,81.9,94.2
Cd163,122.6,125.6,1519.6,1914.7
Cd163l1,0.0,0.0,0.0,4.8
Cd164,11358.3,10844.5,4206.0,3851.2
Cd164l2,0.0,0.0,0.9,0.0
Cd177,252.8,258.0,261.4,198.8
Cd180,1706.2,1655.5,2343.9,2499.6
Cd19,2.2,2.3,24.4,15.2
Cd1d1,783.2,705.5,115.9,144.6
Cd1d2,57.0,38.1,7.0,11.4
Cd2,7.5,22.4,0.0,10.5
Cd200,1657.8,1528.7,128.1,62.8
Cd200r1,6355.8,5948.8,3083.7,2855.4
Cd200r2,725.1,681.9,9.6,6.7
Cd200r3,160.3,161.5,7.0,9.5
Cd200r4,7041.1,6830.4,458.3,593.5
Cd207,0.0,0.0,35.7,9.5
Cd209a,101.1,104.3,53.1,46.6
Cd209b,0.0,0.0,1.7,1.9
Cd209c,77.5,76.3,12.2,17.1
Cd209d,11.8,7.9,22.6,10.5
Cd209e,4.3,0.0,0.0,0.0
Cd209f,0.0,0.0,3.5,1.9
Cd209g,0.0,0.0,1.7,2.8
Cd22,3775.0,3573.3,331.1,327.2
Cd226,101.1,83.0,32.2,29.5
Cd244,127.0,111.0,51.4,58.0
Cd247,215.2,278.2,259.6,298.7
Cd248,0.0,0.0,141.1,98.9
Cd24a,5865.2,5656.1,355.5,293.9
Cd27,24.7,35.9,51.4,44.7
Cd274,8144.9,8313.1,976.8,1039.6
Cd276,94.7,96.5,159.4,84.6
Cd28,2737.9,2600.9,5924.3,5936.2
Cd2ap,1511.5,1538.8,1968.4,1709.2
Cd2bp2,1352.3,1239.3,1154.5,1161.4
Cd300a,4868.0,4675.9,8290.8,9350.8
Cd300c,3.2,12.3,17.4,17.1
Cd300e,22.6,15.7,292.8,267.3
Cd300lb,6948.6,6925.7,9328.6,10569.2
Cd300ld,1085.5,1110.4,2762.2,3108.4
Cd300lf,13692.7,13447.7,169.0,233.0
Cd300lg,109.7,78.5,62.7,104.6
Cd300lh,177.5,163.8,6220.5,7272.5
Cd302,3232.8,3081.0,1492.6,1500.9
Cd320,463.7,437.4,141.1,100.8
Cd33,8703.2,8429.8,2352.6,2520.6
Cd34,58.1,32.5,52.3,53.3
Cd36,35342.1,34088.0,29179.6,28376.8
Cd37,3156.4,3018.2,2217.6,2324.6
Cd38,1144.7,1202.3,34.8,30.4
Cd3d,8.6,2.3,6.1,8.6
Cd3e,0.0,1.1,1.7,4.8
Cd3eap,551.9,550.7,406.9,339.6
Cd3g,0.0,0.0,0.9,1.9
Cd4,61.3,61.7,1092.7,851.3
Cd40,12.9,12.3,312.8,404.2
Cd40lg,0.0,0.0,0.0,0.0
Cd44,18458.5,18087.6,11229.9,10584.5
Cd46,14.0,5.6,36.6,28.5
Cd47,3867.5,3875.0,4809.8,4673.0
Cd48,3148.9,3210.0,4930.1,5067.8
Cd5,0.0,4.5,21.8,9.5
Cd52,7165.9,6713.8,3419.1,4013.9
Cd53,24984.3,24154.2,12909.8,13146.9
Cd55,11.8,24.7,226.5,173.1
Cd59a,295.9,264.7,460.9,308.2
Cd59b,4.3,12.3,5.2,5.7
Cd5l,39.8,23.6,4001.2,4666.4
Cd6,39.8,30.3,0.9,6.7
Cd63,793.9,762.7,474.9,482.2
Cd68,26212.8,24555.7,11644.7,15996.5
Cd69,79.6,52.7,47.9,50.4
Cd7,0.0,0.0,38.3,41.8
Cd70,0.0,0.0,0.0,0.0
Cd72,115.1,138.0,2581.8,2669.9
Cd74,75148.7,76587.8,37748.4,49679.8
Cd79a,9.7,13.5,27.9,26.6
Cd79b,9.7,20.2,162.9,202.6
Cd80,231.3,154.8,203.0,112.2
Cd81,4056.8,4097.1,3419.1,2595.7
Cd82,2963.8,3104.5,1636.4,1800.5
Cd83,516.4,526.0,2486.8,2435.9
Cd84,25096.2,24607.3,13588.6,13796.5
Cd86,678.8,569.8,1329.7,1108.1
Cd8a,2.2,0.0,0.0,3.8
Cd8b1,0.0,0.0,5.2,2.8
Cd9,33809.0,32907.0,3237.0,2522.5
Cd93,30341.8,29785.6,39671.5,43661.9
Cd96,0.0,0.0,2.6,4.8
Cd97,19127.7,18521.7,4488.3,5416.8
Cd99l2,1054.3,1094.7,1226.0,1211.8
Cda,5.4,2.3,0.9,0.0
Cdadc1,428.2,521.5,317.2,322.4
Cdan1,989.7,1065.5,926.2,917.9
Cdc123,1165.1,1155.2,1115.3,1082.4
Cdc14a,287.2,226.6,304.1,265.4
Cdc14b,670.2,634.8,463.5,423.3
Cdc16,1413.6,1450.2,1630.3,1241.3
Cdc20,134.5,125.6,272.7,185.5
Cdc23,665.9,664.0,686.6,584.0
Cdc25a,422.8,390.3,265.7,262.5
Cdc25b,1261.9,1295.4,370.3,431.8
Cdc25c,21.5,28.0,42.7,39.9
Cdc26,350.7,349.9,371.2,308.2
Cdc27,2425.9,2322.8,3034.0,2324.6
Cdc34,857.4,851.3,648.3,701.9
Cdc37,3302.7,3229.0,3357.3,3837.9
Cdc37l1,1051.1,983.6,782.5,736.2
Cdc40,1026.3,1035.2,850.4,878.9
Cdc42,21070.5,21261.7,22019.8,21026.3
Cdc42bpa,943.5,935.4,1239.0,489.8
Cdc42bpb,3440.4,3314.3,2625.4,2687.0
Cdc42bpg,237.8,268.1,212.6,204.5
Cdc42ep1,0.0,0.0,155.1,61.8
Cdc42ep2,744.5,793.0,169.0,152.2
Cdc42ep3,987.6,956.7,1324.4,820.8
Cdc42ep4,807.9,801.9,638.7,657.2
Cdc42ep5,0.0,0.0,16.5,8.6
Cdc42se1,5413.4,5526.0,3844.4,3891.2
Cdc42se2,6191.2,6021.7,5944.3,6045.5
Cdc45,234.5,213.1,139.4,106.5
Cdc5l,588.5,518.2,575.9,580.2
Cdc6,47.3,66.2,100.2,70.4
Cdc7,342.1,348.8,138.5,100.8
Cdc73,1087.6,1111.5,1131.0,969.2
Cdca2,99.0,112.2,132.4,151.2
Cdca3,225.9,171.6,171.6,137.9
Cdca4,1043.5,1001.6,908.8,838.9
Cdca5,99.0,135.7,122.8,98.0
Cdca7,55.9,40.4,101.1,52.3
Cdca7l,833.7,867.0,258.8,202.6
Cdca8,111.9,109.9,114.1,77.0
Cdcp1,0.0,1.1,5.2,2.8
Cdcp2,6.5,0.0,2.6,0.0
Cdh1,780.0,769.4,26.1,16.2
Cdh10,2.2,1.1,0.0,3.8
Cdh11,4.3,0.0,1056.9,347.2
Cdh12,0.0,2.3,0.0,0.9
Cdh13,1.1,0.0,13.1,10.5
Cdh15,1.1,0.0,2.6,0.9
Cdh16,1.1,2.3,9.6,9.5
Cdh17,0.0,0.0,9.6,6.7
Cdh18,1.1,0.0,2.6,5.7
Cdh19,1.1,0.0,1.7,1.9
Cdh2,22.6,5.6,582.9,218.8
Cdh20,0.0,3.4,1.7,3.8
Cdh22,0.0,0.0,2.6,6.7
Cdh23,195.8,196.3,150.7,212.1
Cdh24,2.2,4.5,7.0,8.6
Cdh26,1.1,4.5,1.7,4.8
Cdh3,0.0,0.0,23.5,5.7
Cdh4,2.2,2.3,3.5,15.2
Cdh5,179.7,201.9,15.7,20.9
Cdh6,2.2,0.0,0.0,5.7
Cdh7,0.0,0.0,0.0,1.9
Cdh8,0.0,0.0,1.7,2.8
Cdh9,1.1,0.0,0.9,0.0
Cdhr1,3.2,4.5,5.2,16.2
Cdhr2,0.0,0.0,1.7,5.7
Cdhr3,1.1,1.1,5.2,11.4
Cdhr5,0.0,0.0,6.1,1.9
Cdipt,2474.3,2301.5,2234.1,2124.9
Cdk1,408.8,429.6,526.3,488.9
Cdk10,421.7,422.8,375.5,370.0
Cdk11b,451.8,471.1,506.2,569.7
Cdk12,3531.8,3635.0,2903.3,3040.8
Cdk13,3102.6,3063.0,2967.8,2921.0
Cdk14,1016.6,1050.9,2876.3,2844.0
Cdk15,7.5,4.5,12.2,8.6
Cdk16,1945.0,1840.5,1431.6,1433.4
Cdk17,1636.3,1507.4,1612.8,1489.5
Cdk18,2240.9,2418.1,1126.6,1265.0
Cdk19,2451.7,2476.4,2591.4,2639.5
Cdk2,1018.8,1065.5,882.7,902.6
Cdk20,328.1,287.1,435.7,466.1
Cdk2ap1,697.1,574.3,677.0,580.2
Cdk2ap2,1527.6,1413.2,950.6,1025.3
Cdk3-ps,10.8,3.4,13.9,15.2
Cdk4,3416.7,3374.8,2086.9,1898.5
Cdk5,857.4,884.9,683.1,766.6
Cdk5r1,9.7,22.4,88.9,86.6
Cdk5r2,0.0,0.0,0.0,1.9
Cdk5rap1,711.1,705.5,341.6,624.0
Cdk5rap2,1722.4,1713.8,766.8,750.5
Cdk5rap3,903.7,957.8,684.9,706.7
Cdk6,1406.1,1444.6,724.9,747.6
Cdk7,977.9,1054.3,1176.3,940.7
Cdk8,747.7,793.0,421.7,412.8
Cdk9,2851.9,2939.7,2330.0,2782.1
Cdkal1,469.1,466.6,547.2,540.3
Cdkl1,4.3,0.0,7.0,4.8
Cdkl2,593.8,648.3,77.5,76.1
Cdkl3,45.2,31.4,99.3,84.6
Cdkl4,32.3,28.0,20.0,18.1
Cdkl5,194.7,169.4,21.8,19.0
Cdkn1a,2278.5,2224.1,2816.2,2629.0
Cdkn1b,1162.9,1179.9,1224.2,1279.3
Cdkn1c,707.9,690.9,235.3,241.6
Cdkn2a,12.9,14.6,122.8,54.2
Cdkn2aip,593.8,504.7,643.9,553.6
Cdkn2aipnl,979.0,1054.3,472.3,463.2
Cdkn2b,53.8,33.7,219.6,98.9
Cdkn2c,134.5,112.2,248.3,277.7
Cdkn2d,926.3,870.4,496.7,608.7
Cdkn3,82.8,97.6,55.8,56.1
Cdnf,20.4,39.3,49.7,39.0
Cdo1,116.2,120.0,79.3,17.1
Cdon,32.3,38.1,92.4,45.7
Cdr1,1.1,0.0,0.0,1.9
Cdr2,332.4,302.8,513.2,347.2
Cdr2l,12.9,14.6,236.1,86.6
Cdrt4,0.0,0.0,0.0,0.0
Cds1,616.4,514.8,549.8,552.6
Cds2,9509.0,9652.3,4729.7,5038.3
Cdsn,0.0,0.0,170.8,43.7
Cdt1,127.0,139.1,142.0,118.9
Cdv3,4793.8,4910.3,3303.3,2826.8
Cdx1,0.0,0.0,0.0,2.8
Cdx2,0.0,0.0,1.7,3.8
Cdx4,0.0,0.0,0.0,0.0
Cdyl,572.3,538.4,526.3,413.7
Cdyl2,199.0,185.1,291.0,244.4
Ceacam-ps1,0.0,0.0,0.0,0.9
Ceacam1,1291.0,1215.8,245.7,292.0
Ceacam10,92.5,84.1,14.8,28.5
Ceacam11,0.0,0.0,0.0,0.0
Ceacam12,0.0,0.0,0.0,1.9
Ceacam13,0.0,0.0,0.0,2.8
Ceacam14,0.0,0.0,0.0,0.0
Ceacam15,3.2,1.1,0.0,2.8
Ceacam16,48.4,51.6,3.5,15.2
Ceacam18,2.2,0.0,6.1,3.8
Ceacam19,17.2,22.4,29.6,52.3
Ceacam2,251.7,281.5,54.0,83.7
Ceacam20,0.0,0.0,0.0,2.8
Ceacam3,2.2,1.1,0.0,1.9
Ceacam5,0.0,0.0,0.9,1.9
Ceacam9,0.0,0.0,0.0,0.0
Cebpa,3939.6,3951.3,3875.7,4031.0
Cebpb,6785.1,7152.3,1185.0,1272.6
Cebpd,536.8,611.3,1374.1,1344.0
Cebpe,71.0,67.3,49.7,67.5
Cebpg,3549.1,3516.1,3036.6,2741.2
Cebpz,636.9,692.0,663.1,687.7
Cecr2,4.3,6.7,30.5,34.2
Cecr5,316.3,324.1,254.4,293.9
Cecr6,4.3,4.5,40.1,26.6
Cel,0.0,2.3,2.6,1.9
Cela1,82.8,80.8,152.5,149.3
Cela2a,62.4,52.7,31.4,36.1
Cela3b,0.0,0.0,0.0,2.8
Celf1,4090.2,4310.2,3873.1,3594.4
Celf2,4410.8,4213.8,6391.3,6590.6
Celf3,20.4,13.5,34.8,44.7
Celf4,3.2,5.6,27.0,22.8
Celf5,0.0,0.0,3.5,10.5
Celf6,6.5,1.1,0.9,5.7
Celsr1,20.4,7.9,16.5,25.7
Celsr2,4.3,5.6,17.4,20.9
Celsr3,459.4,469.9,152.5,112.2
Cend1,5.4,0.0,1.7,0.9
Cenpa,491.6,514.8,742.4,687.7
Cenpb,6681.8,6698.0,4992.8,5830.6
Cenpc1,656.2,565.3,573.3,494.6
Cenpe,484.1,540.6,535.0,550.7
Cenpf,329.2,333.1,519.3,514.6
Cenph,17.2,34.8,38.3,39.0
Cenpi,128.0,140.2,154.2,108.4
Cenpj,156.0,168.2,163.8,179.8
Cenpk,29.1,22.4,46.2,41.8
Cenpl,295.9,296.1,237.0,191.2
Cenpm,15.1,22.4,27.0,35.2
Cenpn,53.8,31.4,81.0,49.5
Cenpo,596.0,548.5,697.1,738.1
Cenpp,29.1,30.3,43.6,21.9
Cenpq,88.2,71.8,106.3,80.8
Cenpt,190.4,227.7,273.6,253.0
Cenpv,161.4,196.3,55.8,69.4
Cenpw,49.5,61.7,45.3,44.7
Cep110,1117.8,1130.6,1277.4,1222.2
Cep120,1874.0,1778.8,1977.9,1907.1
Cep135,578.8,624.7,548.1,563.1
Cep152,553.0,504.7,458.3,454.6
Cep164,620.7,718.9,545.5,614.4
Cep170,3729.8,3744.9,5798.8,5512.9
Cep192,2033.3,1956.0,2259.4,2226.7
Cep250,1900.9,1793.4,2019.8,2205.7
Cep290,440.0,434.1,737.1,633.5
Cep350,5442.5,5418.3,5150.5,5227.6
Cep55,114.0,154.8,137.7,114.1
Cep57,840.2,797.4,824.3,804.7
Cep57l1,116.2,116.7,94.1,100.8
Cep63,494.9,508.1,576.8,591.6
Cep68,463.7,483.4,1454.3,1476.2
Cep70,600.3,560.8,279.7,212.1
Cep72,53.8,42.6,79.3,78.0
Cep76,250.7,225.4,260.5,183.6
Cep78,411.0,434.1,283.2,248.2
Cep97,47.3,51.6,60.1,68.5
Cept1,3839.5,3644.0,3197.0,3111.2
Cer1,0.0,2.3,0.0,1.9
Cercam,1586.8,1493.9,420.0,384.3
Cerk,12324.3,12187.0,9177.0,10246.8
Cerkl,57.0,58.3,179.5,214.0
Ces1a,0.0,2.3,0.0,1.9
Ces1b,0.0,0.0,3.5,3.8
Ces1c,0.0,0.0,0.0,0.9
Ces1d,0.0,0.0,1.7,3.8
Ces1e,0.0,0.0,0.0,0.0
Ces1f,1.1,0.0,0.9,1.9
Ces1g,0.0,0.0,1.7,1.9
Ces2a,2.2,1.1,0.0,1.9
Ces2b,0.0,1.1,0.0,0.9
Ces2c,1.1,6.7,2.6,1.9
Ces2d-ps,1.1,0.0,2.6,2.8
Ces2e,0.0,0.0,1.7,4.8
Ces2f,0.0,0.0,0.0,0.9
Ces2g,0.0,1.1,0.9,2.8
Ces3a,0.0,0.0,0.0,0.9
Ces3b,0.0,0.0,0.0,0.9
Ces4a,2.2,0.0,1.7,3.8
Ces5a,0.0,0.0,1.7,1.9
Cetn1,2.2,0.0,0.0,0.0
Cetn2,689.6,693.1,479.2,482.2
Cetn3,1151.1,1158.6,861.7,783.7
Cetn4,3.2,12.3,4.3,3.8
Cfb,1927.8,2048.0,145.5,172.2
Cfc1,0.0,0.0,0.9,0.9
Cfd,0.0,0.0,3.5,4.8
Cfdp1,1073.7,1084.6,1266.9,1249.8
Cfh,136.6,135.7,6158.7,6474.5
Cfhr1,0.0,0.0,0.0,0.9
Cfhr2,1.1,2.3,45.3,47.6
Cfi,0.0,0.0,0.0,1.9
Cfl1,18662.9,19090.3,15334.8,15835.8
Cfl2,378.7,427.3,689.2,399.5
Cflar,6804.4,6986.3,5278.6,5126.7
Cfp,6605.4,6462.5,10780.3,11753.4
Cftr,0.0,0.0,6.1,1.9
Cga,0.0,0.0,0.0,0.0
Cggbp1,4860.5,4840.7,5170.6,4609.3
Cgn,86.1,83.0,9.6,14.3
Cgnl1,1283.4,1233.7,40.1,27.6
Cgref1,32.3,11.2,120.2,57.1
Cgrrf1,648.7,668.5,462.7,477.5
Ch25h,102.2,88.6,65.3,38.0
Chac1,176.4,140.2,98.5,50.4
Chac2,149.5,192.9,111.5,96.1
Chad,4.3,4.5,23.5,29.5
Chadl,35.5,35.9,37.5,39.0
Chaf1a,321.7,265.8,234.4,226.4
Chaf1b,166.8,140.2,96.7,81.8
Chat,0.0,0.0,3.5,1.9
Chchd1,529.3,541.7,425.2,370.9
Chchd10,1008.0,985.9,27.0,47.6
Chchd2,2059.1,2085.0,1559.7,1722.5
Chchd3,1607.2,1585.9,1106.6,1113.8
Chchd4,394.8,473.3,344.2,283.4
Chchd5,320.6,302.8,269.2,281.5
Chchd6,272.2,223.2,100.2,115.1
Chchd7,292.6,317.4,266.6,251.1
Chchd8,521.8,410.5,270.1,342.4
Chd1,1428.7,1372.8,1788.9,1560.8
Chd1l,402.4,364.5,407.8,385.2
Chd2,3214.5,3103.4,3663.1,3762.8
Chd3,815.5,852.4,1749.7,1854.8
Chd4,7705.9,7876.8,6231.9,6391.8
Chd5,172.1,140.2,52.3,75.1
Chd6,1564.2,1639.8,2757.8,2675.6
Chd7,1802.0,1808.0,858.3,856.0
Chd8,2763.7,2969.9,2942.5,3328.1
Chd9,2776.6,2672.7,4324.5,4320.1
Chdh,149.5,131.2,95.8,94.2
Chek1,39.8,19.1,47.9,49.5
Chek2,549.7,542.9,447.9,449.9
Cherp,599.2,685.3,633.5,755.2
Chfr,1813.8,1756.4,1045.6,1136.6
Chga,2.2,0.0,3.5,7.6
Chgb,4.3,1.1,7.0,3.8
Chi3l1,5.4,1.1,128.9,142.7
Chi3l3,32671.9,32858.8,1106.6,1027.2
Chi3l4,6767.8,6908.9,159.4,153.1
Chia,0.0,0.0,0.0,0.0
Chic1,0.0,0.0,48.8,46.6
Chic2,860.6,842.3,508.9,475.6
Chid1,1445.9,1253.9,1399.4,1380.1
Chit1,0.0,0.0,0.9,1.9
Chka,1154.3,1098.0,556.8,476.5
Chkb,832.7,886.1,677.0,838.0
Chl1,1.1,0.0,0.0,13.3
Chm,546.5,579.9,652.6,539.3
Chml,664.8,607.9,929.7,799.0
Chmp1a,3553.4,3744.9,2621.0,2751.7
Chmp1b,2503.4,2521.3,2072.9,1974.6
Chmp2a,2380.7,2369.9,1864.7,1927.0
Chmp2b,987.6,1123.8,1419.4,1312.6
Chmp3,3387.7,3361.4,2801.4,2549.1
Chmp4b,6815.2,6990.8,4654.7,5163.8
Chmp4c,1.1,2.3,3.5,11.4
Chmp5,3053.1,3010.3,2319.5,2298.0
Chmp6,880.0,906.2,917.5,968.3
Chmp7,1557.8,1585.9,1348.8,1469.5
Chn1,1.1,0.0,50.5,24.7
Chn2,315.2,295.0,481.8,551.7
Chodl,0.0,0.0,7.0,0.9
Chordc1,1660.0,1742.9,1768.8,1534.2
Chpf,275.4,304.0,515.8,196.9
Chpf2,3303.8,3161.7,2474.6,2619.5
Chpt1,1279.1,1216.9,797.3,739.0
Chrac1,724.0,692.0,642.2,751.4
Chrd,3.2,0.0,10.4,4.8
Chrdl1,0.0,0.0,23.5,15.2
Chrdl2,0.0,0.0,1.7,3.8
Chrm1,2.2,0.0,1.7,14.3
Chrm2,0.0,1.1,3.5,0.0
Chrm3,48.4,43.8,5.2,10.5
Chrm4,2.2,9.0,5.2,7.6
Chrm5,0.0,0.0,1.7,2.8
Chrna1,0.0,0.0,1.7,0.9
Chrna10,0.0,0.0,1.7,5.7
Chrna2,54.9,53.8,86.3,127.5
Chrna3,1.1,0.0,1.7,0.0
Chrna4,0.0,0.0,7.8,9.5
Chrna5,0.0,0.0,6.1,3.8
Chrna6,0.0,2.3,0.9,3.8
Chrna7,0.0,0.0,1.7,0.0
Chrna9,6.5,2.3,1.7,0.0
Chrnb1,16.1,20.2,88.9,70.4
Chrnb2,101.1,85.2,60.1,75.1
Chrnb3,0.0,0.0,0.0,6.7
Chrnb4,0.0,0.0,0.9,7.6
Chrnd,1.1,0.0,6.1,2.8
Chrne,5.4,7.9,3.5,8.6
Chrng,3.2,3.4,3.5,9.5
Chst1,11.8,6.7,87.1,80.8
Chst10,296.9,315.2,714.5,682.9
Chst11,5005.7,4970.8,412.1,303.4
Chst12,375.5,402.7,379.0,454.6
Chst13,0.0,2.3,19.2,7.6
Chst14,404.5,407.1,637.8,625.9
Chst15,123.7,142.4,363.3,276.8
Chst2,0.0,0.0,85.4,59.0
Chst3,15.1,15.7,34.0,51.4
Chst4,0.0,0.0,0.0,0.0
Chst5,0.0,0.0,1.7,2.8
Chst7,18.3,19.1,194.3,177.9
Chst8,0.0,0.0,20.9,9.5
Chst9,0.0,0.0,0.0,1.9
Chsy1,884.3,881.6,1150.2,890.3
Chsy3,55.9,81.9,80.2,16.2
Chtf18,54.9,30.3,93.2,76.1
Chtf8,1826.7,1830.4,2298.6,1846.2
Chuk,2289.3,2450.6,1935.2,1542.8
Churc1,362.5,392.6,417.4,380.5
Ciao1,874.6,805.3,901.0,777.1
Ciapin1,427.1,527.1,381.6,359.5
Cib1,1469.5,1413.2,801.6,881.7
Cib2,173.2,140.2,89.7,101.8
Cib3,0.0,1.1,0.0,0.0
Cib4,0.0,0.0,0.0,1.9
Cic,1770.8,1695.8,1771.4,2128.7
Cidea,0.0,0.0,0.0,0.9
Cideb,138.8,133.5,60.1,45.7
Cidec,2.2,2.3,4.3,0.9
Ciita,1059.7,951.1,1740.1,2629.9
Cilp,7.5,1.1,1.7,9.5
Cilp2,2.2,2.3,7.8,3.8
Cinp,685.3,688.7,584.7,563.1
Cir1,486.3,413.9,554.2,533.6
Cirbp,476.6,490.1,936.7,747.6
Cirh1a,624.0,588.8,535.9,415.7
Cisd1,812.2,835.6,324.1,307.2
Cisd2,2129.0,2207.3,1320.1,1202.3
Cisd3,250.7,253.5,168.2,156.9
Cish,1140.3,1033.0,37.5,26.6
Cit,68.9,55.0,110.6,115.1
Cited1,2.2,0.0,0.9,0.0
Cited2,787.5,704.4,1509.2,1856.7
Cited4,233.5,244.5,7.0,5.7
Ciz1,1299.6,1195.6,995.9,1186.1
Ckap2,101.1,80.8,202.1,157.9
Ckap2l,23.7,29.2,34.0,37.1
Ckap4,947.8,1015.0,1828.9,1037.7
Ckap5,3687.8,3536.3,3824.3,3229.2
Ckb,870.3,888.3,4314.9,5227.6
Cklf,654.1,687.5,417.4,368.1
Ckm,9.7,6.7,2.6,0.9
Ckmt1,0.0,1.1,1.7,3.8
Ckmt2,0.0,0.0,0.0,1.9
Cks1b,271.1,290.5,295.4,222.6
Cks2,93.6,75.2,69.7,68.5
Clasp1,1162.9,1169.8,1358.4,1259.3
Clasp2,4316.1,4507.6,4569.3,4479.0
Clasrp,408.8,440.8,338.9,406.1
Clca1,4.3,4.5,36.6,25.7
Clca2,1.1,1.1,12.2,13.3
Clca3,0.0,2.3,0.9,0.0
Clca4,0.0,0.0,2.6,2.8
Clca5,0.0,1.1,0.0,1.9
Clca6,0.0,0.0,0.0,1.9
Clcc1,1392.1,1351.5,1253.0,1101.4
Clcf1,18.3,9.0,51.4,36.1
Clcn1,2.2,1.1,3.5,17.1
Clcn2,17.2,12.3,26.1,27.6
Clcn3,2783.1,2611.0,1957.0,2005.0
Clcn4-2,3757.8,3731.5,2484.2,2372.2
Clcn5,2035.4,1957.2,2005.8,1776.8
Clcn6,457.2,449.8,328.5,315.8
Clcn7,7182.0,6986.3,2248.9,2493.0
Clcnka,0.0,0.0,1.7,1.9
Clcnkb,0.0,2.3,0.9,6.7
Cldn1,275.4,223.2,28.7,30.4
Cldn10,1.1,0.0,0.9,0.0
Cldn11,0.0,0.0,0.0,1.9
Cldn12,472.3,473.3,305.8,162.6
Cldn13,0.0,0.0,2.6,0.0
Cldn14,0.0,0.0,0.0,2.8
Cldn15,2.2,0.0,17.4,33.3
Cldn16,0.0,0.0,1.7,3.8
Cldn17,0.0,0.0,0.0,3.8
Cldn18,2.2,0.0,0.0,0.0
Cldn19,2.2,1.1,1.7,12.4
Cldn2,0.0,0.0,4.3,0.0
Cldn20,4.3,5.6,13.1,3.8
Cldn22,9.7,14.6,18.3,23.8
Cldn23,6.5,6.7,0.0,4.8
Cldn24,4.3,4.5,6.1,7.6
Cldn25,1660.0,1617.3,780.7,680.1
Cldn26,2.2,2.3,0.9,1.9
Cldn27,0.0,0.0,0.0,4.8
Cldn3,0.0,2.3,1.7,1.9
Cldn4,0.0,2.3,0.0,3.8
Cldn5,0.0,0.0,0.0,9.5
Cldn6,0.0,0.0,0.0,1.9
Cldn7,9.7,4.5,7.8,3.8
Cldn8,0.0,0.0,0.0,1.9
Cldn9,0.0,2.3,1.7,7.6
Cldnd2,5.4,3.4,0.9,4.8
Clec10a,1351.2,1242.7,3189.1,3359.5
Clec11a,35.5,40.4,193.4,94.2
Clec12a,1246.9,1207.9,8618.5,9508.7
Clec12b,1.1,1.1,8.7,7.6
Clec14a,0.0,3.4,12.2,7.6
Clec16a,1041.4,1119.3,679.6,750.5
Clec18a,0.0,0.0,0.0,2.8
Clec1a,213.0,204.1,31.4,46.6
Clec1b,418.5,440.8,47.0,16.2
Clec2d,2345.2,2233.1,6071.5,5943.8
Clec2e,0.0,0.0,0.0,3.8
Clec2g,30.1,31.4,30.5,23.8
Clec2h,0.0,0.0,0.0,0.0
Clec2i,235.6,293.9,75.8,118.9
Clec2l,21.5,14.6,6.1,2.8
Clec3a,4.3,0.0,3.5,6.7
Clec3b,2.2,0.0,0.0,2.8
Clec4a1,55.9,59.5,10637.4,10595.9
Clec4a2,1667.5,1544.4,6549.0,5996.1
Clec4a3,335.7,315.2,2381.4,2343.6
Clec4a4,24.7,35.9,134.2,147.4
Clec4b1,95.8,98.7,539.4,644.9
Clec4b2,6.5,9.0,91.5,78.9
Clec4d,5938.4,5993.7,11830.2,11500.4
Clec4e,2115.0,1970.6,458.3,538.4
Clec4f,0.0,0.0,4.3,5.7
Clec4g,0.0,0.0,2.6,1.9
Clec4n,22323.8,21545.4,3952.4,2940.0
Clec5a,3342.5,2991.2,528.0,546.0
Clec7a,29126.1,28170.6,2664.6,3058.0
Clec9a,667.0,640.4,48.8,24.7
Clgn,1.1,0.0,2.6,0.9
Clic1,8243.8,8254.8,7485.7,7570.2
Clic3,20.4,10.1,13.1,21.9
Clic4,8826.9,8797.6,7803.8,6735.1
Clic5,17.2,12.3,13.1,6.7
Clic6,8.6,11.2,1.7,2.8
Clint1,5543.6,5378.0,3760.7,4064.3
Clip1,1918.2,1879.8,3136.8,3535.4
Clip2,1618.0,1564.6,1306.1,1352.5
Clip3,2.2,4.5,139.4,55.2
Clip4,0.0,0.0,7.0,7.6
Clk1,3828.8,3718.0,5723.9,5643.2
Clk2,1270.5,1228.1,689.2,877.0
Clk3,2345.2,2364.3,1727.9,1845.2
Clk4,2287.1,2312.7,1503.1,1541.8
Clmn,166.8,189.6,14.8,18.1
Cln3,2802.5,2700.8,2227.1,2577.6
Cln5,8654.8,8329.9,2411.9,2126.8
Cln6,146.3,134.6,676.2,848.4
Cln8,3705.0,3730.4,3772.0,4120.4
Clnk,0.0,0.0,3.5,0.9
Clns1a,1085.5,1113.7,943.7,806.6
Clock,3338.2,3109.0,3248.4,2981.9
Clp1,638.0,631.5,463.5,521.2
Clpb,681.0,577.6,522.8,512.7
Clpp,424.9,471.1,325.9,417.6
Clps,0.0,0.0,0.9,0.0
Clptm1,3849.2,3720.3,4053.5,4268.8
Clptm1l,3663.1,3645.1,3304.1,3118.8
Clpx,1301.7,1209.1,1408.1,1336.4
Clrn1,0.0,0.0,0.9,0.0
Clrn2,0.0,0.0,1.7,2.8
Clrn3,0.0,2.3,1.7,0.9
Clspn,128.0,109.9,141.1,114.1
Clstn1,60.3,60.6,138.5,75.1
Clstn2,2.2,0.0,1.7,4.8
Clstn3,23.7,37.0,10.4,15.2
Clta,8939.9,8877.3,9883.7,10650.1
Cltb,681.0,790.7,485.3,432.8
Cltc,38103.6,38339.9,58626.7,55666.4
Clu,619.7,570.9,48.8,38.0
Cluap1,294.8,238.9,317.2,295.8
Clvs1,390.5,404.9,413.9,377.6
Clvs2,0.0,0.0,0.0,1.9
Clybl,245.3,345.5,145.5,122.7
Cma1,0.0,0.0,0.9,1.9
Cma2,0.0,2.3,0.0,0.9
Cmah,14.0,16.8,152.5,185.5
Cmas,2207.5,2059.2,1272.2,1266.0
Cmbl,24.7,37.0,53.1,67.5
Cmc1,713.3,680.8,482.7,517.4
Cmklr1,2581.9,2448.4,1937.9,2009.8
Cml1,46.3,50.5,34.8,37.1
Cml2,0.0,2.3,1.7,1.9
Cml3,2.2,0.0,3.5,2.8
Cml5,0.0,0.0,0.0,1.9
Cmpk1,3721.2,3521.8,2790.9,2526.3
Cmpk2,191.5,180.6,1206.8,1364.9
Cmtm1,4.3,15.7,1.7,1.9
Cmtm2a,10.8,6.7,0.0,0.0
Cmtm2b,0.0,0.0,3.5,4.8
Cmtm3,3721.2,3598.0,3500.2,3416.5
Cmtm4,1145.7,1172.1,2202.8,1895.7
Cmtm5,1.1,0.0,0.9,0.0
Cmtm6,6407.4,6636.4,7308.8,7271.6
Cmtm7,1468.5,1531.0,1943.1,2280.9
Cmtm8,10.8,24.7,8.7,14.3
Cmya5,4.3,10.1,35.7,40.9
Cnbp,6020.2,6236.0,5994.0,5116.3
Cndp1,1.1,0.0,1.7,1.9
Cndp2,16938.4,17474.1,11632.5,13050.8
Cnfn,0.0,0.0,0.0,0.0
Cnga1,0.0,0.0,4.3,6.7
Cnga2,0.0,0.0,1.7,0.9
Cnga3,0.0,1.1,2.6,4.8
Cnga4,3.2,1.1,0.0,3.8
Cngb1,15.1,15.7,13.9,19.0
Cngb1,15.1,15.7,13.9,4.8
Cngb1,15.1,15.7,5.2,19.0
Cngb1,15.1,15.7,5.2,4.8
Cngb1,15.1,11.2,13.9,19.0
Cngb1,15.1,11.2,13.9,4.8
Cngb1,15.1,11.2,5.2,19.0
Cngb1,15.1,11.2,5.2,4.8
Cngb1,6.5,15.7,13.9,19.0
Cngb1,6.5,15.7,13.9,4.8
Cngb1,6.5,15.7,5.2,19.0
Cngb1,6.5,15.7,5.2,4.8
Cngb1,6.5,11.2,13.9,19.0
Cngb1,6.5,11.2,13.9,4.8
Cngb1,6.5,11.2,5.2,19.0
Cngb1,6.5,11.2,5.2,4.8
Cngb3,0.0,0.0,0.9,2.8
Cnih,1403.9,1473.8,1434.2,1332.6
Cnih2,15.1,18.0,40.9,28.5
Cnih3,0.0,0.0,2.6,9.5
Cnih4,939.2,941.0,724.9,744.8
Cnksr1,0.0,0.0,3.5,0.0
Cnksr2,0.0,0.0,0.0,0.0
Cnksr3,715.4,694.3,272.7,292.0
Cnn1,2.2,2.3,456.6,233.0
Cnn2,729.4,762.7,3798.2,1951.8
Cnn3,4.3,12.3,1334.0,448.9
Cnnm1,4.3,1.1,8.7,14.3
Cnnm2,485.2,494.6,614.3,698.1
Cnnm3,771.4,804.2,812.1,972.1
Cnnm4,497.0,515.9,433.9,516.5
Cno,400.2,374.6,356.4,323.4
Cnot1,4496.8,4696.0,4395.9,4430.5
Cnot10,845.6,840.1,1029.9,1043.4
Cnot2,1513.7,1436.7,1909.1,2037.4
Cnot3,302.3,378.0,290.1,386.2
Cnot4,1627.7,1462.5,1278.3,1286.0
Cnot6,1316.8,1363.8,1192.9,1118.6
Cnot6l,2390.4,2561.7,1826.3,1841.4
Cnot7,864.9,819.9,740.6,643.0
Cnot8,1263.0,1288.7,1502.2,1552.3
Cnp,897.2,849.0,1765.3,1945.1
Cnpy1,0.0,0.0,0.0,8.6
Cnpy2,1524.4,1479.4,1111.8,1072.9
Cnpy3,2408.7,2507.8,4331.4,4597.9
Cnpy4,569.1,644.9,650.9,644.9
Cnr1,0.0,0.0,15.7,9.5
Cnr2,3200.5,3098.9,970.7,1116.7
Cnrip1,23.7,20.2,528.9,516.5
Cnst,700.3,814.3,650.9,573.5
Cntd1,490.6,554.1,512.3,423.3
Cntf,53.8,72.9,74.1,64.7
Cntfr,0.0,1.1,0.0,3.8
Cntln,201.2,130.1,400.8,373.8
Cntn1,1.1,0.0,4.3,2.8
Cntn2,10.8,18.0,29.6,20.9
Cntn3,0.0,2.3,0.0,0.9
Cntn4,0.0,0.0,1.7,5.7
Cntn5,0.0,1.1,1.7,7.6
Cntn6,2.2,0.0,1.7,0.9
Cntnap1,35.5,43.8,48.8,70.4
Cntnap2,0.0,0.0,0.0,5.7
Cntnap3,0.0,0.0,6.1,1.9
Cntnap4,0.0,1.1,2.6,1.9
Cntnap5a,2.2,0.0,2.6,4.8
Cntnap5b,0.0,1.1,0.9,1.9
Cntnap5c,0.0,0.0,0.9,4.8
Cntrob,170.0,142.4,135.0,143.6
Coasy,999.4,980.3,646.5,735.2
Cobl,3.2,0.0,25.3,9.5
Cobll1,0.0,2.3,103.7,47.6
Cobra1,827.3,781.7,1004.7,1091.9
Coch,17.2,18.0,35.7,19.0
Cog1,1587.9,1642.0,1340.1,1417.2
Cog2,1337.2,1408.7,1116.2,1149.9
Cog3,2579.8,2596.5,1790.6,1540.9
Cog4,1321.1,1363.8,1422.9,1391.5
Cog5,1142.5,1219.2,1258.2,1176.6
Cog6,1945.0,1829.3,905.3,838.9
Cog7,819.8,932.0,1028.2,1132.8
Cog8,1076.9,1092.4,1043.0,1039.6
Coil,156.0,192.9,196.0,195.0
Col10a1,54.9,52.7,156.0,85.6
Col11a1,1.1,0.0,595.1,155.0
Col11a2,9.7,6.7,27.9,7.6
Col12a1,8.6,6.7,3533.3,1246.0
Col13a1,0.0,2.3,2.6,3.8
Col14a1,0.0,1.1,28.7,12.4
Col15a1,134.5,109.9,59.2,47.6
Col16a1,0.0,2.3,470.5,180.7
Col17a1,28.0,33.7,47.0,58.0
Col18a1,4.3,6.7,982.9,782.8
Col19a1,0.0,1.1,93.2,98.9
Col1a1,3.2,6.7,5709.0,2273.3
Col1a2,21.5,13.5,22961.7,8292.2
Col20a1,19.4,19.1,47.0,37.1
Col22a1,0.0,0.0,14.8,6.7
Col23a1,219.5,168.2,43.6,33.3
Col24a1,68.9,75.2,7.8,7.6
Col25a1,0.0,1.1,5.2,12.4
Col27a1,25.8,14.6,51.4,42.8
Col28a1,0.0,0.0,7.8,7.6
Col2a1,1.1,0.0,378.2,123.6
Col3a1,0.0,1.1,1669.5,665.8
Col4a1,23.7,28.0,1660.8,504.1
Col4a2,19.4,13.5,864.4,368.1
Col4a3,18.3,10.1,16.5,28.5
Col4a3bp,5753.4,5909.6,3166.5,2712.7
Col4a4,18.3,9.0,15.7,26.6
Col4a5,7.5,6.7,277.1,208.3
Col4a6,2.2,3.4,11.3,14.3
Col5a1,12.9,18.0,2622.7,907.4
Col5a2,3.2,2.3,5381.4,1741.6
Col5a3,1.1,1.1,39.2,21.9
Col6a1,3.2,2.3,3741.5,1452.4
Col6a2,0.0,1.1,1841.1,768.5
Col6a3,3.2,4.5,3143.8,1434.3
Col6a4,0.0,3.4,11.3,8.6
Col6a5,4.3,2.3,8.7,11.4
Col6a6,0.0,0.0,3.5,14.3
Col7a1,14.0,6.7,19.2,38.0
Col8a1,0.0,0.0,1832.4,683.9
Col8a2,6.5,0.0,29.6,8.6
Col9a1,0.0,0.0,1.7,1.9
Col9a2,9.7,2.3,1.7,2.8
Col9a3,5.4,11.2,20.9,18.1
Colec10,0.0,1.1,27.9,20.0
Colec11,2.2,4.5,4.3,3.8
Colec12,2360.3,2397.9,5251.6,2307.5
Colq,0.0,2.3,5.2,9.5
Commd1,919.8,858.0,813.0,625.9
Commd10,969.3,953.3,769.4,726.7
Commd2,755.2,751.5,507.1,523.1
Commd3,1389.9,1379.5,1144.9,920.7
Commd4,584.2,603.4,588.1,647.7
Commd5,393.7,482.3,357.2,368.1
Commd6,634.7,714.5,398.2,353.8
Commd7,1694.4,1727.2,1111.8,1232.7
Commd8,2354.9,2257.7,2470.3,2404.5
Commd9,811.2,781.7,531.5,487.9
Comp,44.1,31.4,34.0,35.2
Comt,2401.2,2201.7,2227.1,2565.3
Comtd1,925.2,925.3,339.8,310.1
Copa,5494.1,5471.0,5759.6,5556.7
Copb1,7676.9,7539.2,7088.4,6833.1
Copb2,5331.7,5563.0,5504.3,4854.7
Cope,3139.2,3122.5,2048.5,2437.8
Copg,659.5,688.7,745.0,798.0
Copg2,1812.7,1862.9,1929.1,1949.9
Cops2,2622.8,2559.4,3286.7,2917.2
Cops3,316.3,390.3,348.5,293.0
Cops4,980.1,883.8,1169.3,1111.9
Cops5,1525.5,1500.7,1310.5,1165.2
Cops6,1594.3,1587.0,1314.0,1276.4
Cops7a,1520.1,1534.3,1301.8,1428.6
Cops7b,546.5,484.5,454.0,478.4
Cops8,1353.4,1292.1,1147.6,1128.1
Copz1,4716.3,4784.6,3137.7,3183.5
Copz2,187.2,186.2,375.5,281.5
Coq10a,1133.9,1104.8,511.5,538.4
Coq10b,756.3,768.3,348.5,223.5
Coq2,301.2,325.3,344.2,334.8
Coq3,234.5,252.4,217.0,199.7
Coq4,196.9,236.7,125.5,119.8
Coq5,769.2,655.0,680.5,693.4
Coq6,187.2,233.3,263.1,239.7
Coq7,327.0,282.6,146.4,173.1
Coq9,681.0,692.0,503.6,523.1
Corin,6.5,3.4,22.6,22.8
Coro1a,3489.9,3705.7,10119.8,12536.2
Coro1b,10739.7,9980.9,8497.4,9842.6
Coro1c,9893.0,9818.3,8473.0,9002.7
Coro2a,4085.9,4083.7,1557.1,2022.2
Coro2b,2.2,2.3,25.3,17.1
Coro6,1.1,4.5,9.6,6.7
Coro7,1710.5,1508.5,1856.8,2545.3
Cort,0.0,0.0,0.0,0.0
Cotl1,18114.3,17644.6,12755.6,15526.7
Cox10,445.4,338.7,252.7,348.1
Cox11,341.0,384.7,302.3,282.5
Cox15,1141.4,1123.8,1036.9,1151.8
Cox16,707.9,679.7,501.0,514.6
Cox17,802.5,840.1,556.8,464.2
Cox18,131.3,159.3,114.1,87.5
Cox19,359.3,373.5,262.3,272.0
Cox4i1,9505.7,9740.9,5803.2,6431.7
Cox4i2,3.2,3.4,7.0,5.7
Cox4nb,1311.4,1312.3,1133.6,1332.6
Cox5a,3116.6,3215.6,2032.0,1747.3
Cox5b,162.5,194.0,129.8,113.2
Cox6a1,3248.9,3370.3,2319.5,2774.5
Cox6a2,230.2,272.6,16.5,20.0
Cox6b1,4130.0,3842.5,2589.6,2591.9
Cox6b2,60.3,66.2,23.5,29.5
Cox6c,1500.7,1313.4,877.4,992.1
Cox7a1,34.4,57.2,27.9,24.7
Cox7a2,2261.3,2033.4,1402.0,1438.1
Cox7a2l,8252.4,8278.3,5715.1,6086.4
Cox7b,2183.9,2051.4,1090.0,1064.3
Cox7b2,0.0,0.0,0.0,0.0
Cox7c,317.4,314.1,216.1,252.1
Cox8a,4135.4,4193.6,2212.3,2573.8
Cox8b,1.1,3.4,3.5,3.8
Cox8c,0.0,0.0,0.0,0.0
Cp,136.6,164.9,1338.4,1066.2
Cpa1,0.0,0.0,1.7,3.8
Cpa2,2.2,3.4,0.0,3.8
Cpa3,7.5,3.4,46.2,39.9
Cpa4,0.0,0.0,0.0,1.9
Cpa5,1.1,0.0,0.9,4.8
Cpa6,0.0,0.0,9.6,7.6
Cpb1,0.0,0.0,0.0,2.8
Cpb2,2.2,0.0,0.0,1.9
Cpd,16730.8,16887.5,9207.5,7955.5
Cpe,5.4,14.6,691.0,226.4
Cpeb1,572.3,545.1,65.3,39.0
Cpeb2,746.6,790.7,1287.8,1250.8
Cpeb3,63.5,53.8,180.4,196.9
Cpeb4,3428.6,3103.4,1652.1,1563.7
Cphx,0.0,0.0,0.9,2.8
Cplx1,0.0,0.0,0.9,2.8
Cplx2,2.2,2.3,27.9,14.3
Cplx3,1.1,0.0,0.0,3.8
Cplx4,0.0,0.0,0.0,0.0
Cpm,50.6,41.5,38.3,23.8
Cpn1,0.0,1.1,0.9,3.8
Cpn2,0.0,0.0,5.2,6.7
Cpne1,1887.0,1688.0,1854.2,1825.3
Cpne2,661.6,657.3,714.5,859.8
Cpne3,5303.7,5181.7,5720.4,5840.1
Cpne4,0.0,0.0,2.6,0.9
Cpne5,6.5,25.8,8.7,13.3
Cpne6,4.3,3.4,0.0,5.7
Cpne7,6.5,0.0,0.0,2.8
Cpne8,567.0,544.0,84.5,69.4
Cpne9,2.2,3.4,5.2,10.5
Cpox,730.5,769.4,463.5,390.0
Cpped1,832.7,780.6,441.8,422.3
Cps1,1.1,0.0,1.7,8.6
Cpsf1,1755.7,1603.9,2038.9,2360.8
Cpsf2,2182.8,2143.3,2282.9,1894.7
Cpsf3,1754.6,1727.2,1962.3,2072.6
Cpsf3l,1178.0,1131.7,849.6,910.3
Cpsf4,493.8,509.2,540.2,629.7
Cpsf4l,8.6,16.8,18.3,28.5
Cpsf6,3052.0,2907.1,3059.3,2898.2
Cpsf7,1742.8,1753.0,1793.2,1933.7
Cpt1a,3881.5,3887.4,4591.1,5646.1
Cpt1b,35.5,39.3,27.0,35.2
Cpt1c,33.4,26.9,112.4,63.7
Cpt2,696.0,659.5,684.9,690.5
Cpvl,0.0,1.1,0.0,0.0
Cpxcr1,0.0,0.0,0.0,0.0
Cpxm1,8.6,1.1,12.2,15.2
Cpxm2,0.0,0.0,5.2,7.6
Cpz,0.0,0.0,7.0,7.6
Cr1l,1102.7,1048.7,946.3,934.0
Cr2,47.3,53.8,40.1,48.5
Crabp1,0.0,0.0,0.9,0.0
Crabp2,0.0,0.0,0.0,1.9
Cradd,191.5,204.1,176.9,200.7
Cramp1l,1605.1,1591.5,1408.1,1491.4
Crat,3323.1,3414.1,1968.4,2326.5
Crb1,0.0,0.0,0.0,8.6
Crb2,8.6,18.0,27.0,47.6
Crb3,0.0,3.4,2.6,6.7
Crbn,1923.5,1978.5,2244.6,2403.6
Crcp,760.6,658.4,559.4,573.5
Crct1,0.0,2.3,0.9,0.0
Creb1,1796.6,1781.1,2694.2,2458.7
Creb3,1668.6,1727.2,1395.9,1247.0
Creb3l1,55.9,25.8,68.0,49.5
Creb3l2,401.3,321.9,431.3,442.3
Creb3l3,22.6,18.0,31.4,28.5
Creb3l4,23.7,18.0,16.5,11.4
Creb5,422.8,387.0,217.0,302.5
Crebbp,1081.2,1144.0,1509.2,1848.1
Crebl2,603.5,542.9,395.6,440.4
Crebzf,2095.7,2344.1,2147.0,2136.3
Creg1,31059.3,29085.8,18776.6,19981.9
Creg2,696.0,787.4,196.9,205.4
Creld1,635.8,726.8,253.6,323.4
Creld2,1541.6,1582.6,645.7,728.6
Crem,329.2,343.2,429.6,426.1
Crh,0.0,0.0,3.5,0.0
Crhbp,2.2,0.0,5.2,5.7
Crhr1,0.0,0.0,3.5,3.8
Crhr2,0.0,3.4,5.2,4.8
Crim1,90.4,66.2,945.4,726.7
Crip1,4726.0,4826.1,1238.2,1534.2
Crip2,5.4,10.1,247.5,111.3
Crip3,0.0,0.0,2.6,0.9
Cript,1366.3,1233.7,914.0,881.7
Crisp1,33.4,57.2,0.0,0.0
Crisp2,5.4,9.0,0.0,3.8
Crisp3,0.0,2.3,0.0,1.9
Crisp4,0.0,0.0,0.9,0.0
Crispld1,0.0,0.0,1.7,2.8
Crispld2,6.5,2.3,42.7,41.8
Crk,5649.0,5436.3,4841.2,4070.0
Crkl,1911.7,1784.4,1922.2,2158.2
Crlf1,5.4,4.5,162.1,61.8
Crlf2,2357.1,2341.9,1429.0,1741.6
Crlf3,1399.6,1446.8,2227.1,2484.4
Crls1,667.0,563.0,598.6,577.3
Crmp1,2.2,3.4,0.9,5.7
Crnkl1,1215.7,1122.7,1048.2,1044.4
Crnn,2.2,0.0,0.0,0.0
Crocc,115.1,122.3,103.7,118.9
Crot,1382.4,1435.6,1604.1,1510.4
Crp,0.0,0.0,0.0,0.0
Crtac1,2.2,3.4,2.6,4.8
Crtam,0.0,1.1,0.0,0.9
Crtap,1288.8,1201.2,1430.7,1176.6
Crtc1,224.8,253.5,315.4,333.9
Crtc2,580.9,510.3,548.1,588.8
Crtc3,685.3,670.7,687.5,674.4
Crx,0.0,0.0,2.6,2.8
Crxos1,2.2,2.3,0.0,2.8
Cry1,1050.0,1136.2,384.3,324.3
Cry2,235.6,263.6,303.2,321.5
Cryaa,0.0,2.3,0.0,0.9
Cryab,35.5,35.9,153.3,67.5
Cryba1,20.4,11.2,12.2,7.6
Cryba2,0.0,0.0,0.0,0.0
Cryba4,4.3,5.6,34.0,49.5
Crybb1,4.3,1.1,1.7,2.8
Crybb2,0.0,0.0,0.0,1.9
Crybb3,0.0,0.0,0.0,0.0
Crybg3,1343.7,1329.1,1383.7,1199.4
Cryga,0.0,0.0,0.0,1.9
Crygb,0.0,0.0,0.0,0.0
Crygc,0.0,0.0,0.0,0.9
Crygd,0.0,0.0,0.0,1.9
Cryge,0.0,0.0,0.0,1.9
Crygf,0.0,0.0,0.0,0.0
Crygn,1.1,0.0,2.6,4.8
Crygs,2.2,0.0,0.0,1.9
Cryl1,664.8,696.5,802.5,841.8
Crym,0.0,0.0,4.3,3.8
Cryz,239.9,249.0,218.7,212.1
Cryzl1,915.5,844.6,765.0,694.3
Cs,6466.6,6428.9,4206.8,4057.6
Csad,73.2,65.1,870.5,819.9
Csda,1329.7,1205.7,1091.8,782.8
Csdc2,4.3,2.3,7.8,20.9
Csde1,14965.4,14775.6,12172.7,11521.4
Cse1l,2162.4,2090.6,2420.6,1894.7
Csf1,3134.9,3070.9,6064.6,2485.4
Csf1r,33103.3,33549.6,105159.2,120626.6
Csf2,0.0,0.0,0.0,3.8
Csf2ra,9425.1,8743.8,3022.7,4374.4
Csf2rb,41580.6,42045.6,5638.5,6447.9
Csf2rb2,21717.1,21197.8,2850.2,3109.3
Csf3,0.0,0.0,0.0,1.9
Csf3r,473.4,513.7,3570.8,3900.7
Csgalnact1,5.4,1.1,52.3,32.3
Csgalnact2,2212.9,2123.1,2253.3,1874.7
Csk,977.9,1039.7,1865.5,2355.1
Csl,945.6,932.0,551.6,595.4
Csmd1,0.0,2.3,88.9,59.0
Csmd3,0.0,2.3,7.0,12.4
Csn1s1,0.0,0.0,0.0,0.0
Csn1s2a,0.0,0.0,0.0,0.9
Csn1s2b,0.0,0.0,0.0,0.0
Csn2,3.2,4.5,0.9,0.0
Csn3,0.0,0.0,0.9,0.9
Csnk1a1,3933.1,4016.4,4874.3,3824.6
Csnk1d,3939.6,3895.2,4142.4,4330.6
Csnk1e,1221.0,1230.4,1297.4,1461.0
Csnk1g1,2371.1,2317.2,1822.8,1628.4
Csnk1g2,2916.5,3012.6,2261.1,2610.0
Csnk1g3,1359.8,1202.3,1389.8,1269.8
Csnk2a1,3387.7,3349.0,2846.7,2433.1
Csnk2a2,377.6,393.7,418.2,380.5
Csnk2b,1271.6,1316.7,1187.6,1172.8
Csnka2ip,0.0,0.0,0.0,0.0
Cspg4,2.2,4.5,217.8,97.0
Cspg5,5.4,9.0,7.0,16.2
Cspp1,484.1,444.2,441.8,487.0
Csprs,32.3,22.4,35.7,78.9
Csrnp1,521.8,552.9,323.3,284.4
Csrnp2,360.4,290.5,273.6,239.7
Csrnp3,4.3,6.7,1.7,17.1
Csrp1,3078.9,3314.3,2853.6,2388.3
Csrp2,76.4,102.1,602.1,283.4
Csrp2bp,1733.1,1624.0,1395.9,1299.3
Csrp3,0.0,0.0,0.9,1.9
Cst10,0.0,0.0,0.0,1.9
Cst11,0.0,2.3,0.9,0.0
Cst12,0.0,1.1,0.0,1.9
Cst13,0.0,0.0,0.0,0.0
Cst3,24002.1,23523.9,22772.6,29593.3
Cst6,21.5,13.5,7.8,3.8
Cst7,88.2,53.8,47.0,61.8
Cst8,0.0,0.0,0.0,1.9
Cst9,0.0,0.0,0.0,0.0
Csta,0.0,2.3,4.3,0.0
Cstad,0.0,0.0,8.7,12.4
Cstb,13366.8,12932.9,3982.9,4277.3
Cstf1,684.2,701.0,772.9,833.2
Cstf2,799.3,775.0,848.7,751.4
Cstf2t,1804.1,1766.5,2163.5,2160.1
Cstf3,814.4,930.9,881.8,722.9
Cstl1,0.0,0.0,1.7,0.9
Ctag2,0.0,0.0,0.0,0.0
Ctage5,3173.6,3112.4,3427.0,3355.7
Ctbp1,4320.4,4670.2,3571.6,4156.5
Ctbp2,2753.0,2726.6,2072.9,2135.3
Ctbs,433.6,472.2,501.9,387.1
Ctcf,1216.7,1230.4,1403.7,1329.7
Ctcfl,0.0,0.0,1.7,2.8
Ctdnep1,3039.1,2918.3,1973.6,2084.9
Ctdp1,1097.3,1043.1,1136.2,1173.7
Ctdsp1,3094.0,3075.4,4279.2,5095.3
Ctdsp2,3216.6,3346.8,4948.4,5086.8
Ctdspl,471.2,450.9,379.0,303.4
Ctdspl2,1033.8,934.3,999.4,986.3
Ctf1,3.2,0.0,1.7,5.7
Ctf2,0.0,0.0,0.0,0.0
Ctgf,4.3,5.6,13537.2,5093.4
Cth,21.5,37.0,32.2,17.1
Cthrc1,2.2,0.0,130.7,37.1
Ctif,259.3,287.1,452.2,429.9
Ctla2a,46.3,24.7,923.6,816.1
Ctla2b,172.1,187.3,3644.8,3297.7
Ctla4,0.0,0.0,0.0,0.0
Ctnna1,2820.7,3046.2,3477.5,3268.2
Ctnna2,0.0,1.1,0.0,1.9
Ctnna3,0.0,0.0,0.9,4.8
Ctnnal1,21.5,32.5,40.1,25.7
Ctnnb1,5642.6,6207.9,1645.1,1409.6
Ctnnbip1,606.8,530.5,521.1,469.9
Ctnnbl1,853.1,788.5,940.2,1049.1
Ctnnd1,7846.9,8026.0,11832.9,10139.3
Ctnnd2,3.2,6.7,108.9,196.9
Ctns,2954.1,2825.3,1787.1,1977.4
Ctps,89.3,69.5,454.8,192.1
Ctps2,1713.7,1893.2,1707.8,1519.9
Ctr9,1583.6,1560.1,1759.2,1700.7
Ctrb1,0.0,0.0,0.0,6.7
Ctrc,0.0,2.3,0.0,0.9
Ctrl,18.3,21.3,12.2,12.4
Cts3,0.0,0.0,0.0,2.8
Cts6,0.0,0.0,0.0,0.9
Cts7,0.0,2.3,0.0,0.9
Cts8,0.0,0.0,0.0,1.9
Cts8-ps,0.0,0.0,3.5,1.9
Ctsa,50204.2,48404.9,29599.6,31447.1
Ctsb,426616.5,418120.5,251218.5,269265.7
Ctsc,7924.3,8020.4,11631.6,11508.0
Ctsd,770734.6,763005.5,150673.1,165680.0
Ctse,315.2,279.3,217.0,248.2
Ctsf,385.1,417.2,629.1,532.6
Ctsg,2.2,0.0,101.1,98.9
Ctsh,11345.3,11019.5,5143.5,5629.9
Ctsj,0.0,0.0,0.0,2.8
Ctsk,10338.4,10565.2,411.3,179.8
Ctsl,40575.8,40547.1,19841.4,19988.5
Ctsll3,0.0,0.0,0.0,0.0
Ctsm,0.0,0.0,0.9,0.0
Ctso,1842.8,1699.2,2149.6,2045.9
Ctsq,0.0,0.0,0.0,0.0
Ctsr,0.0,0.0,0.0,0.0
Ctss,207728.7,213517.4,55692.9,56563.4
Ctsw,15.1,22.4,26.1,29.5
Ctsz,57062.4,56589.0,17193.4,21778.6
Cttn,334.6,369.0,1058.7,417.6
Cttnbp2,0.0,1.1,1.7,5.7
Cttnbp2nl,1098.4,1132.8,2864.1,2936.2
Ctu1,328.1,324.1,340.7,376.7
Ctu2,756.3,780.6,680.5,738.1
Ctxn1,5.4,2.3,27.9,10.5
Ctxn2,0.0,0.0,0.0,0.0
Ctxn3,0.0,0.0,0.0,2.8
Cubn,14.0,13.5,29.6,39.9
Cuedc1,2.2,13.5,75.8,39.9
Cuedc2,1866.5,1675.6,1867.3,1768.2
Cul1,3103.7,3125.8,3425.2,2918.1
Cul2,678.8,777.3,779.8,569.7
Cul3,2007.4,2103.0,2366.6,2166.7
Cul4a,2995.0,2808.4,2251.5,2043.1
Cul4b,2163.4,2228.6,2289.0,1968.9
Cul5,1526.6,1569.1,1945.7,1737.8
Cul7,413.1,438.5,851.3,955.9
Cul9,1015.6,1011.7,1178.9,1548.5
Cuta,1089.8,1092.4,778.1,870.3
Cutc,194.7,221.0,244.0,272.0
Cux1,3212.3,3157.2,4396.8,4256.4
Cux2,2.2,3.4,1.7,12.4
Cuzd1,0.0,0.0,0.0,2.8
Cwc15,2139.8,2257.7,2243.7,1874.7
Cwc22,561.6,540.6,662.2,591.6
Cwc25,996.2,997.1,933.2,849.4
Cwc27,468.0,455.4,487.9,512.7
Cwf19l1,413.1,395.9,419.1,406.1
Cwf19l2,393.7,415.0,496.7,400.4
Cwh43,0.0,1.1,0.0,1.9
Cx3cl1,61.3,56.1,148.1,78.9
Cx3cr1,37.7,52.7,5060.8,6300.5
Cxadr,24.7,9.0,21.8,8.6
Cxcl1,11.8,15.7,44.4,43.7
Cxcl10,15.1,10.1,276.2,361.4
Cxcl11,0.0,0.0,0.0,3.8
Cxcl12,3.2,5.6,2829.2,922.6
Cxcl13,0.0,0.0,0.0,0.0
Cxcl14,582.0,648.3,1136.2,1163.3
Cxcl15,0.0,0.0,2.6,0.0
Cxcl16,9231.4,9236.2,13186.9,14491.8
Cxcl17,0.0,0.0,2.6,0.9
Cxcl2,102.2,123.4,158.6,161.7
Cxcl3,48.4,33.7,4.3,7.6
Cxcl5,0.0,4.5,14.8,12.4
Cxcl9,3.2,0.0,0.0,17.1
Cxcr1,99.0,103.2,3.5,3.8
Cxcr2,31.2,25.8,160.3,159.8
Cxcr3,2.2,4.5,108.0,93.2
Cxcr4,7160.5,7109.7,7267.0,8808.7
Cxcr5,5.4,0.0,15.7,20.0
Cxcr6,85.0,56.1,81.9,95.1
Cxcr7,4.3,2.3,53.1,6.7
Cxx1a,389.4,363.4,582.0,530.7
Cxx1b,413.1,392.6,604.7,606.8
Cxx1c,89.3,98.7,182.1,117.0
Cxxc1,578.8,569.8,539.4,651.5
Cxxc4,0.0,0.0,1.7,7.6
Cxxc5,46.3,43.8,70.6,74.2
Cyb5,4352.7,4080.3,2766.5,2931.5
Cyb561,610.0,609.0,1.7,10.5
Cyb561d1,548.7,595.6,499.3,567.8
Cyb561d2,489.5,478.9,434.8,450.8
Cyb5b,6612.9,6225.9,3562.9,3062.7
Cyb5d1,186.1,158.2,115.9,115.1
Cyb5d2,476.6,459.9,387.7,464.2
Cyb5r1,2013.9,2106.3,1785.4,1636.9
Cyb5r2,12.9,3.4,18.3,19.0
Cyb5r3,4628.1,4579.4,2537.3,2510.1
Cyb5r4,1609.4,1554.5,840.8,864.6
Cyb5rl,173.2,172.7,81.9,72.3
Cyba,18597.3,18627.1,5763.1,7068.0
Cybasc3,1726.7,1903.3,987.2,1010.1
Cybb,31700.5,31108.0,16072.0,18267.0
Cybrd1,2.2,0.0,7.0,13.3
Cyc1,1743.9,1555.6,1253.9,1159.5
Cycs,1194.1,1123.8,725.8,629.7
Cyct,2.2,0.0,0.9,2.8
Cyfip1,6530.1,6666.6,8986.2,8900.9
Cyfip2,1275.9,1303.3,389.5,487.0
Cygb,0.0,0.0,7.8,11.4
Cyhr1,1016.6,987.0,1040.4,1124.3
Cylc1,0.0,1.1,0.9,1.9
Cylc2,0.0,0.0,1.7,7.6
Cyld,2163.4,2226.3,2757.8,2696.5
Cym,0.0,0.0,0.0,4.8
Cyp11a1,115.1,70.7,5.2,9.5
Cyp11b1,2.2,0.0,1.7,4.8
Cyp11b2,2.2,0.0,1.7,0.9
Cyp17a1,0.0,0.0,2.6,4.8
Cyp19a1,2.2,1.1,0.9,2.8
Cyp1a1,0.0,1.1,0.9,6.7
Cyp1a2,0.0,0.0,0.0,3.8
Cyp1b1,164.6,169.4,6131.6,2105.9
Cyp20a1,824.1,806.4,865.2,670.6
Cyp21a1,0.0,0.0,1.7,0.9
Cyp24a1,0.0,0.0,0.9,1.9
Cyp26a1,0.0,1.1,0.9,0.9
Cyp26b1,19.4,11.2,68.0,50.4
Cyp26c1,2.2,5.6,4.3,15.2
Cyp27a1,334.6,299.5,1645.1,1894.7
Cyp27b1,4.3,1.1,2.6,3.8
Cyp2a12,1.1,1.1,2.6,0.9
Cyp2a22,0.0,1.1,0.0,2.8
Cyp2a4,2.2,0.0,1.7,0.9
Cyp2a5,3.2,0.0,0.9,0.9
Cyp2ab1,108.7,101.0,8.7,11.4
Cyp2b10,0.0,0.0,1.7,0.0
Cyp2b13,0.0,1.1,0.0,0.0
Cyp2b19,2.2,2.3,0.0,4.8
Cyp2b23,0.0,0.0,0.9,0.9
Cyp2b9,0.0,1.1,0.0,0.9
Cyp2c29,0.0,0.0,0.0,2.8
Cyp2c37,0.0,0.0,0.0,0.9
Cyp2c38,0.0,0.0,0.0,0.9
Cyp2c39,2.2,0.0,0.0,1.9
Cyp2c40,0.0,1.1,0.0,0.9
Cyp2c44,0.0,0.0,1.7,3.8
Cyp2c50,1.1,0.0,1.7,2.8
Cyp2c53-ps,0.0,0.0,0.0,0.0
Cyp2c54,0.0,0.0,0.0,2.8
Cyp2c55,0.0,0.0,0.0,0.0
Cyp2c65,0.0,0.0,0.0,1.9
Cyp2c66,0.0,0.0,0.0,3.8
Cyp2c67,0.0,0.0,0.0,1.9
Cyp2c68,0.0,0.0,0.0,0.0
Cyp2c69,0.0,0.0,0.9,0.0
Cyp2c70,2.2,0.0,0.0,0.9
Cyp2d10,0.0,0.0,0.9,2.8
Cyp2d11,0.0,0.0,0.9,3.8
Cyp2d12,1.1,0.0,0.0,3.8
Cyp2d13,0.0,0.0,0.0,1.9
Cyp2d22,0.0,3.4,9.6,14.3
Cyp2d26,2.2,0.0,2.6,5.7
Cyp2d34,0.0,1.1,0.9,2.8
Cyp2d37-ps,0.0,0.0,0.0,0.0
Cyp2d40,1.1,0.0,1.7,0.0
Cyp2d9,0.0,0.0,1.7,2.8
Cyp2e1,0.0,0.0,0.9,1.9
Cyp2f2,0.0,2.3,0.0,1.9
Cyp2g1,0.0,0.0,0.0,0.9
Cyp2j11,1.1,0.0,0.9,3.8
Cyp2j12,0.0,0.0,0.9,0.9
Cyp2j13,0.0,0.0,0.0,3.8
Cyp2j5,2.2,0.0,3.5,1.9
Cyp2j6,166.8,209.7,172.5,120.8
Cyp2j8,0.0,0.0,0.9,0.0
Cyp2j9,6.5,4.5,6.1,10.5
Cyp2r1,18.3,16.8,23.5,18.1
Cyp2s1,21.5,22.4,15.7,12.4
Cyp2t4,15.1,6.7,15.7,19.0
Cyp2u1,9.7,11.2,12.2,21.9
Cyp2w1,2.2,2.3,5.2,6.7
Cyp39a1,7.5,5.6,20.0,13.3
Cyp3a11,1.1,1.1,0.0,2.8
Cyp3a13,0.0,0.0,0.0,4.8
Cyp3a16,0.0,0.0,0.0,0.0
Cyp3a25,2.2,0.0,0.9,3.8
Cyp3a41a,3.2,0.0,1.7,9.5
Cyp3a41b,2.2,0.0,0.9,4.8
Cyp3a44,0.0,0.0,1.7,0.0
Cyp3a57,0.0,1.1,1.7,1.9
Cyp3a59,0.0,1.1,0.9,1.9
Cyp46a1,0.0,0.0,2.6,5.7
Cyp4a10,0.0,0.0,0.9,0.9
Cyp4a12a,11.8,12.3,2.6,1.9
Cyp4a12b,10.8,15.7,0.0,1.9
Cyp4a14,0.0,0.0,0.9,3.8
Cyp4a29-ps,0.0,0.0,0.0,0.0
Cyp4a30b-ps,2.2,0.0,0.9,0.0
Cyp4a31,0.0,0.0,4.3,1.9
Cyp4a32,2.2,0.0,0.0,1.9
Cyp4b1,0.0,0.0,2.6,0.9
Cyp4f13,405.6,408.3,298.9,358.6
Cyp4f14,5.4,2.3,4.3,3.8
Cyp4f15,0.0,0.0,1.7,0.0
Cyp4f16,761.7,872.6,737.1,724.8
Cyp4f17,60.3,66.2,53.1,66.6
Cyp4f18,50.6,59.5,20.9,30.4
Cyp4f39,4.3,9.0,5.2,4.8
Cyp4f40,4.3,9.0,6.1,9.5
Cyp4f41-ps,6.5,7.9,7.8,7.6
Cyp4v3,6154.6,6236.0,2974.8,2940.0
Cyp4x1,0.0,0.0,1.7,2.8
Cyp51,3851.4,3851.5,1618.1,1295.5
Cyp7a1,0.0,0.0,2.6,0.0
Cyp7b1,0.0,0.0,25.3,6.7
Cyp8b1,0.0,0.0,0.0,0.0
Cypt1,0.0,0.0,0.0,0.0
Cypt10,0.0,0.0,0.0,1.9
Cypt12,0.0,0.0,0.9,0.0
Cypt14,0.0,0.0,0.0,1.9
Cypt15,0.0,0.0,0.0,0.0
Cypt2-ps,0.0,0.0,0.0,0.0
Cypt3,0.0,0.0,1.7,0.0
Cypt4,0.0,0.0,0.0,1.9
Cypt7,0.0,0.0,0.0,0.0
Cypt8,0.0,0.0,0.0,0.0
Cypt9,0.0,0.0,0.0,1.9
Cyr61,0.0,0.0,2536.5,872.2
Cys1,1.1,0.0,3.5,1.9
Cysltr1,676.7,704.4,2288.1,2043.1
Cysltr2,97.9,92.0,54.9,48.5
Cyth1,5713.6,5411.6,2459.8,2617.6
Cyth2,1088.7,1112.6,1027.3,953.1
Cyth3,2817.5,2866.8,2118.2,2002.2
Cyth4,8157.8,8591.3,10336.8,11884.7
Cytip,1086.6,1091.3,2145.2,2316.1
Cytl1,0.0,1.1,0.0,1.9
Cyyr1,1.1,0.0,0.9,2.8
D030016E14Rik,2930.5,2795.0,2086.9,1931.8
D030018L15Rik,0.0,0.0,2.6,14.3
D030024E09Rik,0.0,4.5,0.0,2.8
D030025E07Rik,0.0,0.0,0.0,1.9
D030025P21Rik,0.0,0.0,57.5,17.1
D030028A08Rik,110.8,90.9,110.6,104.6
D030040B21Rik,1.1,2.3,2.6,2.8
D030045P18Rik,0.0,0.0,0.0,4.8
D030047H15Rik,4.3,1.1,9.6,6.7
D030056L22Rik,192.6,199.6,131.6,133.2
D0H4S114,543.3,577.6,26.1,8.6
D10Bwg1379e,4066.5,4111.7,131.6,138.9
D10Jhu81e,977.9,1013.9,842.6,877.9
D10Wsu102e,1266.2,1250.6,943.7,800.9
D10Wsu52e,2663.7,2572.9,2778.7,2822.1
D11Wsu47e,280.8,233.3,304.1,336.7
D11Wsu99e,1112.4,1087.9,945.4,1051.0
D130009I18Rik,0.0,0.0,1.7,4.8
D130017N08Rik,30.1,29.2,27.0,33.3
D130020L05Rik,498.1,554.1,556.8,468.9
D130040H23Rik,28.0,31.4,47.9,46.6
D130043K22Rik,3.2,1.1,1.7,3.8
D14Abb1e,1216.7,1148.5,1646.8,1315.4
D14Ertd449e,834.8,872.6,572.5,511.7
D14Ertd668e,220.5,284.9,420.8,609.7
D15Ertd621e,6223.5,6262.9,6073.3,5469.1
D16Ertd472e,205.5,192.9,236.1,172.2
D16Ertd519e,0.0,0.0,0.9,0.0
D16H22S680E,669.2,659.5,466.2,491.7
D17Ertd648e,0.0,0.0,2.6,0.0
D17H6S53E,550.8,511.4,444.4,421.4
D17H6S56E-3,12.9,11.2,32.2,44.7
D17Wsu104e,1713.7,1677.9,838.2,969.2
D17Wsu92e,4872.3,4991.0,3624.8,4255.5
D18Ertd653e,533.6,538.4,374.7,350.0
D19Bwg1357e,1156.5,1223.6,1158.0,918.8
D19Ertd386e,1228.6,1085.7,1571.0,1582.7
D19Ertd737e,391.6,468.8,495.8,430.9
D19Wsu162e,2958.4,2920.6,2410.1,2816.4
D1Bwg0212e,754.1,761.6,819.9,781.8
D1Ertd622e,2336.6,2186.0,3376.5,3245.3
D1Pas1,15.1,15.7,26.1,20.0
D230025D16Rik,1185.5,1169.8,1125.8,1214.6
D230030E09Rik,0.0,0.0,1.7,1.9
D230037D09Rik,810.1,787.4,372.9,320.5
D2Ertd750e,256.0,238.9,258.8,241.6
D2Wsu81e,484.1,393.7,407.8,336.7
D2hgdh,443.2,437.4,429.6,484.1
D330012F22Rik,199.0,262.5,202.1,224.5
D330022K07Rik,0.0,0.0,23.5,10.5
D330023K18Rik,43.0,35.9,64.5,83.7
D330028D13Rik,24.7,35.9,27.9,24.7
D330041H03Rik,657.3,652.8,467.9,603.0
D330045A20Rik,357.2,408.3,21.8,14.3
D330050G23Rik,7.5,2.3,3.5,10.5
D330050I16Rik,100.1,132.4,101.1,120.8
D3Bwg0562e,4.3,2.3,3.5,11.4
D3Ertd254e,373.3,379.1,416.5,380.5
D3Ertd751e,115.1,102.1,163.8,176.0
D430019H16Rik,2.2,0.0,1.7,8.6
D430020J02Rik,89.3,72.9,105.4,59.9
D430036J16Rik,0.0,0.0,5.2,4.8
D430041D05Rik,1.1,0.0,2.6,11.4
D430042O09Rik,1097.3,1010.5,843.5,993.0
D4Bwg0951e,0.0,0.0,279.7,90.4
D4Ertd22e,2091.4,2126.5,2499.9,2665.1
D4Ertd617e,21.5,14.6,44.4,23.8
D4Wsu53e,7129.3,7500.0,10313.2,11482.4
D530049I02Rik,0.0,0.0,0.9,0.9
D5Ertd577e,0.0,0.0,1.7,0.0
D5Ertd579e,1465.2,1535.4,2129.6,1987.0
D5Ertd605e,9.7,13.5,39.2,40.9
D630003M21Rik,4.3,0.0,7.0,12.4
D630010B17Rik,0.0,0.0,1.7,0.9
D630013N20Rik,0.0,0.0,1.7,1.9
D630023F18Rik,3.2,1.1,7.0,5.7
D630029K05Rik,2.2,6.7,0.0,3.8
D630032N06Rik,14.0,4.5,10.4,11.4
D630033O11Rik,0.0,0.0,1.7,0.9
D630037F22Rik,471.2,444.2,607.3,567.8
D630039A03Rik,12.9,15.7,5.2,13.3
D630041G03Rik,45.2,58.3,21.8,24.7
D630042F21Rik,2.2,0.0,2.6,3.8
D630042P16Rik,0.0,0.0,0.0,3.8
D630045J12Rik,8.6,3.4,29.6,27.6
D630045M09Rik,0.0,0.0,1.7,2.8
D6Ertd474e,1.1,0.0,1.7,2.8
D6Ertd527e,0.0,2.3,5.2,5.7
D6Mm5e,37.7,31.4,188.2,171.2
D6Wsu116e,8692.4,8767.4,6465.4,6274.8
D6Wsu163e,1387.8,1425.5,1066.5,1078.6
D730001G18Rik,0.0,0.0,0.0,1.9
D730005E14Rik,55.9,56.1,83.6,121.7
D730039F16Rik,0.0,0.0,0.0,5.7
D730040F13Rik,1735.3,1768.7,1288.7,1063.4
D730045A05Rik,0.0,0.0,1.7,0.9
D730048I06Rik,0.0,0.0,1.7,1.9
D730048J04Rik,28.0,23.6,20.0,20.0
D730050B12Rik,0.0,0.0,0.0,0.0
D7Ertd143e,0.0,0.0,1.7,0.0
D7Ertd443e,0.0,1.1,0.9,0.0
D7Ertd715e,0.0,0.0,6.1,0.0
D830005E20Rik,0.0,2.3,0.0,0.9
D830013O20Rik,0.0,0.0,1.7,0.9
D830015G02Rik,0.0,0.0,0.0,0.0
D830029L11,0.0,2.3,0.0,0.0
D830030K20Rik,0.0,0.0,0.0,1.9
D830031N03Rik,148.5,89.7,338.1,236.8
D830046C22Rik,91.4,114.4,91.5,103.7
D8Ertd738e,1720.2,1619.6,1511.8,1526.6
D8Ertd82e,170.0,145.8,173.4,200.7
D930007P13Rik,0.0,0.0,3.5,0.9
D930014E17Rik,446.5,421.7,397.3,381.4
D930015E06Rik,1543.8,1702.6,2009.3,2279.0
D930015M05Rik,16.1,25.8,18.3,32.3
D930016D06Rik,213.0,216.5,235.3,215.0
D930020B18Rik,0.0,0.0,0.0,2.8
D930028M14Rik,2.2,0.0,6.1,17.1
D930032P07Rik,0.0,0.0,0.0,1.9
D930048N14Rik,343.2,346.6,258.8,314.8
D9Ertd402e,178.6,159.3,160.3,139.8
DXBay18,10.8,0.0,3.5,6.7
Daam1,1321.1,1350.4,1268.7,1135.7
Daam2,132.3,120.0,205.6,131.3
Dab1,0.0,2.3,0.0,13.3
Dab2,9552.0,9201.4,31060.0,29296.6
Dab2ip,46.3,39.3,261.4,143.6
Dach1,1090.9,1018.4,37.5,37.1
Dach2,0.0,9.0,10.4,3.8
Dact1,2.2,4.5,16.5,7.6
Dact2,153.8,171.6,3.5,3.8
Dact3,23.7,3.4,43.6,24.7
Dad1,2608.8,2594.2,1640.7,1728.2
Daf2,0.0,0.0,10.4,2.8
Dag1,1431.9,1393.0,1228.6,1196.6
Dagla,319.5,308.4,158.6,142.7
Daglb,4795.9,4822.8,4151.1,4412.4
Dak,397.0,382.5,241.4,185.5
Dalrd3,715.4,699.9,733.7,797.1
Dand5,37.7,44.9,43.6,50.4
Dao,2.2,0.0,0.9,1.9
Dap,1486.8,1554.5,1057.8,960.7
Dap3,917.7,867.0,734.5,773.3
Dapk1,8431.0,8271.6,4246.1,4745.3
Dapk2,10.8,19.1,8.7,10.5
Dapk3,748.8,605.7,542.0,589.7
Dapl1,0.0,0.0,0.0,0.0
Dapp1,391.6,466.6,927.1,952.1
Darc,0.0,0.0,0.9,0.0
Dars,1573.9,1557.9,2269.0,1779.6
Dars2,549.7,575.4,538.5,420.4
Daxx,873.6,937.6,1159.7,1540.9
Dazap1,932.7,971.3,819.9,872.2
Dazap2,8141.6,7562.8,10105.0,10373.3
Dazl,3.2,0.0,0.0,3.8
Dbc1,1.1,0.0,1.7,10.5
Dbf4,679.9,641.6,661.3,564.0
Dbh,0.0,1.1,1.7,4.8
Dbi,3129.5,3144.9,1581.5,1544.7
Dbil5,8.6,3.4,5.2,11.4
Dbn1,1.1,3.4,381.6,184.5
Dbndd1,24.7,38.1,56.6,39.9
Dbndd2,275.4,301.7,700.6,804.7
Dbnl,3085.4,3012.6,2483.3,2731.7
Dbp,114.0,153.7,938.4,846.5
Dbpht2,0.0,0.0,5.2,3.8
Dbr1,395.9,429.6,378.2,411.8
Dbt,938.1,810.9,685.7,528.8
Dbx1,2.2,1.1,1.7,4.8
Dbx2,0.0,0.0,0.0,1.9
Dcaf10,1238.2,1268.5,1178.9,1001.6
Dcaf11,2245.2,2323.9,1831.6,2204.8
Dcaf12,3711.5,3695.6,3203.9,3581.1
Dcaf12l1,0.0,0.0,1.7,5.7
Dcaf12l2,0.0,2.3,1.7,0.0
Dcaf13,944.6,1016.2,662.2,627.8
Dcaf15,374.4,399.3,557.7,508.9
Dcaf17,721.9,675.2,808.6,834.2
Dcaf4,137.7,143.6,265.7,303.4
Dcaf5,1584.7,1642.0,1687.8,1802.4
Dcaf6,1228.6,1213.6,907.9,916.9
Dcaf7,6970.1,6969.5,6039.3,6780.8
Dcaf8,3655.6,3461.2,3774.7,3946.3
Dcakd,257.1,245.6,475.7,510.8
Dcbld1,0.0,0.0,20.9,24.7
Dcbld2,938.1,999.3,563.7,236.8
Dcc,2.2,0.0,0.0,10.5
Dcdc2a,0.0,0.0,6.1,8.6
Dcdc2b,65.6,76.3,47.0,49.5
Dcdc2c,0.0,0.0,0.0,1.9
Dchs1,121.6,99.8,143.8,148.4
Dck,1192.0,1142.9,2554.8,2579.5
Dclk1,2.2,4.5,609.1,222.6
Dclk2,3.2,2.3,34.0,23.8
Dclk3,35.5,49.4,0.0,8.6
Dclre1a,669.2,646.0,605.6,654.4
Dclre1b,931.6,952.2,672.7,752.4
Dclre1c,928.4,822.1,3373.8,3230.1
Dcn,0.0,2.3,101.9,39.9
Dcp1a,1440.5,1240.5,1481.3,1386.8
Dcp1b,245.3,216.5,284.0,301.5
Dcp2,2515.2,2819.6,2670.7,2631.8
Dcpp1,1.1,0.0,5.2,0.0
Dcpp2,0.0,0.0,0.9,1.9
Dcpp3,0.0,0.0,0.0,0.9
Dcps,350.7,374.6,447.0,487.9
Dcst1,8.6,11.2,10.4,13.3
Dcstamp,2352.8,2433.8,92.4,76.1
Dct,0.0,0.0,3.5,1.9
Dctd,14.0,18.0,79.3,59.0
Dctn1,3422.1,3405.1,3948.9,4493.3
Dctn2,3674.9,3644.0,3049.7,2840.1
Dctn3,1313.6,1341.4,792.9,875.1
Dctn4,4674.3,4500.9,3500.2,3507.9
Dctn5,1849.3,1754.2,1814.1,1911.8
Dctn6,626.1,635.9,507.1,431.8
Dctpp1,192.6,180.6,223.9,180.7
Dcun1d1,1011.3,919.7,1030.8,1040.6
Dcun1d2,855.3,776.1,459.2,513.6
Dcun1d3,1176.9,1159.7,498.4,472.7
Dcun1d4,351.8,302.8,268.4,224.5
Dcun1d5,1421.1,1423.3,1072.6,911.2
Dcx,0.0,0.0,5.2,1.9
Dcxr,712.2,692.0,1019.5,1191.8
Dda1,1326.5,1216.9,1022.9,1047.2
Ddah1,4.3,2.3,659.6,284.4
Ddah2,18.3,35.9,134.2,123.6
Ddb1,9236.8,9190.2,8816.3,7845.1
Ddb2,620.7,641.6,908.8,827.5
Ddc,0.0,1.1,0.0,1.9
Ddhd1,13130.1,12634.5,1013.4,1103.3
Ddhd2,1435.1,1554.5,1334.0,1270.7
Ddi1,0.0,0.0,0.9,2.8
Ddi2,3700.7,3627.2,4347.1,4804.3
Ddit3,1324.3,1341.4,507.1,553.6
Ddit4,211.9,151.4,337.2,184.5
Ddit4l,44.1,30.3,133.3,55.2
Ddn,0.0,2.3,14.8,20.0
Ddo,0.0,0.0,0.0,1.9
Ddost,5708.2,5789.6,3782.5,3764.7
Ddr1,5.4,9.0,149.0,46.6
Ddr2,3.2,10.1,1802.8,607.8
Ddrgk1,1592.2,1431.1,1645.1,1698.8
Ddt,487.3,469.9,313.7,338.6
Ddx1,2360.3,2214.0,2079.9,1786.3
Ddx10,1051.1,1053.2,1018.6,1045.3
Ddx11,57.0,52.7,85.4,118.9
Ddx17,15636.7,15586.5,15340.9,15284.1
Ddx18,329.2,370.1,364.2,293.0
Ddx19a,1318.9,1299.9,1441.2,1458.1
Ddx19b,1273.7,1412.1,907.1,922.6
Ddx20,432.5,486.8,487.1,413.7
Ddx21,4395.7,4548.0,4065.7,3164.5
Ddx23,1458.8,1477.1,1765.3,1934.6
Ddx24,2413.0,2464.1,2920.7,2998.0
Ddx25,0.0,0.0,0.9,2.8
Ddx26b,1875.1,1681.2,2290.8,2274.2
Ddx27,847.7,817.6,756.3,775.2
Ddx28,633.6,640.4,615.2,613.5
Ddx31,726.2,704.4,597.7,573.5
Ddx39,1320.0,1256.2,930.6,763.8
Ddx39b,3673.8,3657.5,3653.5,3772.3
Ddx3x,7471.4,7468.6,9061.1,8182.8
Ddx3y,2660.4,2566.2,2820.5,2155.3
Ddx4,1.1,4.5,4.3,2.8
Ddx41,1798.7,1833.8,1458.6,1777.7
Ddx42,1913.8,2018.8,2438.9,2305.6
Ddx43,7.5,1.1,0.0,1.9
Ddx46,2631.4,2612.2,2919.0,3015.2
Ddx47,1288.8,1353.7,1368.9,1382.0
Ddx49,1209.2,1330.2,1093.5,1075.8
Ddx5,8264.3,8541.9,9252.8,8659.3
Ddx50,1299.6,1305.5,1070.0,961.6
Ddx51,730.5,696.5,705.8,735.2
Ddx52,1431.9,1455.8,1347.1,1263.1
Ddx54,2210.8,2233.1,2085.1,2201.9
Ddx55,384.1,352.2,280.6,297.7
Ddx56,814.4,770.5,833.9,770.4
Ddx58,1033.8,994.8,3364.3,3685.7
Ddx59,252.8,265.8,282.3,261.6
Ddx6,7131.5,6966.1,7922.3,7664.4
Ddx60,493.8,418.4,2293.4,2486.3
Deaf1,137.7,152.5,138.5,191.2
Dear1,74.2,116.7,20.0,33.3
Deb1,315.2,296.1,112.4,125.5
Decr1,570.2,587.7,739.8,547.9
Decr2,693.9,575.4,742.4,740.9
Dedd,728.3,734.6,544.6,680.1
Dedd2,578.8,611.3,317.2,417.6
Def6,1409.3,1271.9,833.9,836.1
Def8,1513.7,1471.5,929.7,887.4
Defa-ps1,0.0,0.0,0.0,0.0
Defa-ps12,0.0,0.0,0.0,0.0
Defa-ps13,0.0,0.0,0.0,0.9
Defa-rs1,0.0,0.0,0.0,0.0
Defa-rs7,0.0,1.1,0.0,3.8
Defa17,0.0,0.0,0.0,0.0
Defa20,0.0,0.0,0.0,1.9
Defa21,0.0,0.0,0.0,0.9
Defa22,0.0,0.0,0.9,0.9
Defa23,0.0,1.1,0.0,3.8
Defa24,0.0,0.0,0.9,0.0
Defa25,0.0,0.0,0.0,1.9
Defa26,0.0,0.0,0.0,0.0
Defa3,0.0,0.0,0.0,0.0
Defa4,0.0,0.0,0.0,0.0
Defa5,1.1,0.0,1.7,0.0
Defa6,0.0,0.0,0.0,0.0
Defb1,0.0,0.0,1.7,5.7
Defb10,0.0,0.0,0.0,0.0
Defb11,2.2,0.0,0.0,0.0
Defb12,0.0,0.0,0.0,0.9
Defb13,1.1,0.0,0.0,0.0
Defb14,0.0,0.0,1.7,0.0
Defb15,0.0,0.0,0.0,0.0
Defb18,0.0,0.0,0.0,0.0
Defb19,0.0,0.0,0.0,0.9
Defb2,0.0,0.0,0.0,0.0
Defb20,0.0,0.0,0.0,0.9
Defb21,0.0,0.0,0.0,1.9
Defb22,0.0,0.0,0.0,0.0
Defb23,0.0,0.0,0.0,0.0
Defb25,0.0,0.0,0.0,0.9
Defb26,0.0,0.0,1.7,0.0
Defb28,0.0,0.0,0.0,0.0
Defb29,0.0,0.0,0.9,0.9
Defb3,0.0,0.0,0.0,1.9
Defb30,0.0,0.0,6.1,0.9
Defb33,1.1,0.0,0.0,0.0
Defb34,0.0,0.0,0.0,0.0
Defb35,0.0,0.0,0.0,0.0
Defb36,0.0,0.0,0.0,0.0
Defb37,0.0,0.0,0.0,0.0
Defb38,0.0,0.0,0.0,0.0
Defb39,0.0,0.0,0.0,0.0
Defb4,0.0,0.0,0.0,1.9
Defb40,0.0,0.0,0.0,0.0
Defb41,0.0,0.0,0.0,0.0
Defb42,0.0,0.0,0.0,3.8
Defb43,0.0,0.0,0.0,1.9
Defb44-ps,0.0,0.0,0.0,0.0
Defb45,0.0,0.0,0.0,0.0
Defb46,0.0,0.0,0.0,0.9
Defb47,0.0,0.0,0.0,0.9
Defb48,0.0,0.0,0.0,0.9
Defb48-ps,0.0,0.0,0.0,0.0
Defb5,0.0,0.0,0.0,0.0
Defb50,0.0,0.0,0.0,0.0
Defb6,0.0,0.0,0.0,0.0
Defb7,0.0,0.0,0.0,0.0
Defb8,0.0,0.0,0.0,0.0
Defb9,0.0,0.0,0.0,0.0
Degs1,7914.6,8129.2,3643.1,3650.5
Degs2,1094.1,1043.1,1097.9,1173.7
Dek,1543.8,1502.9,3407.8,3016.1
Dem1,727.2,715.6,508.9,560.2
Dennd1a,1167.2,1241.6,1897.8,2142.0
Dennd1b,6692.5,6813.6,4289.6,4495.2
Dennd1c,620.7,642.7,928.0,1013.0
Dennd2a,1706.2,1728.4,282.3,331.0
Dennd2c,93.6,117.8,372.9,406.1
Dennd2d,471.2,493.5,222.2,240.6
Dennd3,2768.0,2620.0,41.8,62.8
Dennd4a,2110.7,1926.9,2601.8,2132.5
Dennd4b,2500.2,2474.2,2174.9,2700.3
Dennd4c,6607.5,7000.9,5625.4,5929.5
Dennd5a,5006.8,4945.0,8706.5,8956.1
Dennd5b,15.1,16.8,206.5,194.0
Denr,1130.7,1200.1,891.4,778.0
Depdc1a,24.7,32.5,24.4,21.9
Depdc1b,74.2,71.8,62.7,71.3
Depdc5,1611.5,1658.8,1215.5,1309.7
Depdc7,159.2,126.7,250.9,274.9
Deptor,503.5,550.7,457.4,557.4
Dera,963.9,994.8,904.4,841.8
Derl1,5578.0,5640.4,4152.0,4078.6
Derl2,2217.2,2316.1,1541.4,1390.6
Derl3,35.5,57.2,18.3,20.9
Des,0.0,0.0,7.0,9.5
Det1,360.4,324.1,254.4,290.1
Dexi,271.1,225.4,248.3,299.6
Dffa,614.3,650.5,518.4,583.1
Dffb,105.4,84.1,124.6,102.7
Dfna5,210.9,201.9,282.3,250.1
Dfnb59,2.2,3.4,2.6,2.8
Dgat1,798.2,899.5,425.2,426.1
Dgat2,30.1,14.6,82.8,73.2
Dgat2l6,0.0,0.0,1.7,0.9
Dgcr14,527.1,446.4,582.9,620.1
Dgcr2,1836.4,1685.7,1681.7,1817.7
Dgcr6,341.0,317.4,278.8,250.1
Dgcr8,847.7,824.4,793.8,716.2
Dgka,847.7,870.4,563.7,565.9
Dgkb,1.1,0.0,0.0,2.8
Dgkd,3934.2,4079.2,6638.8,7216.4
Dgke,634.7,531.6,410.4,456.6
Dgkg,65.6,120.0,135.0,141.7
Dgkh,265.7,293.9,543.7,491.7
Dgki,4.3,7.9,9.6,13.3
Dgkk,0.0,0.0,0.0,1.9
Dgkq,1087.6,1092.4,957.6,1124.3
Dgkz,5579.1,5656.1,5530.4,6772.2
Dguok,525.0,477.8,664.8,631.6
Dhcr24,6568.8,6380.6,1250.4,1146.1
Dhcr7,3166.1,3169.6,717.1,790.4
Dhdds,1665.3,1619.6,1213.8,1360.1
Dhdh,862.8,749.2,837.4,966.4
Dhfr,114.0,101.0,157.7,118.9
Dhh,2.2,4.5,6.1,12.4
Dhodh,144.2,142.4,211.7,195.0
Dhps,683.1,565.3,447.0,448.9
Dhrs1,1686.9,1720.5,1322.7,1425.8
Dhrs11,401.3,354.4,283.2,269.2
Dhrs13,33.4,25.8,47.0,32.3
Dhrs2,0.0,0.0,1.7,0.9
Dhrs3,11413.1,10698.7,8852.0,10310.5
Dhrs4,394.8,399.3,421.7,421.4
Dhrs7,1147.9,1131.7,878.3,872.2
Dhrs7b,303.4,319.7,327.6,293.9
Dhrs7c,0.0,0.0,0.0,0.0
Dhrs9,1299.6,1306.6,246.6,158.8
Dhrsx,796.1,747.0,679.6,790.4
Dhtkd1,21.5,19.1,20.0,16.2
Dhx15,4504.4,4573.8,3965.5,3548.8
Dhx16,1448.0,1468.1,1152.8,1228.9
Dhx29,1110.2,1140.7,751.1,635.4
Dhx30,1597.6,1524.2,1839.4,1953.7
Dhx32,632.6,561.9,858.3,867.5
Dhx33,1340.4,1386.3,1265.2,1199.4
Dhx34,835.9,870.4,1032.5,1170.9
Dhx35,547.6,522.7,517.6,528.8
Dhx36,2038.6,2062.6,2228.9,2080.2
Dhx37,719.7,701.0,607.3,662.0
Dhx38,1178.0,1186.6,955.9,1260.3
Dhx40,1313.6,1212.4,1471.7,1284.1
Dhx57,913.4,992.6,1156.3,1261.2
Dhx58,398.1,416.1,1655.5,1854.8
Dhx8,2200.0,2131.0,2054.6,2065.0
Dhx9,2645.4,2603.2,3355.5,3035.1
Diablo,607.8,595.6,447.0,477.5
Diap1,6639.8,7078.3,2499.0,2521.5
Diap2,4349.4,3895.2,2491.2,2271.4
Diap3,228.1,254.6,341.6,221.6
Dicer1,2544.3,2577.4,3082.8,2737.4
Dido1,1275.9,1257.3,2128.7,2160.1
Diexf,580.9,563.0,565.5,612.5
Dimt1,81.8,114.4,155.1,114.1
Dio1,0.0,0.0,3.5,2.8
Dio2,8626.8,8630.5,240.5,180.7
Dio3,0.0,0.0,40.1,17.1
Dio3os,0.0,0.0,11.3,1.9
Dip2a,1264.1,1428.9,736.3,839.9
Dip2b,5265.0,5406.0,5313.5,5595.6
Dip2c,2079.5,1961.6,971.5,966.4
Diras1,2.2,0.0,8.7,3.8
Diras2,170.0,136.8,59.2,54.2
Dirc2,2706.7,2643.6,918.4,893.1
Dis3,435.7,425.1,658.7,493.6
Dis3l,867.1,921.9,842.6,897.9
Dis3l2,761.7,778.4,619.5,710.5
Disc1,123.7,130.1,211.7,280.6
Disp1,181.8,198.5,217.8,289.1
Disp2,6.5,0.0,2.6,13.3
Dixdc1,34.4,23.6,52.3,50.4
Dkc1,486.3,486.8,582.9,457.5
Dkk1,0.0,0.0,7.0,0.0
Dkk2,11.8,6.7,8.7,8.6
Dkk3,4.3,3.4,1720.9,624.0
Dkk4,0.0,0.0,0.9,6.7
Dkkl1,2.2,1.1,0.9,0.0
Dlat,1367.3,1369.5,963.7,940.7
Dlc1,22.6,14.6,653.5,263.5
Dld,3186.5,3259.3,2355.2,2074.5
Dlec1,5.4,11.2,11.3,13.3
Dleu2,306.6,341.0,515.0,518.4
Dleu7,0.0,0.0,0.0,0.0
Dlg1,2248.4,2159.0,2021.5,1844.3
Dlg2,21.5,21.3,13.1,19.0
Dlg3,445.4,446.4,159.4,103.7
Dlg4,108.7,102.1,337.2,386.2
Dlg5,6.5,0.0,404.3,186.4
Dlgap1,7.5,4.5,9.6,17.1
Dlgap2,0.0,1.1,0.0,6.7
Dlgap3,2.2,0.0,1.7,4.8
Dlgap4,1278.1,1231.5,1273.0,1368.7
Dlgap5,243.1,258.0,233.5,199.7
Dlk1,0.0,0.0,7.8,15.2
Dlk2,2.2,0.0,22.6,15.2
Dll1,3.2,0.0,3.5,9.5
Dll3,0.0,0.0,0.0,2.8
Dll4,3.2,11.2,5.2,9.5
Dlst,4380.6,4590.6,3556.0,3568.7
Dlx1,0.0,0.0,0.0,13.3
Dlx1as,0.0,0.0,0.0,13.3
Dlx2,0.0,0.0,7.0,7.6
Dlx3,0.0,1.1,3.5,8.6
Dlx4,1.1,2.3,0.0,5.7
Dlx5,0.0,0.0,5.2,2.8
Dlx6,0.0,0.0,18.3,4.8
Dlx6as1,0.0,2.3,11.3,7.6
Dlx6as2,0.0,0.0,0.9,3.8
Dmap1,484.1,431.8,439.1,492.7
Dmbt1,2.2,0.0,3.5,7.6
Dmbx1,0.0,0.0,1.7,3.8
Dmc1,2.2,0.0,0.0,0.9
Dmd,338.9,352.2,40.9,23.8
Dmgdh,2.2,1.1,0.9,7.6
Dmkn,1.1,2.3,2.6,3.8
Dmp1,1.1,2.3,5.2,2.8
Dmpk,0.0,0.0,407.8,425.2
Dmrt1,0.0,0.0,1.7,0.0
Dmrt2,4.3,0.0,0.0,3.8
Dmrt3,0.0,0.0,1.7,3.8
Dmrta1,0.0,0.0,1.7,1.9
Dmrta2,45.2,49.4,5.2,10.5
Dmrtb1,0.0,0.0,0.0,7.6
Dmrtc1a,0.0,0.0,0.0,1.9
Dmrtc1b,0.0,0.0,0.0,0.9
Dmrtc1c1,0.0,0.0,0.0,7.6
Dmrtc1c2,0.0,0.0,0.0,7.6
Dmrtc2,0.0,0.0,1.7,8.6
Dmtf1,1323.2,1232.6,1464.7,1339.2
Dmwd,4.3,20.2,400.8,360.5
Dmxl1,6022.3,6174.3,11487.8,10862.2
Dmxl2,5277.9,5693.1,2415.4,2346.5
Dna2,781.0,759.3,325.0,410.9
Dnahc1,12.9,20.2,17.4,36.1
Dnahc10,2.2,4.5,6.1,28.5
Dnahc11,186.1,198.5,56.6,54.2
Dnahc17,120.5,92.0,86.3,110.3
Dnahc2,6.5,7.9,52.3,68.5
Dnahc5,1.1,0.0,1.7,21.9
Dnahc6,220.5,172.7,7.8,11.4
Dnahc7a,2.2,3.4,3.5,13.3
Dnahc7b,0.0,1.1,11.3,14.3
Dnahc8,7.5,6.7,65.3,99.9
Dnahc9,19.4,12.3,24.4,21.9
Dnaic1,17.2,34.8,11.3,6.7
Dnaic2,0.0,2.3,3.5,5.7
Dnaja1,704.7,685.3,797.3,795.2
Dnaja2,1119.9,1083.5,1209.4,1090.0
Dnaja3,516.4,618.0,620.4,626.8
Dnaja4,48.4,46.0,76.7,69.4
Dnajb1,1225.3,1121.6,1077.8,1063.4
Dnajb11,4723.8,4263.1,2417.1,2120.1
Dnajb12,662.7,720.1,668.3,722.9
Dnajb13,189.3,97.6,90.6,152.2
Dnajb14,1635.2,1618.4,1964.0,1993.6
Dnajb2,336.7,337.6,268.4,273.9
Dnajb3,18.3,29.2,35.7,13.3
Dnajb4,599.2,595.6,1323.6,903.6
Dnajb5,106.5,116.7,124.6,119.8
Dnajb6,2034.3,2013.2,1428.1,1430.5
Dnajb7,8.6,9.0,14.8,15.2
Dnajb8,0.0,0.0,0.0,3.8
Dnajb9,1199.5,1197.9,748.5,751.4
Dnajc1,2219.4,2279.0,1579.7,1426.7
Dnajc10,5122.9,5245.6,3415.7,2623.3
Dnajc11,1470.6,1529.8,1175.4,1232.7
Dnajc12,211.9,222.1,169.9,170.3
Dnajc13,5547.9,5905.1,8300.4,7905.1
Dnajc14,1782.6,1900.0,1688.7,1590.3
Dnajc15,1375.9,1265.1,610.8,589.7
Dnajc16,1136.0,1113.7,729.3,804.7
Dnajc17,76.4,59.5,66.2,92.3
Dnajc18,619.7,637.1,756.3,694.3
Dnajc19,223.8,207.5,263.1,297.7
Dnajc2,655.2,615.8,635.2,468.9
Dnajc21,221.6,217.6,138.5,124.6
Dnajc22,2.2,0.0,0.9,0.0
Dnajc24,213.0,234.4,244.0,235.9
Dnajc25,344.3,292.7,253.6,193.1
Dnajc27,412.0,395.9,432.2,338.6
Dnajc28,280.8,292.7,385.1,366.2
Dnajc3,9053.9,8780.8,4268.7,3935.9
Dnajc30,477.7,412.7,427.8,501.3
Dnajc4,321.7,326.4,253.6,305.3
Dnajc5,6728.0,6388.5,4546.7,4587.4
Dnajc5b,1.1,0.0,2.6,1.9
Dnajc5g,0.0,0.0,0.0,1.9
Dnajc6,4.3,3.4,7.0,7.6
Dnajc7,942.4,959.0,1397.6,1319.2
Dnajc8,1486.8,1513.0,1294.8,1386.8
Dnajc9,398.1,393.7,483.6,481.3
Dnalc1,69.9,58.3,93.2,83.7
Dnalc4,464.8,489.0,468.8,446.1
Dnali1,12.9,12.3,20.0,21.9
Dnase1,52.7,66.2,47.0,71.3
Dnase1l1,4308.6,4211.5,3929.8,4397.2
Dnase1l2,19.4,11.2,13.9,31.4
Dnase1l3,4.3,0.0,13.9,25.7
Dnase2a,6396.7,6232.6,2998.3,3223.5
Dnase2b,0.0,0.0,3.5,5.7
Dnd1,21.5,15.7,31.4,39.9
Dner,3.2,2.3,21.8,18.1
Dnlz,998.3,923.1,481.8,508.9
Dnm1,12.9,2.3,15.7,17.1
Dnm1l,2001.0,1945.9,1907.4,1567.5
Dnm2,4463.5,4292.3,3293.7,3713.3
Dnm3,4.3,3.4,1.7,13.3
Dnm3os,2.2,4.5,670.1,207.3
Dnmbp,712.2,753.7,869.6,885.5
Dnmt1,5372.5,5445.3,2794.4,3086.5
Dnmt3a,18153.0,18380.4,4160.7,4432.4
Dnmt3b,117.3,94.2,94.1,87.5
Dnmt3l,30.1,39.3,10.4,12.4
Dnpep,1216.7,1357.1,1001.2,1088.1
Dntt,0.0,0.0,16.5,14.3
Dnttip1,424.9,351.1,431.3,412.8
Dnttip2,1664.3,1702.6,1880.4,1741.6
Doc2a,259.3,218.7,250.1,229.2
Doc2b,3.2,0.0,3.5,9.5
Doc2g,22.6,19.1,16.5,12.4
Dock1,2103.2,2125.4,2597.5,2628.0
Dock10,22749.9,21814.6,7946.7,8176.1
Dock11,3305.9,3196.5,3846.1,3653.4
Dock2,10821.4,10991.4,9144.8,10226.8
Dock3,129.1,151.4,25.3,28.5
Dock4,1249.0,1306.6,4263.5,4185.1
Dock5,1935.4,1967.3,1858.6,1955.6
Dock6,63.5,60.6,183.0,187.4
Dock7,1704.1,1630.8,2543.4,2129.6
Dock8,5750.1,5832.2,10448.3,12331.7
Dock9,47.3,24.7,73.2,76.1
Dohh,827.3,763.8,591.6,762.8
Dok1,1025.2,1099.2,2188.8,2358.9
Dok2,1734.2,1716.0,896.6,945.4
Dok3,1259.8,1301.0,1312.2,1515.2
Dok4,198.0,214.2,187.3,201.6
Dok5,0.0,2.3,27.9,8.6
Dok6,0.0,0.0,2.6,2.8
Dok7,233.5,249.0,5.2,4.8
Dolk,627.2,666.2,618.6,574.5
Dolpp1,1155.4,1052.0,499.3,519.3
Dom3z,433.6,410.5,292.8,293.0
Donson,265.7,316.3,309.3,261.6
Dopey1,1693.3,1806.9,1796.7,1847.1
Dopey2,2395.8,2329.5,1646.8,2016.4
Dos,166.8,111.0,150.7,139.8
Dot1l,550.8,596.7,298.9,335.8
Doxl2,0.0,2.3,0.0,1.9
Dpagt1,2403.3,2274.6,1269.5,1400.1
Dpcd,337.8,385.8,296.2,292.0
Dpcr1,0.0,2.3,2.6,4.8
Dpep1,2.2,0.0,241.4,82.7
Dpep2,5061.6,5043.7,3537.7,4358.2
Dpep3,50.6,46.0,29.6,48.5
Dpf1,2.2,4.5,13.1,4.8
Dpf2,1476.0,1436.7,1409.8,1470.5
Dpf3,3.2,5.6,1.7,2.8
Dph1,679.9,670.7,530.6,601.1
Dph2,270.0,289.4,219.6,213.1
Dph3,720.8,753.7,605.6,546.9
Dph5,245.3,273.7,275.3,281.5
Dpm1,364.7,358.9,318.9,292.0
Dpm2,872.5,760.4,607.3,646.8
Dpm3,451.8,398.2,353.8,386.2
Dpp10,2.2,2.3,0.9,6.7
Dpp3,2692.7,2468.6,2252.4,2261.8
Dpp4,64.6,71.8,46.2,60.9
Dpp6,6.5,11.2,2.6,2.8
Dpp7,6486.0,6303.3,1457.8,1432.4
Dpp8,3921.3,4087.0,4524.0,4318.2
Dpp9,1747.1,1794.5,1286.1,1344.9
Dppa1,2.2,0.0,2.6,0.0
Dppa2,0.0,0.0,0.0,0.0
Dppa3,8.6,4.5,27.0,34.2
Dppa4,0.0,0.0,2.6,1.9
Dppa5a,0.0,0.0,0.0,2.8
Dpt,0.0,0.0,0.0,0.9
Dpy19l1,1882.6,1767.6,1585.8,1609.4
Dpy19l2,0.0,0.0,0.0,0.9
Dpy19l3,40.9,58.3,264.9,226.4
Dpy19l4,1301.7,1260.7,1192.9,1136.6
Dpy30,491.6,315.2,317.2,434.7
Dpyd,2.2,0.0,0.0,4.8
Dpys,25.8,30.3,9.6,0.9
Dpysl2,1220.0,1231.5,4229.5,5628.0
Dpysl3,0.0,2.3,771.1,346.2
Dpysl4,6.5,2.3,7.0,4.8
Dpysl5,7.5,2.3,0.9,1.9
Dqx1,50.6,29.2,54.9,69.4
Dr1,2368.9,2267.8,2235.0,2007.9
Dram1,3757.8,3688.9,1523.1,1440.0
Dram2,4522.7,4521.1,3757.2,3722.8
Drap1,1421.1,1304.4,1679.1,1732.1
Drd1a,25.8,22.4,4.3,5.7
Drd2,2.2,2.3,0.0,0.0
Drd3,0.0,0.0,2.6,3.8
Drd4,0.0,0.0,1.7,4.8
Drd5,0.0,0.0,1.7,5.7
Drg1,1383.5,1589.3,1381.9,1290.7
Drg2,561.6,504.7,648.3,597.3
Drosha,223.8,169.4,469.6,409.0
Drp2,0.0,2.3,1.7,12.4
Dsc1,2.2,1.1,3.5,1.9
Dsc2,0.0,6.7,14.8,3.8
Dsc3,2.2,2.3,0.9,3.8
Dscam,80.7,67.3,14.8,13.3
Dscaml1,4.3,0.0,10.4,17.1
Dscc1,20.4,20.2,22.6,5.7
Dscr3,1932.1,2021.1,1817.6,1926.1
Dse,3944.9,3875.0,10614.7,11066.7
Dsel,321.7,353.3,667.4,502.2
Dsg1a,0.0,2.3,1.7,5.7
Dsg1b,0.0,0.0,0.0,4.8
Dsg1c,0.0,0.0,2.6,2.8
Dsg2,3.2,0.0,2.6,5.7
Dsg3,0.0,0.0,6.1,3.8
Dsg4,0.0,1.1,0.9,8.6
Dsn1,263.6,212.0,207.4,154.1
Dsp,0.0,0.0,8.7,10.5
Dspp,1.1,0.0,1.7,6.7
Dst,3047.7,3267.2,2599.2,2350.3
Dstn,5669.5,5286.0,4718.3,3250.1
Dstyk,1813.8,1811.4,2455.4,2365.5
Dtd1,132.3,102.1,129.8,144.6
Dtl,108.7,66.2,171.6,112.2
Dtna,1.1,0.0,63.6,31.4
Dtnb,573.4,512.6,81.0,91.3
Dtnbp1,3569.5,3530.7,2182.7,2384.5
Dtwd1,143.1,111.0,168.2,150.3
Dtwd2,118.3,122.3,76.7,90.4
Dtx1,0.0,10.1,3.5,5.7
Dtx2,281.9,263.6,409.5,366.2
Dtx3,1653.5,1638.6,481.0,525.0
Dtx3l,2938.0,2632.3,5870.2,6335.6
Dtx4,2731.5,2570.7,2321.3,2884.9
Dtymk,288.3,289.4,314.5,327.2
Dub1,0.0,0.0,1.7,3.8
Dub1a,0.0,0.0,2.6,0.0
Dub2a,0.0,0.0,1.7,5.7
Dub3,0.0,0.0,2.6,3.8
Duox1,0.0,2.3,5.2,17.1
Duox2,1.1,2.3,2.6,11.4
Duoxa1,0.0,0.0,5.2,1.9
Duoxa2,0.0,0.0,0.0,0.9
Dupd1,0.0,0.0,0.0,3.8
Dus1l,731.5,806.4,641.3,602.1
Dus2l,168.9,188.4,181.2,174.1
Dus3l,503.5,440.8,594.2,723.8
Dus4l,65.6,50.5,59.2,36.1
Dusp1,683.1,671.8,1260.8,1199.4
Dusp10,171.1,153.7,142.0,74.2
Dusp11,5644.7,5404.9,4479.6,4331.6
Dusp12,247.4,213.1,358.1,292.0
Dusp13,277.6,228.8,16.5,12.4
Dusp14,2.2,0.0,12.2,9.5
Dusp15,0.0,0.0,5.2,10.5
Dusp16,1268.4,1249.4,628.2,511.7
Dusp18,279.7,274.8,69.7,41.8
Dusp19,157.1,151.4,102.8,66.6
Dusp2,47.3,47.1,93.2,100.8
Dusp21,0.0,0.0,0.0,0.0
Dusp22,1084.4,1015.0,1282.6,1497.1
Dusp23,569.1,515.9,242.2,252.1
Dusp26,0.0,0.0,2.6,2.8
Dusp27,2.2,3.4,28.7,26.6
Dusp28,290.5,284.9,186.5,166.4
Dusp3,13192.5,12737.7,5922.5,6450.7
Dusp4,477.7,473.3,262.3,208.3
Dusp5,92.5,96.5,68.0,60.9
Dusp6,610.0,634.8,3362.5,3298.6
Dusp7,1315.7,1324.6,3069.7,3369.0
Dusp8,8.6,10.1,79.3,42.8
Dusp9,91.4,80.8,21.8,16.2
Dut,177.5,197.4,223.9,146.5
Dux,0.0,4.5,24.4,70.4
Duxbl,0.0,0.0,0.0,9.5
Dvl1,981.1,1046.4,1131.9,1146.1
Dvl2,561.6,582.1,486.2,579.3
Dvl3,131.3,113.3,210.0,269.2
Dydc1,0.0,1.1,0.9,0.9
Dydc2,0.0,0.0,0.0,0.9
Dym,303.4,335.4,363.3,421.4
Dync1h1,12709.5,12969.9,13949.4,15114.8
Dync1i1,3.2,0.0,9.6,4.8
Dync1i2,4024.6,4330.4,4546.7,4196.5
Dync1li1,1564.2,1544.4,1436.8,1222.2
Dync1li2,3092.9,3342.3,2937.3,2699.4
Dync2h1,659.5,736.9,446.1,346.2
Dync2li1,14.0,21.3,93.2,88.5
Dynll1,1948.3,1740.7,1480.4,1280.3
Dynll2,645.5,598.9,836.5,920.7
Dynlrb1,1497.5,1298.8,1476.0,1712.1
Dynlrb2,0.0,1.1,0.0,0.0
Dynlt1a,711.1,611.3,909.7,828.5
Dynlt1b,1015.6,845.7,1450.8,1378.2
Dynlt1c,1661.0,1654.3,3207.4,3085.5
Dynlt1f,1825.6,1817.0,3420.9,3291.0
Dynlt3,3351.1,3211.1,3090.7,2581.4
Dyrk1a,3010.1,2992.4,3075.0,3267.2
Dyrk1b,209.8,197.4,200.4,302.5
Dyrk2,791.8,756.0,1196.3,1246.0
Dyrk3,52.7,59.5,22.6,24.7
Dyrk4,1.1,3.4,0.9,3.8
Dysf,9.7,9.0,423.5,153.1
Dytn,0.0,1.1,1.7,2.8
Dyx1c1,10.8,11.2,9.6,18.1
Dzip1,3.2,1.1,58.4,12.4
Dzip1l,0.0,1.1,22.6,20.9
Dzip3,291.5,342.1,674.4,579.3
E030002O03Rik,3.2,0.0,0.0,1.9
E030003E18Rik,1.1,0.0,0.0,0.9
E030010A14Rik,0.0,1.1,0.9,4.8
E030011O05Rik,0.0,0.0,13.9,9.5
E030013I19Rik,0.0,0.0,0.0,1.9
E030018B13Rik,128.0,161.5,90.6,131.3
E030019B06Rik,3.2,1.1,0.9,1.9
E030019B13Rik,0.0,0.0,1.7,0.0
E030024N20Rik,1604.0,1476.0,1237.3,997.8
E030025P04Rik,0.0,0.0,0.0,3.8
E030030I06Rik,31.2,29.2,43.6,32.3
E030044B06Rik,0.0,0.0,0.0,1.9
E130003G02Rik,6.5,0.0,2.6,1.9
E130006D01Rik,0.0,0.0,0.0,0.9
E130008D07Rik,0.0,2.3,4.3,9.5
E130012A19Rik,44.1,62.8,43.6,67.5
E130018N17Rik,0.0,0.0,1.7,1.9
E130102H24Rik,137.7,146.9,215.2,227.3
E130112N10Rik,34.4,25.8,21.8,32.3
E130114P18Rik,0.0,0.0,0.0,0.0
E130201H02Rik,153.8,167.1,76.7,97.0
E130203B14Rik,2.2,0.0,7.8,9.5
E130215H24Rik,17.2,15.7,26.1,20.0
E130218I03Rik,137.7,142.4,115.9,83.7
E130303B06Rik,96.8,74.0,74.1,75.1
E130304F04Rik,190.4,176.1,78.4,69.4
E130304I02Rik,0.0,1.1,7.0,3.8
E130306D19Rik,35.5,52.7,74.1,66.6
E130307A14Rik,10.8,9.0,23.5,16.2
E130308A19Rik,115.1,138.0,81.0,106.5
E130309D02Rik,266.8,338.7,161.2,226.4
E130309D14Rik,21.5,41.5,27.9,43.7
E130309F12Rik,0.0,0.0,4.3,4.8
E130310I04Rik,0.0,2.3,47.0,23.8
E130311K13Rik,59.2,85.2,194.3,169.3
E130317F20Rik,100.1,105.4,118.5,155.0
E230008N13Rik,74.2,78.5,14.8,12.4
E230016K23Rik,537.9,439.7,1.7,7.6
E230016M11Rik,152.8,130.1,105.4,124.6
E230019M04Rik,0.0,0.0,0.9,0.0
E230025N22Rik,7.5,4.5,9.6,13.3
E230029C05Rik,17.2,14.6,36.6,29.5
E2f1,749.8,696.5,640.4,665.8
E2f2,856.3,861.4,297.1,354.8
E2f3,537.9,591.1,705.8,672.5
E2f4,1273.7,1239.3,1014.2,1058.6
E2f5,216.2,240.0,334.6,271.1
E2f6,575.6,622.5,480.1,391.9
E2f7,6.5,4.5,18.3,17.1
E2f8,357.2,319.7,203.9,193.1
E330009D11,0.0,0.0,2.6,3.8
E330009J07Rik,614.3,564.2,61.0,55.2
E330011O21Rik,0.0,0.0,0.0,0.0
E330012B07Rik,0.0,0.0,0.0,0.0
E330013P04Rik,0.0,0.0,2.6,4.8
E330013P06,2.2,2.3,69.7,26.6
E330014E10Rik,0.0,0.0,0.0,0.0
E330014E10Rik,0.0,0.0,0.0,0.0
E330014E10Rik,0.0,0.0,0.0,0.0
E330014E10Rik,0.0,0.0,0.0,0.0
E330014E10Rik,0.0,0.0,0.0,0.0
E330014E10Rik,0.0,0.0,0.0,0.0
E330014E10Rik,0.0,0.0,0.0,0.0
E330014E10Rik,0.0,0.0,0.0,0.0
E330014E10Rik,0.0,0.0,0.0,0.0
E330014E10Rik,0.0,0.0,0.0,0.0
E330014E10Rik,0.0,0.0,0.0,0.0
E330014E10Rik,0.0,0.0,0.0,0.0
E330014E10Rik,0.0,0.0,0.0,0.0
E330014E10Rik,0.0,0.0,0.0,0.0
E330014E10Rik,0.0,0.0,0.0,0.0
E330014E10Rik,0.0,0.0,0.0,0.0
E330016A19Rik,419.6,330.9,330.2,266.3
E330017A01Rik,0.0,0.0,0.0,0.9
E330017L17Rik,0.0,0.0,0.0,0.9
E330020D12Rik,124.8,133.5,37.5,45.7
E330021D16Rik,0.0,0.0,0.0,1.9
E330023G01,0.0,0.0,0.0,1.9
E330033B04Rik,187.2,188.4,298.0,278.7
E330033L03,0.0,0.0,3.5,2.8
E330034G19Rik,0.0,0.0,0.0,1.9
E430016F16Rik,1.1,1.1,2.6,2.8
E430018J23Rik,191.5,171.6,162.9,159.8
E430025E21Rik,6593.6,6324.6,5059.9,4866.1
E4f1,468.0,406.0,496.7,499.4
E530001F21Rik,0.0,0.0,0.0,1.9
E530011L22Rik,80.7,74.0,67.1,98.0
EU599041,1.1,0.0,2.6,4.8
Eaf1,2784.2,2761.3,1730.5,1608.4
Eaf2,8.6,5.6,13.9,13.3
Eapp,845.6,913.0,725.8,729.5
Ear1,38.7,55.0,7.0,6.7
Ear10,204.4,207.5,1.7,0.0
Ear11,969.3,862.5,1.7,5.7
Ear12,2978.9,2698.5,13.9,39.0
Ear14,0.0,0.0,0.0,0.0
Ear2,4027.8,3706.8,16.5,46.6
Ear3,2978.9,2698.5,13.9,39.0
Ear4,0.0,0.0,0.0,0.0
Ear5,12.9,13.5,3.5,1.9
Ear6,2522.7,2415.9,7.0,6.7
Ear7,1768.6,1777.7,5.2,6.7
Ears2,129.1,138.0,141.1,120.8
Ebag9,437.9,452.0,501.0,440.4
Ebf1,0.0,0.0,156.8,64.7
Ebf2,0.0,0.0,29.6,15.2
Ebf3,1.1,3.4,34.0,16.2
Ebf4,0.0,0.0,0.9,4.8
Ebi3,866.0,905.1,1158.9,1206.1
Ebna1bp2,802.5,924.2,841.7,707.7
Ebp,1699.8,1674.5,1025.6,1055.8
Ebpl,551.9,572.0,336.3,280.6
Ecd,1104.8,1233.7,1151.9,1289.8
Ece1,578.8,669.6,669.2,570.7
Ece2,444.3,448.6,203.0,180.7
Ecel1,2.2,0.0,0.0,4.8
Ech1,1996.7,1972.9,1374.1,1501.9
Echdc1,1540.5,1423.3,1102.2,974.0
Echdc2,3.2,0.0,46.2,21.9
Echdc3,115.1,123.4,13.1,12.4
Echs1,2617.4,2729.9,1439.5,1391.5
Eci1,198.0,236.7,291.9,268.2
Eci2,1192.0,1083.5,980.3,862.7
Eci3,11.8,10.1,1.7,0.0
Ecm1,1849.3,1821.4,2193.2,1456.2
Ecm2,2.2,0.0,10.4,11.4
Ecscr,0.0,0.0,3.5,4.8
Ecsit,202.3,185.1,142.9,154.1
Ect2,187.2,215.4,305.8,263.5
Ect2l,5.4,1.1,2.6,4.8
Eda,3.2,0.0,32.2,24.7
Eda2r,26.9,13.5,247.5,85.6
Edar,0.0,0.0,0.0,12.4
Edaradd,224.8,208.6,362.5,425.2
Edc3,1079.0,1156.4,1056.1,1139.5
Edc4,1012.3,1130.6,944.5,1110.9
Eddm3b,0.0,0.0,0.0,0.9
Edem1,11347.5,11498.4,5812.7,5639.4
Edem2,3414.6,3541.9,1214.6,1456.2
Edem3,3691.1,3364.7,3048.8,2668.0
Edf1,1322.2,1190.0,894.9,868.4
Edil3,88.2,107.7,257.9,107.5
Edn1,2.2,2.3,208.2,61.8
Edn2,0.0,0.0,0.9,0.0
Edn3,0.0,2.3,3.5,3.8
Ednra,9.7,2.3,29.6,7.6
Ednrb,57.0,58.3,1020.3,985.4
Eea1,8866.7,8642.9,6569.1,6030.3
Eed,997.3,1077.8,947.1,980.6
Eef1a1,116281.7,115286.6,92988.2,100112.0
Eef1a2,59.2,34.8,8.7,15.2
Eef1b2,8539.7,8669.8,7981.5,7682.5
Eef1d,1897.7,1711.5,1916.1,1678.8
Eef1e1,349.6,301.7,265.7,229.2
Eef1g,1570.7,1532.1,1783.6,1805.3
Eef2,66237.8,63823.2,60423.4,69366.9
Eef2k,418.5,438.5,1822.8,1871.9
Eefsec,271.1,243.4,421.7,441.3
Eepd1,4187.0,4190.2,1596.3,1735.9
Efcab1,0.0,0.0,0.0,3.8
Efcab10,0.0,0.0,0.9,0.0
Efcab2,37.7,53.8,42.7,64.7
Efcab3,0.0,0.0,1.7,0.0
Efcab4a,408.8,330.9,664.0,701.0
Efcab4b,35.5,39.3,7.0,7.6
Efcab5,9.7,1.1,7.0,7.6
Efcab6,4.3,3.4,0.0,4.8
Efcab7,58.1,55.0,82.8,79.9
Efcab8,4.3,0.0,0.0,7.6
Efcab9,8.6,4.5,2.6,2.8
Efemp1,0.0,0.0,13.1,3.8
Efemp2,76.4,85.2,839.1,394.7
Efha1,1646.0,1515.3,1957.9,1830.0
Efha2,119.4,135.7,203.0,154.1
Efhb,1.1,6.7,4.3,3.8
Efhc1,12.9,12.3,25.3,21.9
Efhc2,0.0,0.0,2.6,1.9
Efhd1,6.5,2.3,0.0,0.0
Efhd2,9109.8,8447.7,17216.9,19318.9
Efna1,2.2,3.4,13.9,9.5
Efna2,2.2,2.3,4.3,2.8
Efna3,0.0,0.0,7.8,0.9
Efna4,0.0,0.0,30.5,7.6
Efna5,30.1,15.7,46.2,19.0
Efnb1,69.9,89.7,742.4,350.0
Efnb2,23.7,22.4,245.7,96.1
Efnb3,4.3,2.3,3.5,9.5
Efr3a,4783.0,4677.0,5004.1,4704.4
Efr3b,130.2,131.2,125.5,104.6
Efs,1.1,0.0,7.0,8.6
Eftud1,587.4,610.1,617.8,639.2
Eftud2,2100.0,2020.0,1802.8,1930.8
Egf,7.5,14.6,13.9,22.8
Egfbp2,25.8,12.3,0.0,0.9
Egfem1,0.0,0.0,0.9,0.9
Egfl6,0.0,0.0,3.5,0.0
Egfl7,32.3,20.2,39.2,23.8
Egfl8,113.0,95.3,108.9,74.2
Egflam,2.2,1.1,8.7,10.5
Egfr,144.2,129.0,367.7,228.3
Egln1,3311.3,3169.6,1439.5,1212.7
Egln2,1630.9,1611.7,1466.5,1800.5
Egln3,2196.8,2291.4,64.5,59.9
Egr1,117.3,122.3,371.2,343.4
Egr2,3936.3,3829.1,289.3,326.2
Egr3,45.2,22.4,26.1,23.8
Egr4,0.0,0.0,0.9,0.0
Ehbp1,1142.5,1123.8,478.4,394.7
Ehbp1l1,4048.2,3964.8,5117.4,5544.3
Ehd1,1922.5,1745.2,5933.9,6308.1
Ehd2,3.2,0.0,981.1,424.2
Ehd3,10.8,0.0,203.9,84.6
Ehd4,4292.4,4284.4,18096.1,20643.9
Ehf,2.2,1.1,3.5,10.5
Ehhadh,203.3,203.0,53.1,51.4
Ehmt1,1935.4,1879.8,1954.4,2064.0
Ehmt2,4211.7,4259.7,4673.0,5240.9
Ei24,1916.0,1779.9,2057.2,1945.1
Eid1,933.8,950.0,3931.5,3570.6
Eid2,67.8,41.5,74.9,55.2
Eid2b,138.8,162.6,238.7,207.3
Eid3,125.9,130.1,108.9,109.4
Eif1,1396.4,1485.0,1268.7,1276.4
Eif1a,5684.5,5436.3,3193.5,2409.3
Eif1ad,840.2,791.8,650.9,579.3
Eif1ax,1007.0,870.4,941.0,663.0
Eif1b,743.4,656.1,738.9,709.6
Eif2a,1462.0,1527.6,1844.6,1927.0
Eif2ak1,1756.8,1846.1,1720.0,1749.2
Eif2ak2,1114.5,1010.5,1776.7,1793.9
Eif2ak3,1395.3,1551.1,1250.4,1324.0
Eif2ak4,2646.5,2652.5,1053.4,1224.1
Eif2b1,768.1,754.8,492.3,508.9
Eif2b2,845.6,935.4,775.5,862.7
Eif2b3,279.7,226.6,308.4,265.4
Eif2b4,497.0,496.9,491.4,545.0
Eif2b5,1666.4,1640.9,1341.9,1261.2
Eif2c1,896.1,847.9,1524.0,1563.7
Eif2c2,8131.9,7818.5,2153.1,2231.4
Eif2c3,796.1,771.7,1246.0,1331.6
Eif2c4,1119.9,1054.3,1560.6,1645.5
Eif2d,691.7,605.7,433.0,385.2
Eif2s1,1414.7,1449.1,1365.4,1110.0
Eif2s2,1036.0,1095.8,1264.3,1041.5
Eif2s3x,3473.8,3353.5,3029.7,2945.7
Eif2s3y,2192.5,2202.8,1967.5,1917.5
Eif3a,9055.0,8963.6,8106.1,7606.4
Eif3b,5982.5,6264.0,4853.4,4182.2
Eif3c,7515.5,7404.6,5601.0,5630.8
Eif3d,2718.5,2827.5,3042.7,3065.6
Eif3e,2008.5,1997.5,2470.3,1952.7
Eif3f,831.6,826.6,1546.6,1754.9
Eif3g,1690.1,1583.7,1346.2,1288.8
Eif3h,4715.2,4544.6,4162.4,4469.5
Eif3i,2637.9,2602.1,2155.7,2372.2
Eif3j,1039.2,1030.7,946.3,754.3
Eif3k,3654.5,3537.5,2960.8,3748.5
Eif3l,3943.9,4054.5,3485.4,3634.4
Eif3m,475.5,489.0,520.2,436.6
Eif4a1,3443.6,3396.1,1757.5,1754.9
Eif4a2,5251.0,5400.4,6005.3,5302.7
Eif4a3,303.4,353.3,489.7,454.6
Eif4b,11734.8,11686.8,11613.3,12044.5
Eif4e,1869.7,1804.6,1499.6,1204.2
Eif4e1b,0.0,0.0,0.0,1.9
Eif4e2,988.7,1071.1,1278.3,1442.9
Eif4e3,781.0,688.7,789.4,792.3
Eif4ebp1,1199.5,1220.3,1004.7,1002.5
Eif4ebp2,1340.4,1373.9,1154.5,1399.1
Eif4ebp3,219.5,223.2,217.8,230.2
Eif4enif1,1394.2,1490.6,1758.4,1672.1
Eif4g1,15602.3,15577.5,12482.0,11414.8
Eif4g2,30275.1,29636.5,25220.2,21181.3
Eif4g3,2165.6,2172.5,3066.3,3195.9
Eif4h,7082.0,7171.4,6829.6,6801.7
Eif5,8067.4,8338.9,6881.0,5817.3
Eif5a,6132.0,6133.9,4581.5,4527.5
Eif5a2,258.2,206.4,708.4,589.7
Eif5b,2039.7,2055.9,2932.1,2755.5
Eif6,1328.6,1314.5,1147.6,1231.7
Elac1,690.7,683.0,758.9,675.3
Elac2,571.3,600.1,515.0,557.4
Elane,2.2,2.3,251.8,287.2
Elavl1,2575.5,2541.5,2647.1,2314.2
Elavl2,0.0,0.0,3.5,1.9
Elavl3,6.5,4.5,5.2,7.6
Elavl4,97.9,94.2,69.7,109.4
Elf1,3361.9,3183.0,4930.1,5138.1
Elf2,2352.8,2223.0,2910.3,3074.1
Elf3,0.0,0.0,2.6,9.5
Elf4,3202.7,3257.1,3146.4,3462.2
Elf5,3.2,6.7,10.4,23.8
Elfn1,4.3,1.1,9.6,6.7
Elfn2,0.0,0.0,6.1,6.7
Elk1,689.6,631.5,569.0,598.3
Elk3,1733.1,1655.5,2458.1,2405.5
Elk4,770.3,782.9,815.6,688.6
Ell,1366.3,1212.4,808.6,974.9
Ell2,1524.4,1405.3,2039.8,1713.0
Ell3,25.8,19.1,10.4,20.0
Elmo1,1833.2,1712.7,3851.3,3840.8
Elmo2,3271.5,3198.7,2172.3,2222.8
Elmo3,105.4,129.0,128.9,156.9
Elmod1,0.0,1.1,0.0,1.9
Elmod2,1159.7,1111.5,787.7,690.5
Elmod3,282.9,296.1,230.9,261.6
Eln,2.2,0.0,6.1,6.7
Elof1,1028.5,985.9,646.5,668.7
Elovl1,4519.4,4078.1,2152.2,2173.4
Elovl2,2.2,4.5,2.6,4.8
Elovl3,4.3,0.0,1.7,5.7
Elovl4,3.2,0.0,29.6,19.0
Elovl5,3634.0,3908.7,1583.2,1630.3
Elovl6,149.5,157.0,210.0,153.1
Elovl7,691.7,643.8,21.8,18.1
Elp2,1439.4,1405.3,1867.3,1765.3
Elp3,825.1,856.9,1225.1,1150.9
Elp4,189.3,172.7,205.6,271.1
Eltd1,0.0,0.0,17.4,20.9
Emb,8260.0,7708.6,5899.0,5837.2
Emcn,0.0,1.1,6.1,4.8
Emd,906.9,965.7,1072.6,991.1
Eme1,426.0,335.4,300.6,261.6
Eme2,245.3,244.5,213.5,247.3
Emg1,1082.3,1172.1,788.6,832.3
Emid1,2.2,3.4,7.0,1.9
Emid2,0.0,0.0,0.0,0.9
Emilin1,1955.8,1966.1,1219.9,1257.4
Emilin2,8226.6,8128.1,1908.2,2286.6
Emilin3,0.0,0.0,0.0,4.8
Eml1,2.2,2.3,297.1,137.9
Eml2,455.1,517.1,265.7,311.0
Eml3,1453.4,1402.0,1433.4,1536.1
Eml4,1825.6,1744.1,1966.6,2102.1
Eml5,613.2,610.1,604.7,552.6
Eml6,345.3,364.5,590.8,670.6
Emp1,2443.1,2335.1,8676.0,7836.6
Emp2,176.4,217.6,698.8,359.5
Emp3,6219.2,5868.1,3844.4,4163.2
Emr1,11449.7,11230.3,97863.4,98661.5
Emr4,36.6,42.6,2810.1,3332.8
Emx1,0.0,0.0,0.9,3.8
Emx2,2.2,0.0,47.0,14.3
Emx2os,0.0,0.0,23.5,4.8
En1,0.0,0.0,1.7,0.0
En2,0.0,0.0,1.7,1.9
Enah,307.7,328.6,1174.6,389.0
Enam,4.3,0.0,7.8,5.7
Enc1,1955.8,1965.0,4246.9,4082.4
Endod1,667.0,632.6,969.8,859.8
Endog,222.7,232.2,193.4,153.1
Endou,0.0,3.4,19.2,22.8
Eng,242.1,272.6,894.0,1248.9
Engase,200.1,221.0,1331.4,1459.1
Enho,2.2,0.0,21.8,29.5
Enkur,2.2,3.4,3.5,7.6
Eno1,14947.1,14711.7,4145.9,4028.1
Eno2,1048.9,960.1,128.9,151.2
Eno3,57.0,103.2,108.0,92.3
Eno4,65.6,31.4,34.8,28.5
Enoph1,674.5,759.3,587.3,486.0
Enox,21.5,19.1,71.4,90.4
Enox1,1.1,0.0,13.9,0.9
Enox2,780.0,692.0,1032.5,978.7
Enpep,1.1,0.0,13.1,4.8
Enpp1,462.6,402.7,521.9,502.2
Enpp2,3.2,2.3,88.9,45.7
Enpp3,0.0,2.3,6.1,7.6
Enpp4,109.7,97.6,171.6,244.4
Enpp5,42.0,53.8,64.5,43.7
Enpp6,1.1,5.6,20.9,10.5
Enpp7,1.1,0.0,1.7,3.8
Ensa,1530.9,1538.8,1236.4,1292.6
Enthd1,4.3,4.5,0.0,8.6
Entpd1,6048.1,5852.4,11462.5,11212.2
Entpd2,6.5,0.0,3.5,6.7
Entpd3,12.9,13.5,9.6,4.8
Entpd4,1519.0,1523.1,1334.9,1264.1
Entpd5,1287.7,1387.4,681.4,725.7
Entpd6,364.7,424.0,334.6,295.8
Entpd7,2089.2,2097.4,1615.5,1650.3
Entpd8,0.0,0.0,1.7,1.9
Eny2,384.1,410.5,477.5,370.0
Eomes,0.0,0.0,5.2,9.5
Ep300,2018.2,2224.1,2917.3,3229.2
Ep400,1940.7,2132.1,2093.0,2226.7
Epas1,449.7,448.6,176.0,88.5
Epb4.1,2521.7,2546.0,4337.5,4467.6
Epb4.1l1,402.4,457.6,923.6,952.1
Epb4.1l2,2451.7,2422.6,3966.4,3779.9
Epb4.1l3,18.3,26.9,417.4,215.9
Epb4.1l4a,40.9,25.8,79.3,42.8
Epb4.1l4b,2.2,0.0,11.3,13.3
Epb4.1l5,44.1,55.0,40.9,38.0
Epb4.2,3.2,1.1,6.1,9.5
Epb4.9,14.0,11.2,24.4,25.7
Epc1,1694.4,1602.7,1905.6,2012.6
Epc2,1372.7,1173.2,1689.5,1749.2
Epcam,4.3,4.5,0.9,0.0
Epdr1,11.8,6.7,292.8,102.7
Epgn,0.0,2.3,0.0,0.9
Epha1,85.0,98.7,79.3,79.9
Epha10,2.2,0.0,5.2,1.9
Epha2,2.2,2.3,352.9,116.0
Epha3,4.3,5.6,95.8,20.9
Epha4,214.1,258.0,95.8,47.6
Epha5,4.3,2.3,2.6,5.7
Epha6,0.0,1.1,0.9,1.9
Epha7,3.2,6.7,6.1,15.2
Epha8,0.0,0.0,3.5,6.7
Ephb1,0.0,2.3,1.7,0.0
Ephb2,4.3,4.5,100.2,36.1
Ephb3,0.0,4.5,28.7,2.8
Ephb4,2.2,0.0,92.4,39.9
Ephb6,4.3,0.0,23.5,29.5
Ephx1,1484.6,1523.1,1041.2,750.5
Ephx2,21.5,24.7,13.1,2.8
Ephx3,4.3,2.3,1.7,1.9
Ephx4,0.0,4.5,0.0,1.9
Epm2a,219.5,203.0,76.7,78.0
Epm2aip1,1718.1,1763.1,1626.8,1336.4
Epn1,3096.1,2976.7,4246.1,5101.0
Epn2,5.4,2.3,217.0,109.4
Epn3,0.0,3.4,7.8,8.6
Epo,0.0,0.0,0.0,1.9
Epor,9.7,7.9,109.8,94.2
Eppk1,0.0,4.5,19.2,30.4
Eprs,4486.1,4414.5,3202.2,2461.6
Eps15,4315.0,4489.7,7293.2,6750.4
Eps15l1,1811.6,1747.4,1677.3,1652.2
Eps8,5530.7,5417.2,1554.5,1577.0
Eps8l1,138.8,144.7,66.2,74.2
Eps8l2,0.0,0.0,36.6,19.0
Eps8l3,24.7,22.4,2.6,5.7
Epsti1,448.6,432.9,1967.5,1943.2
Ept1,1575.0,1491.7,1002.0,819.9
Epx,3.2,1.1,11.3,8.6
Epyc,0.0,0.0,1.7,0.0
Eral1,629.3,644.9,493.2,552.6
Erap1,3607.1,3433.1,2901.6,2848.7
Eras,0.0,0.0,0.0,0.0
Erbb2,19.4,9.0,148.1,49.5
Erbb2ip,6525.8,6645.3,12163.1,11261.7
Erbb3,99.0,104.3,87.1,125.5
Erbb4,0.0,2.3,2.6,1.9
Erc1,1183.4,1304.4,1301.8,1119.5
Erc2,4.3,0.0,4.3,10.5
Ercc1,399.1,349.9,384.3,362.4
Ercc2,838.1,898.4,813.0,935.0
Ercc3,1271.6,1173.2,1198.1,1286.0
Ercc4,1009.1,980.3,1114.4,998.7
Ercc5,584.2,528.3,598.6,641.1
Ercc6,2306.5,2060.3,609.1,507.0
Ercc6l,148.5,183.9,209.1,234.0
Ercc8,152.8,132.4,105.4,144.6
Ereg,0.0,0.0,42.7,20.0
Erf,590.6,505.8,909.7,964.5
Erg,3.2,0.0,10.4,19.0
Ergic1,2368.9,2286.9,1646.0,1457.2
Ergic2,1783.7,1674.5,1491.7,1438.1
Ergic3,3978.3,3756.2,2997.4,3386.1
Erh,878.9,784.0,785.1,688.6
Eri1,1393.2,1311.1,1258.2,1151.8
Eri2,138.8,125.6,180.4,192.1
Eri3,880.0,821.0,1005.5,922.6
Erich1,279.7,264.7,291.9,254.9
Erlec1,1733.1,1815.8,1311.4,1076.7
Erlin1,1634.1,1538.8,1649.4,1441.0
Erlin2,3393.1,3575.6,2480.7,2141.0
Ermap,1.1,0.0,13.9,12.4
Ermn,2.2,0.0,1.7,4.8
Ermp1,1210.3,1080.1,1444.7,1442.9
Ern1,1351.2,1323.5,1646.0,1921.3
Ern2,1.1,1.1,4.3,6.7
Ero1l,7031.4,7060.3,1165.8,940.7
Ero1lb,2527.1,2635.7,1068.3,1064.3
Erp27,3.2,0.0,6.1,5.7
Erp29,8064.2,7696.2,5948.7,5973.3
Erp44,2550.7,2432.7,1773.2,1707.3
Errfi1,485.2,489.0,1815.9,977.8
Erv3,100.1,111.0,1.7,3.8
Esam,6.5,11.2,12.2,12.4
Esco1,1853.6,1728.4,1422.0,1325.0
Esco2,66.7,71.8,81.0,74.2
Esd,2968.1,3067.5,1158.0,1087.2
Esf1,315.2,361.2,383.4,312.0
Esm1,0.0,1.1,47.9,14.3
Esp24,0.0,0.0,0.0,0.0
Esp3,0.0,0.0,0.0,0.0
Esp38,0.0,0.0,0.9,0.0
Espl1,57.0,75.2,100.2,145.5
Espn,15.1,23.6,8.7,13.3
Espnl,4.3,0.0,0.9,6.7
Esr1,527.1,485.7,370.3,411.8
Esr2,2.2,0.0,8.7,5.7
Esrp1,0.0,1.1,2.6,5.7
Esrp2,9.7,12.3,13.9,18.1
Esrra,1172.6,1049.8,918.4,973.0
Esrrb,0.0,0.0,3.5,13.3
Esrrg,6.5,2.3,3.5,9.5
Esx1,1.1,0.0,0.0,1.9
Esyt1,24046.2,24620.8,8863.3,9980.5
Esyt2,2659.4,2889.2,1429.0,965.4
Esyt3,201.2,197.4,21.8,30.4
Etaa1,489.5,427.3,420.8,463.2
Etd,0.0,0.0,0.0,0.0
Etf1,4515.1,4614.2,4189.4,3622.0
Etfa,1171.5,1236.0,842.6,710.5
Etfb,1628.8,1702.6,1034.3,928.3
Etfdh,983.3,1024.0,892.2,835.1
Ethe1,495.9,468.8,415.6,498.4
Etl4,488.4,471.1,364.2,412.8
Etnk1,2685.2,2983.4,3217.0,3161.6
Etnk2,0.0,0.0,2.6,2.8
Etohd2,597.1,566.4,792.9,837.0
Etohi1,740.2,732.4,385.1,425.2
Ets1,202.3,171.6,894.0,727.6
Ets2,777.8,844.6,762.4,660.1
Etv1,160.3,175.0,178.6,142.7
Etv2,1.1,0.0,1.7,0.0
Etv3,4029.9,3764.0,5157.5,5750.7
Etv4,7.5,2.3,71.4,29.5
Etv5,347.5,412.7,1765.3,1530.4
Etv6,1937.5,1784.4,2598.3,2602.4
Evc,0.0,0.0,91.5,49.5
Evc2,0.0,2.3,179.5,97.0
Evi2a,4440.9,4263.1,7836.9,8501.4
Evi2b,3006.9,2819.6,5183.6,5811.6
Evi5,3508.2,3432.0,2053.8,1825.3
Evi5l,105.4,150.3,166.4,168.4
Evl,2886.4,2860.0,3052.3,3317.6
Evpl,4.3,0.0,3.5,7.6
Evx1,2.2,0.0,0.9,3.8
Evx2,0.0,0.0,0.9,0.0
Ewsr1,1118.8,1042.0,1141.5,1230.8
Exd1,5.4,19.1,16.5,20.0
Exd2,342.1,397.0,356.4,295.8
Exo1,24.7,41.5,71.4,76.1
Exoc1,1750.3,1811.4,1631.1,1753.0
Exoc2,2797.1,2698.5,2167.0,2123.9
Exoc3,1907.4,1822.6,3569.0,3559.2
Exoc3l,3.2,19.1,9.6,15.2
Exoc4,621.8,655.0,1279.1,1231.7
Exoc5,4578.6,4346.1,3259.7,2649.9
Exoc6,1265.1,1195.6,1512.6,1559.9
Exoc6b,949.9,869.2,1803.7,1850.9
Exoc7,1055.4,1020.6,1336.6,1274.5
Exoc8,1966.6,1837.1,1555.3,1666.4
Exog,171.1,234.4,217.0,208.3
Exosc1,374.4,315.2,295.4,287.2
Exosc10,604.6,642.7,799.9,794.2
Exosc2,264.7,307.3,284.9,247.3
Exosc3,390.5,366.8,380.8,339.6
Exosc4,381.9,421.7,411.3,440.4
Exosc5,391.6,398.2,401.7,386.2
Exosc6,203.3,217.6,180.4,161.7
Exosc7,355.0,316.3,328.5,300.6
Exosc8,432.5,471.1,486.2,423.3
Exosc9,888.6,876.0,839.1,751.4
Exph5,0.0,4.5,12.2,17.1
Expi,31.2,46.0,3.5,1.9
Ext1,775.7,739.1,1559.7,1064.3
Ext2,1324.3,1298.8,1476.0,1361.1
Extl1,6.5,4.5,13.9,15.2
Extl2,331.4,380.2,383.4,368.1
Extl3,485.2,560.8,1160.6,1219.4
Eya1,73.2,76.3,186.5,137.0
Eya2,1.1,1.1,82.8,24.7
Eya3,2212.9,2143.3,1568.4,1716.8
Eya4,256.0,175.0,416.5,293.9
Ezh1,2019.3,1979.6,2698.5,2859.2
Ezh2,386.2,361.2,498.4,493.6
Ezr,3673.8,3503.8,791.2,865.5
F10,12265.2,11978.4,95.8,119.8
F11,0.0,0.0,0.9,0.0
F11r,529.3,596.7,71.4,58.0
F12,1.1,0.0,0.0,2.8
F13a1,2349.5,2500.0,12380.1,8491.9
F13b,0.0,1.1,0.0,0.0
F2,3.2,9.0,2.6,5.7
F2r,2.2,5.6,156.8,59.9
F2rl1,0.0,0.0,0.0,5.7
F2rl2,119.4,143.6,66.2,97.0
F2rl3,12.9,6.7,11.3,14.3
F3,129.1,93.1,22.6,15.2
F420014N23Rik,323.8,353.3,148.1,176.0
F5,602.5,514.8,216.1,101.8
F630028O10Rik,1521.2,1388.5,8149.7,7992.6
F630042J09Rik,1.1,0.0,0.0,3.8
F630043A04Rik,51.6,28.0,34.0,28.5
F630111L10Rik,909.1,902.9,338.1,339.6
F630206G17Rik,12.9,11.2,4.3,7.6
F7,5782.4,5740.2,18.3,34.2
F730035M05Rik,5.4,11.2,5.2,4.8
F730043M19Rik,32.3,35.9,34.8,38.0
F8,15.1,30.3,61.9,26.6
F830002L21Rik,0.0,0.0,0.0,7.6
F830016B08Rik,44.1,63.9,110.6,180.7
F830045P16Rik,5.4,3.4,11.3,12.4
F8a,331.4,336.5,226.5,286.3
F9,102.2,84.1,30.5,25.7
F930015N05Rik,0.0,0.0,5.2,8.6
Fa2h,0.0,2.3,0.0,4.8
Faah,5.4,6.7,4.3,16.2
Fabp1,5.4,3.4,0.0,1.9
Fabp12,1.1,2.3,0.0,0.9
Fabp2,0.0,0.0,0.0,0.0
Fabp3,25.8,18.0,23.5,14.3
Fabp4,8626.8,8827.9,687.5,422.3
Fabp5,19663.4,16472.6,1693.0,1437.2
Fabp6,0.0,0.0,0.0,0.0
Fabp7,45.2,47.1,36.6,57.1
Fabp9,0.0,0.0,0.0,0.9
Fadd,622.9,652.8,450.5,480.3
Fads1,2678.7,2512.3,3245.8,3173.1
Fads2,459.4,363.4,221.3,106.5
Fads3,198.0,145.8,1113.6,555.5
Fads6,16.1,11.2,14.8,16.2
Faf1,1635.2,1694.7,1317.5,1120.5
Faf2,1169.4,1178.8,1072.6,1088.1
Fah,37.7,55.0,233.5,117.9
Fahd1,113.0,142.4,279.7,254.0
Fahd2a,175.4,185.1,127.2,171.2
Faim,243.1,242.3,198.7,226.4
Faim2,4.3,2.3,7.0,2.8
Faim3,0.0,4.5,21.8,13.3
Fam100a,261.4,277.0,570.7,811.3
Fam100b,859.6,846.8,616.0,681.0
Fam101a,9.7,5.6,13.9,6.7
Fam101b,54.9,46.0,184.7,101.8
Fam102a,120.5,112.2,115.0,143.6
Fam102b,631.5,694.3,2144.4,1943.2
Fam103a1,1186.6,1176.5,1277.4,1232.7
Fam105a,2101.0,2053.6,5402.3,5204.7
Fam105b,1398.5,1359.4,1596.3,1734.0
Fam107a,0.0,1.1,0.9,1.9
Fam107b,1671.8,1583.7,2372.7,2203.8
Fam108a,1245.8,1175.4,1331.4,1453.4
Fam108b,987.6,908.5,889.6,682.9
Fam108c,883.2,920.8,663.1,707.7
Fam109a,255.0,219.8,271.8,225.4
Fam109b,61.3,95.3,105.4,74.2
Fam110a,105.4,92.0,169.0,194.0
Fam110b,58.1,70.7,331.1,349.1
Fam110c,86.1,102.1,3.5,5.7
Fam111a,2246.3,2041.3,2695.9,2669.9
Fam113a,469.1,419.5,445.2,440.4
Fam113b,435.7,410.5,32.2,65.6
Fam114a1,535.8,500.2,1094.4,770.4
Fam114a2,1650.3,1544.4,1344.5,1350.6
Fam115a,732.6,828.9,183.0,119.8
Fam115c,12.9,13.5,25.3,7.6
Fam115e,0.0,1.1,0.0,3.8
Fam116a,2388.3,2402.4,2611.4,2677.5
Fam116b,48.4,32.5,128.9,114.1
Fam117a,498.1,446.4,184.7,173.1
Fam117b,1472.8,1508.5,2332.6,2414.0
Fam118a,406.7,424.0,384.3,353.8
Fam118b,1099.5,1157.5,645.7,637.3
Fam120a,10504.1,10605.6,6271.1,6738.9
Fam120b,918.7,981.4,1144.1,1207.0
Fam120c,298.0,289.4,430.4,370.0
Fam122a,244.2,262.5,290.1,293.0
Fam122b,232.4,205.3,194.3,215.9
Fam122c,0.0,0.0,0.0,0.9
Fam123a,2.2,0.0,5.2,13.3
Fam123b,343.2,381.3,595.1,642.0
Fam123c,0.0,2.3,7.0,6.7
Fam124a,5.4,13.5,219.6,76.1
Fam124b,0.0,0.0,1.7,4.8
Fam125a,1048.9,1096.9,868.7,1003.5
Fam125b,1504.0,1471.5,1274.8,1422.0
Fam126a,1479.2,1554.5,1685.2,1557.0
Fam126b,1122.1,1085.7,1101.4,921.7
Fam129a,1003.7,927.6,3290.2,3812.2
Fam129b,18712.4,18343.3,5728.2,5937.1
Fam129c,64.6,76.3,70.6,87.5
Fam131a,78.5,83.0,105.4,128.4
Fam131b,8.6,12.3,7.0,6.7
Fam131c,0.0,0.0,1.7,0.0
Fam132a,383.0,395.9,495.8,435.6
Fam132b,36.6,25.8,67.1,53.3
Fam133b,349.6,379.1,395.6,328.1
Fam134a,3520.0,3503.8,3229.2,3506.9
Fam134b,2516.3,2506.7,1707.8,1771.0
Fam134c,3174.7,3011.4,3039.2,3143.6
Fam135a,77.5,99.8,397.3,239.7
Fam135b,0.0,1.1,3.5,5.7
Fam136a,401.3,401.5,327.6,243.5
Fam13a,132.3,71.8,88.0,62.8
Fam13b,2221.5,2239.8,2707.3,2609.0
Fam13c,0.0,0.0,13.9,5.7
Fam149a,29.1,55.0,106.3,37.1
Fam149b,280.8,269.2,441.8,411.8
Fam150a,0.0,0.0,11.3,5.7
Fam150b,3.2,5.6,1.7,12.4
Fam151a,177.5,159.3,77.5,83.7
Fam151b,161.4,151.4,189.9,177.9
Fam154a,0.0,0.0,0.0,1.9
Fam154b,2.2,4.5,0.0,5.7
Fam155a,0.0,0.0,0.0,0.9
Fam158a,171.1,162.6,151.6,197.8
Fam159a,0.0,0.0,0.0,2.8
Fam159b,0.0,0.0,1.7,0.9
Fam160a1,10.8,3.4,93.2,40.9
Fam160a2,654.1,633.7,1165.0,1165.2
Fam160b1,1138.2,1269.6,1112.7,1121.4
Fam160b2,1010.2,1006.1,713.6,805.6
Fam161a,44.1,30.3,37.5,33.3
Fam161b,36.6,25.8,20.9,32.3
Fam162a,899.4,975.8,367.7,258.7
Fam162b,0.0,0.0,0.0,0.0
Fam163a,4.3,0.0,2.6,9.5
Fam163b,2.2,0.0,2.6,10.5
Fam164a,328.1,281.5,501.9,354.8
Fam164b,1.1,0.0,0.0,3.8
Fam164c,36.6,28.0,50.5,59.0
Fam165b,358.2,312.9,244.8,266.3
Fam166a,129.1,133.5,96.7,111.3
Fam166b,7.5,7.9,20.0,13.3
Fam167a,16.1,33.7,28.7,10.5
Fam167b,2.2,6.7,7.0,13.3
Fam168a,2394.7,2205.0,2530.4,2195.3
Fam168b,7691.9,7727.7,9475.9,10029.9
Fam169a,83.9,88.6,34.0,39.0
Fam169b,74.2,88.6,9.6,10.5
Fam170a,0.0,0.0,0.0,3.8
Fam170b,2.2,0.0,0.0,1.9
Fam171a1,90.4,68.4,161.2,39.0
Fam171a2,6.5,6.7,27.0,40.9
Fam171b,2.2,2.3,66.2,20.9
Fam172a,1197.4,1137.3,1395.0,1344.9
Fam173a,1003.7,1043.1,742.4,955.9
Fam173b,227.0,223.2,135.9,137.0
Fam174a,1761.1,1758.6,2861.5,3073.2
Fam174b,2.2,6.7,22.6,18.1
Fam175a,269.0,243.4,220.4,201.6
Fam175b,2080.6,1986.3,2059.0,1932.7
Fam176a,0.0,4.5,13.9,3.8
Fam176b,228.1,242.3,566.4,499.4
Fam177a,1194.1,1178.8,1085.7,933.1
Fam178a,3607.1,3610.4,3498.4,3178.8
Fam178b,0.0,1.1,5.2,5.7
Fam179a,0.0,2.3,1.7,8.6
Fam179b,2104.3,2063.7,2035.5,1922.3
Fam180a,0.0,2.3,0.0,0.9
Fam181a,0.0,0.0,1.7,0.9
Fam181b,19.4,32.5,0.9,2.8
Fam183b,0.0,0.0,0.0,0.0
Fam184a,2.2,0.0,3.5,3.8
Fam184b,28.0,29.2,27.0,54.2
Fam185a,39.8,25.8,30.5,51.4
Fam186b,0.0,0.0,4.3,3.8
Fam187a,0.0,0.0,0.0,1.9
Fam187b,30.1,20.2,31.4,39.0
Fam188a,1070.4,1114.9,757.2,689.6
Fam188b,71.0,71.8,101.9,98.9
Fam189a1,0.0,2.3,9.6,8.6
Fam189a2,2.2,3.4,4.3,0.0
Fam189b,187.2,228.8,192.6,239.7
Fam18a,487.3,468.8,361.6,352.9
Fam18b,1320.0,1333.6,885.3,818.0
Fam190a,15.1,7.9,9.6,10.5
Fam192a,945.6,915.2,899.2,1020.6
Fam193a,1250.1,1408.7,1521.4,1659.8
Fam193b,833.7,852.4,759.8,871.3
Fam194a,0.0,0.0,5.2,3.8
Fam195a,117.3,79.6,97.6,86.6
Fam195b,1085.5,1042.0,1042.1,1183.2
Fam196a,82.8,75.2,110.6,120.8
Fam196b,352.9,379.1,447.9,455.6
Fam198a,4.3,2.3,2.6,10.5
Fam198b,5663.0,5998.2,1818.5,1126.2
Fam199x,328.1,365.6,481.8,394.7
Fam19a1,0.0,4.5,7.8,8.6
Fam19a2,0.0,0.0,5.2,3.8
Fam19a3,9.7,2.3,0.0,8.6
Fam19a4,0.0,0.0,0.0,0.9
Fam19a5,0.0,0.0,16.5,10.5
Fam203a,150.6,172.7,167.3,164.5
Fam20a,8.6,11.2,244.8,97.0
Fam20b,2707.8,2791.6,1991.0,1907.1
Fam20c,16776.0,16288.6,3455.7,4116.6
Fam23a,0.0,4.5,3.5,8.6
Fam24a,0.0,3.4,0.9,1.9
Fam25c,0.0,0.0,1.7,0.9
Fam26d,0.0,0.0,0.0,5.7
Fam26e,2.2,2.3,89.7,33.3
Fam26f,19.4,26.9,435.7,621.1
Fam32a,2447.4,2413.6,2310.8,2795.4
Fam33a,71.0,86.4,91.5,83.7
Fam35a,301.2,261.3,348.5,336.7
Fam36a,371.2,327.5,310.2,276.8
Fam38a,2631.4,2584.1,2078.1,2297.0
Fam38b,3.2,1.1,9.6,8.6
Fam3a,1027.4,980.3,764.2,611.6
Fam3b,2.2,1.1,0.9,0.9
Fam3c,1431.9,1432.3,1490.9,1365.9
Fam40a,1549.2,1502.9,1193.7,1186.1
Fam40b,25.8,33.7,10.4,12.4
Fam43a,265.7,304.0,566.4,563.1
Fam43b,2.2,0.0,1.7,4.8
Fam45a,1278.1,1262.9,1783.6,1609.4
Fam46a,3512.5,3244.7,4888.2,5152.4
Fam46b,2.2,2.3,14.8,7.6
Fam46c,2418.4,2403.5,207.4,193.1
Fam46d,17.2,4.5,3.5,3.8
Fam47a-ps,0.0,0.0,1.7,0.0
Fam47e,0.0,0.0,0.0,1.9
Fam48a,857.4,846.8,1147.6,1034.9
Fam49a,550.8,487.9,1835.9,1797.7
Fam49b,2862.7,2854.4,5109.6,4784.3
Fam50a,2135.5,2089.5,1089.2,1153.7
Fam50b,0.0,0.0,0.0,0.0
Fam53a,143.1,191.8,227.4,205.4
Fam53b,1341.5,1405.3,1840.3,1960.3
Fam53c,1815.9,1692.5,1297.4,1496.2
Fam54a,165.7,123.4,62.7,61.8
Fam54b,2147.3,2285.8,1847.2,1792.0
Fam55b,7.5,0.0,8.7,13.3
Fam55c,4.3,9.0,56.6,39.9
Fam55d,26.9,18.0,446.1,477.5
Fam57a,61.3,59.5,27.9,20.0
Fam57b,2.2,0.0,1.7,4.8
Fam58b,426.0,409.4,460.9,456.6
Fam59a,225.9,233.3,45.3,37.1
Fam59b,16.1,1.1,26.1,20.9
Fam5b,0.0,0.0,1.7,9.5
Fam5c,0.0,0.0,5.2,1.9
Fam60a,244.2,236.7,271.0,273.9
Fam63a,5546.8,5320.8,2434.5,2542.4
Fam63b,7128.2,7143.3,4909.1,4830.0
Fam64a,28.0,46.0,58.4,70.4
Fam65a,398.1,387.0,408.6,467.0
Fam65b,18.3,23.6,208.2,165.5
Fam65c,12.9,10.1,13.1,18.1
Fam69a,1397.5,1384.0,1326.2,1188.9
Fam69b,29.1,44.9,46.2,47.6
Fam69c,0.0,2.3,3.5,2.8
Fam70a,42.0,33.7,42.7,42.8
Fam70b,0.0,0.0,1.7,0.9
Fam71a,6.5,6.7,7.0,5.7
Fam71b,0.0,0.0,0.0,3.8
Fam71d,0.0,4.5,0.9,4.8
Fam71e1,9.7,25.8,25.3,21.9
Fam71e2,0.0,0.0,0.9,1.9
Fam71f1,0.0,0.0,0.0,0.0
Fam71f2,5.4,4.5,2.6,5.7
Fam72a,24.7,37.0,88.0,98.9
Fam73a,553.0,547.3,237.9,155.0
Fam73b,470.1,389.2,362.5,324.3
Fam75d3,2.2,0.0,2.6,11.4
Fam76a,2181.7,2157.9,1632.0,1585.6
Fam76b,1494.3,1495.1,2212.3,2157.2
Fam78a,669.2,598.9,608.2,576.4
Fam78b,89.3,121.1,43.6,38.0
Fam81a,0.0,0.0,3.5,0.9
Fam82a1,135.6,135.7,154.2,130.3
Fam82a2,677.8,668.5,567.2,527.9
Fam82b,459.4,390.3,817.3,827.5
Fam83a,0.0,0.0,3.5,1.9
Fam83b,0.0,2.3,0.0,3.8
Fam83c,4.3,12.3,6.1,13.3
Fam83d,8.6,37.0,79.3,39.9
Fam83e,2.2,7.9,6.1,16.2
Fam83f,114.0,95.3,227.4,299.6
Fam83g,5.4,0.0,10.4,13.3
Fam83h,72.1,61.7,59.2,70.4
Fam84a,2.2,0.0,4.3,2.8
Fam84b,1564.2,1645.4,1533.6,1611.3
Fam86,915.5,993.7,606.4,550.7
Fam89a,20.4,11.2,13.1,12.4
Fam89b,2141.9,2214.0,2037.2,2309.4
Fam92a,86.1,69.5,175.1,117.9
Fam92b,0.0,4.5,0.9,1.9
Fam96a,2649.7,2606.5,1363.6,1205.1
Fam96b,367.9,367.9,331.1,488.9
Fam98a,377.6,324.1,457.4,301.5
Fam98b,193.6,186.2,246.6,286.3
Fam98c,466.9,432.9,482.7,541.2
Fan1,263.6,272.6,275.3,281.5
Fanca,330.3,358.9,213.5,188.3
Fancb,32.3,18.0,86.3,24.7
Fancc,465.8,508.1,347.7,367.1
Fancd2,94.7,72.9,90.6,93.2
Fance,131.3,139.1,158.6,199.7
Fancf,95.8,92.0,104.6,99.9
Fancg,459.4,475.6,336.3,312.0
Fanci,176.4,150.3,327.6,282.5
Fancl,356.1,374.6,440.0,410.9
Fancm,379.8,319.7,318.0,345.3
Fank1,0.0,2.3,7.0,8.6
Fap,9.7,5.6,102.8,33.3
Far1,3698.6,3718.0,3465.3,3121.7
Far2,585.2,596.7,556.8,492.7
Farp1,92.5,66.2,336.3,188.3
Farp2,189.3,161.5,367.7,279.6
Fars2,718.6,834.5,533.3,663.9
Farsa,1443.7,1394.1,1116.2,1071.0
Farsb,1410.4,1351.5,928.0,785.7
Fas,333.5,325.3,158.6,209.3
Fasl,0.0,0.0,5.2,4.8
Fasn,5069.2,5065.0,1507.4,1443.9
Fastk,1569.6,1472.6,771.1,913.1
Fastkd1,196.9,192.9,187.3,126.5
Fastkd2,670.2,699.9,585.5,535.5
Fastkd3,400.2,370.1,500.1,447.0
Fastkd5,362.5,360.0,398.2,396.6
Fat1,29.1,39.3,7178.1,2686.1
Fat2,4.3,5.6,10.4,15.2
Fat3,541.1,625.8,423.5,390.9
Fat4,2.2,9.0,822.5,276.8
Fate1,0.0,0.0,0.9,0.0
Fau,2697.0,2750.1,2422.3,3228.2
Fbf1,584.2,610.1,834.7,913.1
Fbl,125.9,114.4,123.7,143.6
Fblim1,2967.1,2986.8,1810.6,1955.6
Fbll1,0.0,0.0,1.7,3.8
Fbln1,0.0,0.0,26.1,7.6
Fbln2,6.5,4.5,1148.4,506.0
Fbln5,38.7,15.7,192.6,87.5
Fbln7,0.0,0.0,0.0,0.0
Fbn1,1.1,1.1,1484.8,593.5
Fbn2,3.2,0.0,7.0,12.4
Fbp1,2.2,2.3,2.6,5.7
Fbp2,0.0,0.0,1.7,1.9
Fbrs,192.6,178.3,243.1,307.2
Fbrsl1,78.5,102.1,161.2,204.5
Fbxl12,252.8,255.7,355.5,324.3
Fbxl13,2.2,1.1,4.3,6.7
Fbxl14,1308.2,1195.6,1269.5,1431.5
Fbxl15,143.1,135.7,146.4,189.3
Fbxl16,0.0,0.0,15.7,10.5
Fbxl17,1605.1,1583.7,1081.3,1143.3
Fbxl18,279.7,312.9,302.3,338.6
Fbxl19,402.4,374.6,440.9,476.5
Fbxl2,887.5,841.2,238.7,172.2
Fbxl20,2819.7,2801.7,3160.4,3410.8
Fbxl21,9.7,13.5,29.6,16.2
Fbxl22,144.2,179.5,209.1,195.9
Fbxl3,4594.7,4350.6,3387.8,3266.3
Fbxl4,276.5,256.9,632.6,605.9
Fbxl5,3011.2,3160.6,1866.4,1695.0
Fbxl6,752.0,690.9,698.8,663.0
Fbxl7,2.2,2.3,33.1,22.8
Fbxl8,277.6,316.3,269.2,283.4
Fbxo10,230.2,178.3,367.7,416.6
Fbxo11,687.4,758.2,1327.0,1174.7
Fbxo15,0.0,0.0,0.0,2.8
Fbxo16,0.0,0.0,0.0,1.9
Fbxo17,11.8,15.7,63.6,27.6
Fbxo18,2872.4,2769.2,2711.6,2895.3
Fbxo2,2.2,0.0,0.9,4.8
Fbxo21,465.8,496.9,971.5,1119.5
Fbxo22,1528.7,1765.4,728.4,751.4
Fbxo24,19.4,19.1,12.2,27.6
Fbxo25,469.1,395.9,521.9,535.5
Fbxo27,2.2,5.6,7.0,12.4
Fbxo28,2204.3,2205.0,1416.8,1278.3
Fbxo3,1964.4,1901.1,2182.7,2152.5
Fbxo30,1719.1,1735.1,1104.9,848.4
Fbxo31,504.6,490.1,520.2,590.7
Fbxo32,4332.2,4219.4,833.0,472.7
Fbxo33,1889.1,1760.9,1758.4,1671.2
Fbxo34,994.0,929.8,859.1,777.1
Fbxo36,49.5,43.8,35.7,32.3
Fbxo38,1345.8,1578.1,1532.7,1690.2
Fbxo39,0.0,0.0,3.5,3.8
Fbxo4,328.1,333.1,538.5,450.8
Fbxo40,24.7,37.0,24.4,25.7
Fbxo41,12.9,15.7,23.5,30.4
Fbxo42,2091.4,2184.8,2623.6,2741.2
Fbxo43,0.0,2.3,3.5,1.9
Fbxo44,117.3,114.4,106.3,124.6
Fbxo45,526.1,604.5,457.4,448.9
Fbxo46,337.8,334.2,315.4,397.6
Fbxo47,21.5,14.6,14.8,9.5
Fbxo48,25.8,19.1,51.4,27.6
Fbxo5,114.0,186.2,186.5,182.6
Fbxo6,908.0,851.3,802.5,812.3
Fbxo7,569.1,545.1,697.1,674.4
Fbxo8,937.0,999.3,603.0,542.2
Fbxo9,646.6,638.2,603.8,461.3
Fbxw10,89.3,123.4,83.6,79.9
Fbxw11,2666.9,2795.0,2832.7,2929.6
Fbxw13,0.0,0.0,0.9,0.9
Fbxw14,0.0,2.3,0.9,0.0
Fbxw15,1.1,1.1,0.0,1.9
Fbxw16,0.0,0.0,0.0,1.9
Fbxw17,462.6,547.3,569.0,733.3
Fbxw18,0.0,0.0,0.9,3.8
Fbxw19,0.0,0.0,0.0,0.0
Fbxw2,2212.9,2054.7,1996.2,1725.4
Fbxw20,0.0,0.0,0.0,1.9
Fbxw21,0.0,0.0,0.9,1.9
Fbxw22,0.0,2.3,0.0,2.8
Fbxw24,3.2,1.1,0.0,2.8
Fbxw26,0.0,0.0,1.7,0.9
Fbxw28,0.0,2.3,0.9,1.9
Fbxw4,430.3,449.8,983.7,1162.3
Fbxw5,163.5,179.5,172.5,229.2
Fbxw7,2304.4,2306.0,819.9,863.6
Fbxw8,2040.8,2058.1,2171.4,2135.3
Fbxw9,493.8,532.8,379.0,423.3
Fcamr,0.0,0.0,1.7,0.0
Fcer1a,0.0,0.0,5.2,0.0
Fcer1g,16839.4,15725.6,14299.6,15736.9
Fcer2a,5.4,10.1,17.4,12.4
Fcf1,93.6,89.7,83.6,95.1
Fcgbp,2.2,3.4,8.7,9.5
Fcgr1,1638.4,1445.7,4530.1,5418.7
Fcgr2b,8204.0,8149.4,3487.1,3193.0
Fcgr3,18167.0,16892.0,16827.4,17455.6
Fcgr4,1008.0,955.6,1774.0,2270.4
Fcgrt,807.9,830.0,5811.0,6893.0
Fcho1,542.2,485.7,66.2,90.4
Fcho2,3230.6,3114.6,4605.9,4370.6
Fchsd1,308.8,321.9,404.3,417.6
Fchsd2,377.6,370.1,2537.3,2714.6
Fcna,205.5,201.9,140.3,124.6
Fcnb,18.3,24.7,110.6,103.7
Fcrl1,30.1,16.8,280.6,326.2
Fcrl5,8.6,5.6,83.6,66.6
Fcrl6,1.1,0.0,0.0,0.0
Fcrla,6.5,9.0,20.9,12.4
Fcrlb,148.5,175.0,6.1,10.5
Fcrls,1388.9,1518.6,24955.3,21071.0
Fdft1,6047.1,5473.3,3766.8,3792.3
Fdps,882.2,884.9,189.1,173.1
Fdx1,247.4,279.3,116.7,102.7
Fdx1l,596.0,565.3,363.3,370.9
Fdxacb1,310.9,262.5,257.0,226.4
Fdxr,131.3,122.3,143.8,107.5
Fech,1684.7,1762.0,1620.7,1578.0
Fem1a,2704.6,2685.1,1941.3,2103.0
Fem1b,3772.8,3491.5,3810.4,3496.4
Fem1c,1854.7,1806.9,2186.2,2127.7
Fen1,1078.0,1029.6,713.6,752.4
Fer1l4,2.2,1.1,3.5,10.5
Ferd3l,0.0,0.0,0.0,4.8
Fermt1,0.0,0.0,6.1,2.8
Fermt2,1.1,3.4,1627.7,529.8
Fermt3,7011.0,7043.5,8625.4,10518.8
Fert2,175.4,172.7,1655.5,1550.4
Fes,4424.8,4276.6,5195.0,6378.4
Fetub,11.8,4.5,0.9,4.8
Fev,0.0,0.0,0.0,0.0
Fez1,0.0,0.0,20.9,3.8
Fez2,1033.8,1111.5,1781.0,1876.6
Fezf1,0.0,3.4,0.9,2.8
Fezf2,0.0,0.0,0.9,3.8
Ffar1,0.0,4.5,1.7,0.0
Ffar2,106.5,88.6,18.3,28.5
Ffar3,0.0,0.0,1.7,0.9
Fga,0.0,2.3,4.3,1.9
Fgb,0.0,0.0,2.6,1.9
Fgd1,10.8,13.5,84.5,34.2
Fgd2,25.8,40.4,1909.1,2394.1
Fgd3,742.3,640.4,2057.2,2186.7
Fgd4,3255.4,3270.5,6075.9,6655.2
Fgd5,0.0,4.5,5.2,8.6
Fgd6,2964.9,3079.9,1151.0,1078.6
Fgf1,2.2,0.0,8.7,19.0
Fgf10,2.2,0.0,25.3,9.5
Fgf11,1.1,1.1,56.6,90.4
Fgf12,3.2,0.0,0.0,0.0
Fgf13,308.8,312.9,65.3,45.7
Fgf14,0.0,2.3,0.0,2.8
Fgf15,0.0,0.0,1.7,1.9
Fgf16,0.0,0.0,1.7,1.9
Fgf17,0.0,0.0,3.5,1.9
Fgf18,0.0,0.0,0.9,0.9
Fgf2,1.1,1.1,9.6,11.4
Fgf20,0.0,0.0,0.0,1.9
Fgf21,0.0,0.0,0.9,1.9
Fgf22,3.2,0.0,0.0,2.8
Fgf23,2.2,0.0,0.0,2.8
Fgf3,0.0,0.0,1.7,0.0
Fgf4,0.0,0.0,0.0,2.8
Fgf5,0.0,0.0,1.7,0.0
Fgf6,0.0,0.0,0.0,4.8
Fgf7,2.2,0.0,1052.6,340.5
Fgf8,0.0,0.0,2.6,5.7
Fgf9,0.0,0.0,5.2,6.7
Fgfbp1,0.0,0.0,0.0,0.9
Fgfbp3,65.6,47.1,20.0,27.6
Fgfr1,163.5,168.2,207.4,84.6
Fgfr1op,957.5,835.6,602.1,562.1
Fgfr1op2,3313.5,3165.1,2878.9,2618.5
Fgfr2,2.2,0.0,286.7,62.8
Fgfr3,6.5,0.0,9.6,25.7
Fgfr4,2.2,1.1,3.5,5.7
Fgfrl1,28.0,31.4,116.7,87.5
Fgg,0.0,0.0,0.0,0.0
Fggy,36.6,32.5,1.7,9.5
Fgl1,0.0,0.0,1.7,2.8
Fgl2,2042.9,2017.7,1361.9,1556.1
Fgr,2221.5,2212.9,287.5,369.0
Fh1,1278.1,1384.0,2587.0,2494.9
Fhad1,3.2,0.0,47.0,38.0
Fhdc1,31.2,28.0,250.9,112.2
Fhit,3.2,0.0,15.7,15.2
Fhl1,2.2,6.7,272.7,92.3
Fhl2,5.4,3.4,522.8,205.4
Fhl3,223.8,233.3,1009.9,1124.3
Fhl4,0.0,4.5,12.2,13.3
Fhl5,0.0,0.0,0.9,2.8
Fhod1,482.0,417.2,601.2,597.3
Fhod3,20.4,16.8,42.7,9.5
Fibcd1,0.0,0.0,6.1,15.2
Fibin,0.0,0.0,14.8,7.6
Fibp,1125.3,1223.6,998.6,1079.6
Ficd,179.7,200.8,189.1,159.8
Fig4,1208.1,1179.9,829.5,856.0
Figf,2.2,3.4,0.0,2.8
Figla,0.0,0.0,0.0,0.0
Fign,0.0,0.0,13.1,8.6
Fignl1,96.8,90.9,120.2,99.9
Fignl2,95.8,81.9,118.5,140.8
Filip1,50.6,77.4,8.7,11.4
Filip1l,608.9,668.5,1919.6,1538.0
Fip1l1,702.5,734.6,849.6,876.0
Fis1,1794.4,1814.7,1720.0,1900.4
Fitm1,2.2,0.0,0.0,3.8
Fitm2,55.9,75.2,47.0,34.2
Fiz1,772.4,656.1,862.6,818.0
Fjx1,2.2,0.0,37.5,9.5
Fkbp10,2.2,0.0,1497.8,602.1
Fkbp11,116.2,115.5,86.3,50.4
Fkbp14,79.6,80.8,310.2,119.8
Fkbp15,5518.8,5190.7,6690.2,6963.4
Fkbp1a,2150.5,2199.4,1300.0,1073.9
Fkbp1b,702.5,631.5,400.8,511.7
Fkbp2,1708.4,1597.1,600.3,795.2
Fkbp3,436.8,465.5,661.3,473.7
Fkbp4,1680.4,1871.9,1686.0,1597.0
Fkbp5,416.3,462.1,291.9,190.2
Fkbp6,0.0,0.0,0.0,4.8
Fkbp7,51.6,43.8,213.5,116.0
Fkbp8,5517.8,5498.0,4006.4,4776.7
Fkbp9,317.4,284.9,1503.1,785.7
Fkbpl,108.7,68.4,105.4,99.9
Fkrp,953.2,944.4,974.2,1079.6
Fktn,299.1,226.6,335.5,279.6
Flad1,731.5,688.7,525.4,573.5
Flcn,5109.0,5289.4,4653.0,5443.5
Flg2,0.0,2.3,0.0,7.6
Fli1,2502.3,2300.4,6488.0,7238.3
Flii,7533.8,7554.9,6872.3,7769.0
Flna,72355.9,71052.8,59971.2,54478.4
Flnb,1346.9,1367.2,4812.4,2432.1
Flnc,73.2,105.4,352.0,161.7
Flot1,2147.3,2025.6,1569.3,1787.2
Flot2,3554.4,3388.3,2007.6,2284.7
Flrt1,8.6,4.5,21.8,20.9
Flrt2,2376.4,2157.9,325.0,308.2
Flrt3,1515.8,1499.6,28.7,6.7
Flt1,61.3,68.4,7.8,12.4
Flt3,0.0,0.0,76.7,53.3
Flt3l,88.2,99.8,130.7,130.3
Flt4,8.6,12.3,14.8,14.3
Flywch1,480.9,483.4,345.0,357.6
Flywch2,108.7,130.1,1.7,4.8
Fmn1,2038.6,2097.4,2065.1,1795.8
Fmn2,0.0,0.0,1.7,12.4
Fmnl1,1556.7,1659.9,2224.5,2573.8
Fmnl2,2447.4,2489.9,839.1,746.7
Fmnl3,2611.0,2632.3,2521.7,2415.9
Fmo1,0.0,0.0,3.5,7.6
Fmo2,0.0,1.1,1.7,0.0
Fmo3,0.0,0.0,0.9,2.8
Fmo4,0.0,0.0,0.0,3.8
Fmo5,315.2,270.3,542.8,499.4
Fmo6,0.0,0.0,1.7,2.8
Fmo9,0.0,0.0,1.7,4.8
Fmod,1.1,2.3,399.1,161.7
Fmr1,1048.9,1046.4,1438.6,1320.2
Fmr1nb,9.7,9.0,0.0,8.6
Fn1,42766.1,41778.6,40482.7,13859.3
Fn3k,26.9,5.6,11.3,16.2
Fn3krp,263.6,223.2,307.6,285.3
Fnbp1,4197.8,3967.0,9129.1,10654.8
Fnbp1l,92.5,65.1,1649.4,1699.7
Fnbp4,1005.9,1036.3,1048.2,1191.8
Fnd3c2,2.2,1.1,2.6,1.9
Fndc1,0.0,1.1,7.8,7.6
Fndc3a,10066.2,10254.6,3989.9,3888.3
Fndc3b,3439.3,3619.3,3169.1,2521.5
Fndc3c1,6.5,6.7,10.4,3.8
Fndc4,2.2,0.0,17.4,8.6
Fndc5,46.3,40.4,14.8,15.2
Fndc7,7.5,2.3,30.5,30.4
Fndc8,9.7,1.1,13.1,6.7
Fnip1,9715.5,9410.0,7154.6,6540.1
Fnip2,34194.2,35036.9,14769.3,16251.5
Fnta,627.2,651.6,851.3,680.1
Fntb,224.8,226.6,244.8,168.4
Folh1,0.0,0.0,0.9,0.9
Folr1,4.3,1.1,9.6,10.5
Folr2,14.0,5.6,2099.9,2442.6
Folr4,2.2,0.0,1.7,0.9
Fos,618.6,642.7,2758.7,2918.1
Fosb,2.2,2.3,9.6,5.7
Fosl1,8.6,11.2,53.1,26.6
Fosl2,2206.5,2231.9,2058.1,1467.6
Foxa1,2.2,0.0,3.5,5.7
Foxa2,0.0,0.0,0.9,4.8
Foxa3,0.0,0.0,0.0,1.9
Foxb1,1.1,0.0,1.7,3.8
Foxb2,2.2,0.0,1.7,9.5
Foxc1,4.3,1.1,111.5,43.7
Foxc2,0.0,2.3,45.3,20.0
Foxd1,0.0,0.0,8.7,0.0
Foxd2,7.5,4.5,9.6,20.0
Foxd3,2.2,0.0,1.7,0.0
Foxd4,2.2,0.0,1.7,9.5
Foxe1,0.0,2.3,0.0,1.9
Foxe3,0.0,0.0,0.0,0.0
Foxf1a,0.0,2.3,7.0,3.8
Foxf2,120.5,111.0,11.3,6.7
Foxg1,0.0,1.1,1.7,3.8
Foxh1,0.0,0.0,2.6,3.8
Foxi1,2.2,0.0,0.0,4.8
Foxi2,0.0,0.0,5.2,0.0
Foxi3,0.0,0.0,0.0,0.9
Foxj1,8.6,6.7,7.8,3.8
Foxj2,362.5,398.2,483.6,569.7
Foxj3,1660.0,1825.9,1774.9,1778.7
Foxk1,501.3,483.4,693.6,744.8
Foxk2,1565.3,1663.3,1387.2,1288.8
Foxl1,2.2,0.0,9.6,7.6
Foxl2,4.3,0.0,2.6,1.9
Foxl2os,2.2,6.7,1.7,2.8
Foxm1,114.0,149.2,247.5,222.6
Foxn1,1.1,0.0,2.6,4.8
Foxn2,2746.5,2931.8,2940.8,2842.1
Foxn3,660.5,640.4,1371.5,1461.0
Foxn4,0.0,0.0,3.5,2.8
Foxo1,374.4,342.1,456.6,415.7
Foxo3,1764.3,1786.7,1869.9,2416.9
Foxo4,661.6,684.2,692.7,767.6
Foxo6,0.0,0.0,0.0,1.9
Foxp1,1268.4,1232.6,3115.9,3282.4
Foxp2,3.2,0.0,12.2,6.7
Foxp3,475.5,496.9,472.3,440.4
Foxp4,265.7,213.1,175.1,178.8
Foxq1,143.1,146.9,10.4,10.5
Foxr1,0.0,2.3,0.0,2.8
Foxr2,0.0,0.0,0.9,0.0
Foxred1,734.8,723.4,638.7,708.6
Foxred2,423.9,388.1,736.3,798.0
Foxs1,0.0,0.0,163.8,51.4
Fpgs,239.9,269.2,286.7,210.2
Fpgt,1164.0,1237.1,782.5,667.7
Fpr-rs3,1.1,0.0,0.0,1.9
Fpr-rs4,0.0,0.0,0.0,0.0
Fpr-rs6,0.0,0.0,0.0,0.0
Fpr1,331.4,349.9,206.5,164.5
Fpr2,625.0,687.5,501.0,379.5
Fpr3,0.0,1.1,3.5,1.9
Fras1,0.0,0.0,10.4,19.0
Frat1,151.7,177.2,311.1,357.6
Frat2,85.0,98.7,162.1,213.1
Frem1,2.2,1.1,6.1,7.6
Frem2,10.8,9.0,2.6,15.2
Frem3,3.2,2.3,1.7,14.3
Frg1,827.3,803.1,1016.8,889.3
Frk,12.9,15.7,83.6,41.8
Frmd3,0.0,0.0,3.5,0.0
Frmd4a,2730.4,2659.3,2524.3,2659.4
Frmd4b,1473.8,1340.3,7265.3,8023.0
Frmd5,4.3,2.3,8.7,5.7
Frmd6,356.1,274.8,1671.2,1318.3
Frmd7,17.2,24.7,11.3,16.2
Frmd8,2008.5,1851.7,1804.5,1996.5
Frmpd1,12.9,9.0,2.6,5.7
Frmpd3,0.0,0.0,0.0,1.9
Frmpd4,1.1,0.0,5.2,4.8
Frrs1,1621.2,1450.2,1490.9,1627.4
Frs2,1353.4,1298.8,1856.0,1844.3
Frs3,35.5,28.0,62.7,53.3
Fry,3241.4,3330.0,698.8,670.6
Fryl,3358.6,3381.6,3138.6,3500.3
Frzb,4.3,7.9,10.4,12.4
Fsbp,11.8,18.0,21.8,41.8
Fscb,0.0,0.0,3.5,4.8
Fscn1,30.1,43.8,1675.6,683.9
Fscn2,2.2,5.6,0.9,10.5
Fscn3,2.2,1.1,4.3,3.8
Fsd1,0.0,0.0,3.5,1.9
Fsd1l,225.9,203.0,123.7,83.7
Fsd2,14.0,24.7,34.8,44.7
Fshb,0.0,0.0,0.0,4.8
Fshr,2.2,0.0,1.7,0.9
Fsip1,0.0,0.0,6.1,2.8
Fst,18.3,13.5,93.2,35.2
Fstl1,19329.9,19499.7,5156.6,1867.1
Fstl3,31.2,24.7,162.9,77.0
Fstl4,0.0,0.0,1.7,2.8
Fstl5,0.0,0.0,0.0,0.0
Ftcd,0.0,0.0,2.6,5.7
Fth1,302160.9,306929.9,98808.8,122238.8
Fthl17,0.0,0.0,0.0,0.0
Ftl1,198517.7,187206.4,95647.6,106890.0
Ftmt,0.0,0.0,0.0,4.8
Fto,1767.5,1581.4,1873.4,1805.3
Ftsj1,338.9,299.5,267.5,285.3
Ftsj2,160.3,150.3,198.7,207.3
Ftsj3,1270.5,1308.9,1200.7,1028.2
Ftsjd1,461.5,408.3,456.6,407.1
Ftsjd2,2996.1,2949.7,3208.3,3629.6
Fubp1,2121.5,2040.2,2194.9,1902.3
Fubp3,1162.9,1247.2,1121.4,1184.2
Fuca1,7339.1,7346.3,3964.6,4792.9
Fuca2,5925.5,5773.9,1354.1,1191.8
Fuk,335.7,286.0,236.1,285.3
Fundc1,1360.9,1275.2,1613.7,1381.1
Fundc2,1608.3,1686.9,1209.4,1033.0
Furin,10203.9,9974.2,3365.1,3953.0
Fus,1340.4,1305.5,1434.2,1251.7
Fut1,0.0,0.0,0.0,2.8
Fut10,145.2,135.7,253.6,326.2
Fut11,775.7,795.2,788.6,692.4
Fut2,0.0,0.0,0.0,7.6
Fut4,260.3,236.7,234.4,273.0
Fut4-ps1,0.0,0.0,0.0,3.8
Fut7,49.5,56.1,151.6,200.7
Fut8,200.1,224.3,230.9,172.2
Fut9,0.0,0.0,1.7,3.8
Fuz,257.1,376.9,308.4,337.7
Fv1,74.2,114.4,75.8,72.3
Fxc1,852.0,827.7,835.6,880.8
Fxn,108.7,98.7,47.9,57.1
Fxr1,2729.3,2873.5,3494.1,3563.0
Fxr2,1395.3,1381.8,1315.7,1292.6
Fxyd1,2.2,1.1,12.2,6.7
Fxyd2,62.4,39.3,205.6,215.9
Fxyd3,7.5,0.0,0.9,1.9
Fxyd4,19.4,22.4,13.1,16.2
Fxyd5,13628.2,11933.6,4979.7,6420.3
Fxyd6,0.0,0.0,3.5,0.0
Fxyd7,8.6,0.0,1.7,8.6
Fyb,1027.4,935.4,12334.8,12780.7
Fyco1,429.2,411.6,712.7,714.3
Fyn,307.7,353.3,1047.3,931.2
Fyttd1,2033.3,2036.8,2147.0,1651.2
Fzd1,500.3,530.5,342.4,216.9
Fzd10,2.2,0.0,1.7,4.8
Fzd2,3.2,2.3,101.1,55.2
Fzd3,2.2,0.0,114.1,55.2
Fzd4,111.9,132.4,27.0,12.4
Fzd5,551.9,538.4,966.3,709.6
Fzd6,10.8,11.2,15.7,18.1
Fzd7,2784.2,2694.0,1185.9,1443.9
Fzd8,19.4,11.2,123.7,41.8
Fzd9,0.0,0.0,3.5,3.8
Fzr1,826.2,739.1,1064.8,1160.4
G0s2,23.7,23.6,27.0,23.8
G2e3,805.8,725.7,968.1,765.7
G3bp1,1620.2,1597.1,1212.0,998.7
G3bp2,5161.7,5052.7,5252.5,5121.0
G530011O06Rik,17.2,11.2,27.9,20.9
G630008E18,0.0,0.0,1.7,1.9
G630016D24Rik,40.9,35.9,21.8,40.9
G630025P09Rik,8.6,4.5,7.8,1.9
G630055G22Rik,0.0,0.0,1.7,1.9
G630071F17,0.0,2.3,4.3,4.8
G630090E17Rik,77.5,74.0,77.5,70.4
G630093K05Rik,3.2,0.0,0.9,1.9
G6b,0.0,0.0,0.0,1.9
G6pc,0.0,2.3,1.7,1.9
G6pc2,0.0,0.0,0.0,1.9
G6pc3,759.5,762.7,425.2,358.6
G6pd2,784.3,862.5,818.2,862.7
G6pdx,6278.4,6194.5,7022.2,8496.7
G730013B05Rik,1.1,2.3,25.3,45.7
Gaa,4289.2,4159.9,2923.4,3334.7
Gab1,873.6,788.5,2612.3,2661.3
Gab2,5681.3,5260.2,6160.4,6750.4
Gab3,172.1,178.3,444.4,525.0
Gabarap,13532.4,13187.5,8284.7,8888.6
Gabarapl1,4921.8,4472.8,2642.8,2707.9
Gabarapl2,663.8,778.4,785.1,726.7
Gabbr1,87.1,89.7,61.0,25.7
Gabbr2,3.2,2.3,2.6,14.3
Gabpa,2395.8,2561.7,2572.2,2149.6
Gabpb1,468.0,418.4,575.1,577.3
Gabpb2,3134.9,3051.8,2637.6,2831.6
Gabra1,0.0,0.0,0.0,2.8
Gabra2,0.0,0.0,0.9,0.9
Gabra3,1.1,0.0,1.7,0.0
Gabra4,0.0,2.3,4.3,4.8
Gabra5,0.0,0.0,1.7,1.9
Gabra6,0.0,0.0,0.0,0.0
Gabrb1,0.0,0.0,0.9,3.8
Gabrb2,0.0,0.0,6.1,5.7
Gabrb3,0.0,0.0,18.3,7.6
Gabrd,0.0,3.4,7.8,11.4
Gabre,0.0,0.0,3.5,0.9
Gabrg1,0.0,0.0,0.0,0.9
Gabrg2,0.0,0.0,0.0,5.7
Gabrg3,0.0,0.0,1.7,0.9
Gabrp,0.0,0.0,0.0,3.8
Gabrq,0.0,0.0,0.0,1.9
Gabrr1,1.1,0.0,1.7,5.7
Gabrr2,3.2,2.3,1.7,6.7
Gabrr3,0.0,0.0,0.0,3.8
Gad1,0.0,0.0,0.0,1.9
Gad2,0.0,0.0,1.7,10.5
Gadd45a,667.0,699.9,414.7,432.8
Gadd45b,677.8,684.2,518.4,482.2
Gadd45g,1350.1,1417.7,589.9,338.6
Gadd45gip1,835.9,830.0,783.3,742.8
Gadl1,0.0,0.0,0.0,3.8
Gak,7579.0,7428.2,6286.7,6648.6
Gal,23.7,41.5,1.7,6.7
Gal3st1,4.3,3.4,15.7,4.8
Gal3st2,2.2,0.0,2.6,2.8
Gal3st3,4.3,0.0,0.0,2.8
Gal3st4,81.8,92.0,78.4,79.9
Galc,3311.3,3296.3,5706.4,5451.1
Gale,550.8,539.5,136.8,120.8
Galk1,769.2,790.7,495.8,506.0
Galk2,2481.9,2560.6,1862.9,2010.7
Galm,1014.5,1028.5,386.9,365.2
Galns,2447.4,2410.3,1179.8,1152.8
Galnt1,6062.1,5822.1,4118.8,3483.1
Galnt10,1128.5,1029.6,1897.8,2016.4
Galnt11,1274.8,1274.1,1312.2,1304.0
Galnt12,67.8,57.2,213.5,290.1
Galnt13,1.1,0.0,34.8,3.8
Galnt14,4.3,4.5,0.0,2.8
Galnt2,2167.7,1897.7,4849.9,5282.7
Galnt3,289.4,348.8,50.5,40.9
Galnt4,438.9,416.1,542.0,529.8
Galnt5,0.0,0.0,7.0,8.6
Galnt6,7601.6,7593.1,1319.2,1317.3
Galnt7,5789.9,5665.1,1686.9,1665.5
Galnt9,802.5,844.6,40.1,47.6
Galntl1,1.1,2.3,5.2,2.8
Galntl2,0.0,0.0,6.1,3.8
Galntl4,0.0,2.3,34.8,24.7
Galntl5,0.0,0.0,0.0,1.9
Galntl6,0.0,1.1,1.7,1.9
Galp,0.0,0.0,0.0,2.8
Galr1,0.0,0.0,0.0,2.8
Galr2,14.0,11.2,6.1,6.7
Galr3,0.0,0.0,1.7,1.9
Galt,395.9,428.5,378.2,366.2
Gamt,277.6,181.7,264.9,323.4
Gan,461.5,374.6,270.1,301.5
Ganab,7721.0,7840.9,5578.3,5151.5
Ganc,755.2,673.0,694.5,787.6
Gap43,1.1,0.0,0.9,2.8
Gapdh,6874.3,6430.0,1654.7,1906.1
Gapdhs,32.3,30.3,34.8,39.0
Gapt,181.8,161.5,82.8,101.8
Gapvd1,2279.6,2267.8,3209.2,3221.6
Gar1,80.7,114.4,118.5,91.3
Garnl3,16.1,9.0,60.1,26.6
Gars,4316.1,4469.5,3282.3,2258.0
Gart,1195.2,1194.5,1249.5,1135.7
Gas1,0.0,0.0,234.4,88.5
Gas2,37.7,62.8,68.8,41.8
Gas2l1,819.8,723.4,1029.9,1052.9
Gas2l2,0.0,0.0,3.5,5.7
Gas2l3,4609.8,4374.1,3715.4,3699.0
Gas5,2278.5,2306.0,3102.0,2953.3
Gas6,1111.3,1094.7,12807.0,13320.9
Gas7,7976.0,7891.4,13182.6,14330.1
Gas8,433.6,292.7,364.2,506.0
Gast,0.0,0.0,0.0,0.0
Gata1,4.3,2.3,22.6,11.4
Gata2,28.0,12.3,17.4,14.3
Gata3,16.1,11.2,11.3,11.4
Gata4,0.0,1.1,4.3,8.6
Gata5,0.0,0.0,3.5,6.7
Gata6,3.2,2.3,6.1,8.6
Gatad1,1875.1,1705.9,1617.2,1434.3
Gatad2a,2280.7,2344.1,1722.6,1941.3
Gatad2b,319.5,300.6,418.2,565.9
Gatc,413.1,437.4,596.9,569.7
Gatm,492.7,432.9,1120.5,1486.7
Gatsl2,105.4,131.2,231.8,192.1
Gatsl3,30.1,49.4,53.1,44.7
Gba,6711.9,6600.5,2303.0,2550.0
Gba2,607.8,605.7,840.0,876.0
Gbas,1280.2,1290.9,1564.9,1480.0
Gbe1,1167.2,1164.2,841.7,730.5
Gbf1,2705.6,2617.8,2494.7,2481.6
Gbgt1,413.1,364.5,74.1,70.4
Gbp1,21.5,20.2,27.9,19.0
Gbp10,312.0,293.9,59.2,138.9
Gbp11,195.8,162.6,21.8,44.7
Gbp2,631.5,618.0,934.9,640.1
Gbp3,459.4,461.0,475.7,525.0
Gbp4,66.7,84.1,77.5,104.6
Gbp5,35.5,70.7,113.3,164.5
Gbp6,906.9,970.2,196.9,439.4
Gbp7,884.3,923.1,628.2,690.5
Gbp8,302.3,272.6,47.0,74.2
Gbp9,320.6,345.5,833.9,1010.1
Gbx1,2.2,0.0,1.7,0.0
Gbx2,2.2,2.3,2.6,8.6
Gc,0.0,1.1,2.6,0.9
Gca,245.3,249.0,106.3,184.5
Gcap14,1268.4,1199.0,1453.4,1291.7
Gcat,131.3,170.5,59.2,70.4
Gcc1,573.4,622.5,781.6,771.4
Gcc2,2402.3,2401.3,2338.7,2248.5
Gcdh,471.2,518.2,439.1,462.3
Gcet2,2.2,4.5,19.2,8.6
Gcfc1,1810.6,1862.9,1930.0,1900.4
Gcg,0.0,0.0,0.9,0.0
Gcgr,1.1,0.0,1.7,10.5
Gch1,972.5,1011.7,423.5,469.9
Gchfr,11.8,2.3,3.5,1.9
Gck,0.0,4.5,0.0,5.7
Gckr,0.0,0.0,3.5,4.8
Gclc,1439.4,1382.9,1924.8,1737.8
Gclm,1259.8,1313.4,2024.1,1792.9
Gcm1,0.0,0.0,0.9,3.8
Gcm2,19.4,10.1,0.0,1.9
Gcn1l1,1579.3,1522.0,1812.4,1987.9
Gcnt1,3115.5,3055.2,3158.6,3002.8
Gcnt2,908.0,945.5,145.5,70.4
Gcnt3,0.0,0.0,2.6,2.8
Gcnt4,15.1,21.3,144.6,56.1
Gcnt7,198.0,175.0,151.6,177.9
Gcsh,716.5,685.3,474.0,453.7
Gda,9057.1,9181.2,1483.9,1266.9
Gdap1,0.0,0.0,10.4,9.5
Gdap10,1086.6,1128.3,668.3,782.8
Gdap1l1,2.2,1.1,6.1,8.6
Gdap2,1078.0,1021.8,928.0,966.4
Gde1,5659.8,5323.0,1157.1,1105.2
Gdf1,5.4,13.5,12.2,20.9
Gdf10,2.2,1.1,5.2,1.9
Gdf11,4.3,2.3,20.9,7.6
Gdf15,179.7,229.9,225.7,169.3
Gdf2,0.0,0.0,0.0,5.7
Gdf3,26.9,25.8,106.3,127.5
Gdf5,0.0,0.0,0.0,1.9
Gdf6,0.0,0.0,13.1,3.8
Gdf7,2.2,0.0,0.9,3.8
Gdf9,1.1,5.6,27.9,28.5
Gdi1,1479.2,1528.7,2162.7,2523.4
Gdi2,14157.5,14688.1,20371.2,18605.6
Gdnf,0.0,0.0,26.1,16.2
Gdpd1,1458.8,1562.4,1115.3,1169.0
Gdpd2,0.0,0.0,5.2,15.2
Gdpd3,106.5,104.3,49.7,58.0
Gdpd4,3.2,0.0,4.3,1.9
Gdpd5,16.1,19.1,349.4,412.8
Gem,67.8,66.2,4.3,5.7
Gemin4,349.6,402.7,313.7,237.8
Gemin5,1027.4,1001.6,891.4,917.9
Gemin6,69.9,75.2,81.9,73.2
Gemin7,656.2,651.6,637.8,594.5
Gemin8,42.0,28.0,44.4,36.1
Gen1,53.8,39.3,76.7,78.9
Get4,864.9,888.3,805.1,813.2
Gfap,0.0,1.1,0.0,9.5
Gfer,457.2,445.3,518.4,456.6
Gfi1,17.2,24.7,17.4,34.2
Gfi1b,28.0,23.6,15.7,8.6
Gfm1,938.1,1001.6,775.5,738.1
Gfm2,2417.3,2238.7,1605.0,1539.9
Gfod1,838.1,810.9,224.8,156.9
Gfod2,24.7,50.5,31.4,26.6
Gfpt1,2267.8,2230.8,2694.2,2333.2
Gfpt2,10.8,24.7,16.5,4.8
Gfra1,25.8,31.4,6.1,7.6
Gfra2,30.1,34.8,11.3,8.6
Gfra3,0.0,2.3,0.0,0.0
Gfra4,3.2,1.1,3.5,14.3
Gfral,0.0,0.0,1.7,0.0
Gga1,1875.1,1980.7,1736.6,2062.1
Gga2,3116.6,3201.0,1869.9,1687.3
Gga3,920.9,933.2,922.7,1097.6
Ggct,43.0,34.8,32.2,17.1
Ggcx,460.4,512.6,515.8,456.6
Ggh,3295.2,3273.9,1965.7,1773.9
Ggn,47.3,50.5,58.4,28.5
Ggnbp1,29.1,29.2,14.8,19.0
Ggnbp2,3146.7,3261.5,2737.8,2597.6
Ggps1,696.0,698.8,731.0,590.7
Ggt1,0.0,0.0,3.5,0.9
Ggt5,31.2,24.7,257.9,310.1
Ggt6,0.0,0.0,0.0,1.9
Ggt7,0.0,2.3,47.9,21.9
Ggta1,5454.3,5227.7,4957.1,4478.0
Gh,0.0,0.0,1.7,0.0
Ghdc,478.7,491.3,379.0,393.8
Ghitm,8759.1,8470.1,5489.5,4764.3
Ghr,35.5,21.3,386.0,140.8
Ghrh,3.2,0.0,0.0,1.9
Ghrhr,0.0,0.0,0.9,0.0
Ghrl,61.3,69.5,48.8,37.1
Ghsr,2.2,0.0,3.5,3.8
Gif,0.0,2.3,0.0,1.9
Gigyf1,1364.1,1351.5,1400.2,1577.0
Gigyf2,1482.5,1453.6,1371.5,1328.8
Gimap1,0.0,2.3,5.2,0.9
Gimap3,0.0,0.0,9.6,8.6
Gimap4,2.2,2.3,6.1,9.5
Gimap5,6.5,1.1,6.1,5.7
Gimap6,4.3,1.1,20.9,13.3
Gimap7,0.0,0.0,0.0,2.8
Gimap8,0.0,1.1,8.7,7.6
Gimap9,4.3,10.1,7.0,0.0
Gin1,140.9,140.2,110.6,98.0
Gins1,86.1,86.4,73.2,61.8
Gins2,114.0,125.6,183.0,187.4
Gins3,163.5,148.1,142.0,120.8
Gins4,511.0,466.6,577.7,549.8
Gip,1.1,0.0,1.7,2.8
Gipc1,2249.5,2175.9,1104.9,1054.8
Gipc2,10.8,26.9,8.7,5.7
Gipc3,0.0,0.0,0.9,1.9
Gipr,3.2,3.4,1.7,1.9
Git1,1012.3,955.6,863.5,903.6
Git2,2154.8,2063.7,2851.0,3116.0
Gja1,6.5,3.4,437.4,179.8
Gja10,0.0,0.0,0.0,5.7
Gja3,0.0,0.0,11.3,3.8
Gja4,0.0,0.0,1.7,1.9
Gja5,578.8,480.0,0.9,0.9
Gja6,9.7,14.6,1.7,5.7
Gja8,2.2,1.1,0.0,0.0
Gjb1,0.0,2.3,0.0,3.8
Gjb2,0.0,3.4,46.2,19.0
Gjb3,2.2,5.6,2.6,4.8
Gjb4,0.0,0.0,4.3,1.9
Gjb5,2.2,0.0,3.5,0.0
Gjb6,0.0,0.0,0.0,3.8
Gjc1,2.2,0.0,40.9,20.9
Gjc2,3.2,0.0,0.9,3.8
Gjc3,0.0,0.0,2.6,1.9
Gjd2,0.0,1.1,0.9,1.9
Gjd3,0.0,2.3,0.0,0.0
Gjd4,0.0,0.0,0.0,3.8
Gje1,0.0,2.3,0.0,0.0
Gk2,0.0,0.0,0.0,5.7
Gk5,232.4,235.5,78.4,58.0
Gkap1,151.7,164.9,169.0,167.4
Gkn1,1.1,0.0,0.0,0.0
Gkn2,1.1,0.0,0.9,3.8
Gkn3,0.0,0.0,0.0,0.0
Gla,10449.2,10139.0,2853.6,2697.5
Glb1,2473.3,2479.8,1632.0,1862.4
Glb1l,678.8,595.6,616.9,609.7
Glb1l2,0.0,2.3,4.3,3.8
Glb1l3,0.0,0.0,4.3,2.8
Glcci1,501.3,566.4,436.5,425.2
Glce,1232.9,1206.8,972.4,774.2
Gldc,9.7,6.7,18.3,10.5
Gldn,2.2,0.0,19.2,7.6
Gle1,522.8,539.5,415.6,434.7
Glg1,4534.5,4438.1,8110.5,8182.8
Gli1,102.2,87.5,61.0,84.6
Gli2,4.3,0.0,7.0,7.6
Gli3,2.2,6.7,117.6,67.5
Glipr1,9180.8,8557.6,4687.8,4976.4
Glipr1l1,0.0,0.0,0.0,3.8
Glipr1l2,0.0,0.0,0.0,0.0
Glipr2,1336.1,1304.4,687.5,312.9
Glis1,0.0,2.3,3.5,1.9
Glis2,15.1,16.8,285.8,151.2
Glis3,15.1,23.6,217.0,175.0
Glmn,255.0,208.6,308.4,263.5
Glo1,2772.3,2698.5,2667.2,2550.0
Glod4,993.0,984.8,974.2,985.4
Glod5,0.0,0.0,0.0,0.0
Glp1r,2.2,1.1,3.5,13.3
Glp2r,6.5,3.4,0.9,1.9
Glra1,0.0,0.0,2.6,0.9
Glra2,0.0,2.3,0.0,0.0
Glra3,0.0,0.0,0.9,0.0
Glra4,3.2,0.0,1.7,2.8
Glrb,0.0,0.0,9.6,4.8
Glrp1,80.7,81.9,8.7,9.5
Glrx,1423.3,1361.6,1310.5,1080.5
Glrx2,743.4,726.8,580.3,569.7
Glrx3,333.5,327.5,343.3,377.6
Glrx5,620.7,590.0,489.7,396.6
Gls,6882.9,6745.2,4889.1,4210.8
Gls2,15.1,6.7,10.4,11.4
Glt1d1,5.4,7.9,2.6,0.9
Glt25d1,13864.9,14227.2,4044.8,3871.2
Glt25d2,42.0,58.3,14.8,9.5
Glt28d2,0.0,1.1,27.0,9.5
Glt6d1,0.0,0.0,0.0,0.0
Glt8d1,998.3,1000.5,943.7,848.4
Glt8d2,14.0,12.3,24.4,20.0
Gltp,3344.7,3417.4,4192.0,4858.5
Gltpd1,266.8,343.2,268.4,339.6
Gltpd2,0.0,0.0,1.7,0.0
Gltscr1,71.0,71.8,128.1,215.0
Gltscr2,2082.7,2009.9,2242.0,2454.9
Glud1,5868.5,6240.4,5986.1,6129.2
Glul,2712.1,2766.9,10989.4,10341.9
Glyat,0.0,0.0,0.0,0.0
Glyatl3,0.0,0.0,0.0,0.0
Glycam1,0.0,0.0,0.0,0.9
Glyctk,77.5,68.4,65.3,60.9
Glyr1,4601.2,4328.2,3691.9,3860.7
Gm10007,0.0,0.0,0.0,0.0
Gm10012,376.5,314.1,277.9,282.5
Gm10024,0.0,0.0,0.0,0.0
Gm10033,75.3,72.9,111.5,105.6
Gm10046,0.0,0.0,0.0,0.0
Gm10052,862.8,833.3,991.6,886.5
Gm10057,0.0,0.0,10.4,0.9
Gm10058,0.0,0.0,0.0,0.9
Gm10069,89.3,88.6,101.1,100.8
Gm10081,0.0,0.0,0.0,0.0
Gm10094,346.4,370.1,282.3,214.0
Gm10096,0.0,0.0,0.0,0.9
Gm101,0.0,1.1,0.0,0.0
Gm10100,0.0,0.0,0.0,2.8
Gm10104,0.0,0.0,0.0,0.0
Gm10125,0.0,0.0,0.9,4.8
Gm10142,0.0,0.0,2.6,0.9
Gm10147,0.0,0.0,0.0,0.9
Gm10190,6.5,7.9,0.9,2.8
Gm10220,0.0,3.4,7.8,1.9
Gm10229,0.0,0.0,0.0,0.0
Gm10230,0.0,0.0,0.0,0.9
Gm10248,0.0,6.7,10.4,5.7
Gm10267,0.0,0.0,0.0,0.0
Gm10272,0.0,0.0,0.0,0.0
Gm10280,0.0,0.0,0.0,0.9
Gm10318,1.1,0.0,0.9,0.0
Gm10319,2.2,0.0,0.0,2.8
Gm10324,0.0,0.0,0.0,0.9
Gm10334,0.0,0.0,0.0,1.9
Gm10336,494.9,583.2,1190.2,1191.8
Gm10345,43.0,32.5,68.0,66.6
Gm10373,0.0,0.0,1.7,0.0
Gm10375,0.0,0.0,1.7,1.9
Gm10377,0.0,0.0,1.7,6.7
Gm10389,74.2,39.3,9.6,14.3
Gm10390,107.6,134.6,74.9,122.7
Gm10391,0.0,0.0,11.3,22.8
Gm10394,0.0,0.0,11.3,22.8
Gm10400,0.0,0.0,7.0,4.8
Gm10406,0.0,0.0,0.0,0.0
Gm10408,0.0,0.0,0.0,0.0
Gm10413,0.0,0.0,0.0,0.0
Gm10415,0.0,0.0,2.6,0.0
Gm10416,9.7,3.4,9.6,17.1
Gm10421,0.0,0.0,0.9,1.9
Gm10432,96.8,70.7,40.9,45.7
Gm10433,1.1,2.3,7.8,8.6
Gm10436,4.3,0.0,0.0,3.8
Gm10439,1.1,0.0,0.0,0.9
Gm10440,2.2,4.5,0.0,0.9
Gm10445,0.0,0.0,0.0,1.9
Gm1045,1.1,1.1,5.2,2.8
Gm10451,10.8,12.3,7.0,7.6
Gm10466,0.0,0.0,0.0,2.8
Gm10471,0.0,0.0,2.6,2.8
Gm10474,0.0,1.1,0.9,11.4
Gm10485,752.0,717.8,48.8,71.3
Gm10486,0.0,0.0,0.0,0.9
Gm10487,0.0,0.0,0.0,0.0
Gm10488,0.0,0.0,0.0,0.0
Gm10494,1.1,0.0,1.7,3.8
Gm10509,245.3,226.6,274.5,211.2
Gm10510,0.0,0.0,0.0,0.9
Gm10512,0.0,0.0,0.0,1.9
Gm10516,36.6,24.7,21.8,14.3
Gm10532,44.1,40.4,65.3,77.0
Gm10536,4.3,0.0,3.5,3.8
Gm10538,1.1,0.0,0.0,0.0
Gm10548,14.0,26.9,32.2,33.3
Gm10549,1.1,2.3,0.0,0.9
Gm10556,1.1,0.0,2.6,1.9
Gm10560,10.8,11.2,11.3,13.3
Gm10565,26.9,13.5,42.7,70.4
Gm10578,0.0,0.0,5.2,4.8
Gm10584,6.5,11.2,26.1,24.7
Gm10591,0.0,0.0,9.6,22.8
Gm10591,0.0,0.0,9.6,8.6
Gm10591,0.0,0.0,4.3,22.8
Gm10591,0.0,0.0,4.3,8.6
Gm10591,0.0,0.0,9.6,22.8
Gm10591,0.0,0.0,9.6,8.6
Gm10591,0.0,0.0,4.3,22.8
Gm10591,0.0,0.0,4.3,8.6
Gm10591,0.0,0.0,9.6,22.8
Gm10591,0.0,0.0,9.6,8.6
Gm10591,0.0,0.0,4.3,22.8
Gm10591,0.0,0.0,4.3,8.6
Gm10591,0.0,0.0,9.6,22.8
Gm10591,0.0,0.0,9.6,8.6
Gm10591,0.0,0.0,4.3,22.8
Gm10591,0.0,0.0,4.3,8.6
Gm106,21.5,5.6,15.7,21.9
Gm10635,0.0,0.0,0.0,1.9
Gm10636,0.0,0.0,0.9,3.8
Gm10637,0.0,1.1,1.7,1.9
Gm10638,10.8,6.7,30.5,41.8
Gm10639,0.0,0.0,0.0,0.9
Gm10640,0.0,1.1,3.5,2.8
Gm10649,0.0,0.0,0.0,1.9
Gm10653,16.1,10.1,79.3,102.7
Gm10658,48.4,47.1,44.4,40.9
Gm10662,0.0,0.0,0.0,0.0
Gm10664,0.0,0.0,0.0,0.0
Gm10665,0.0,0.0,0.0,1.9
Gm10666,0.0,0.0,0.0,3.8
Gm10670,0.0,0.0,0.0,1.9
Gm10677,14.0,7.9,413.0,628.7
Gm10684,42.0,53.8,39.2,43.7
Gm10696,0.0,0.0,2.6,0.0
Gm10697,0.0,0.0,0.0,7.6
Gm10714,2.2,2.3,2.6,0.0
Gm10731,35.5,23.6,20.9,31.4
Gm10745,0.0,0.0,2.6,0.0
Gm10754,0.0,0.0,0.9,0.9
Gm10767,78.5,55.0,50.5,47.6
Gm10768,3.2,3.4,5.2,7.6
Gm10778,449.7,435.2,408.6,436.6
Gm1078,0.0,0.0,1.7,1.9
Gm10782,0.0,0.0,0.0,1.9
Gm10785,94.7,98.7,62.7,79.9
Gm10787,0.0,0.0,1.7,0.9
Gm10789,2.2,4.5,6.1,7.6
Gm10790,0.0,0.0,4.3,0.9
Gm10791,30.1,50.5,59.2,38.0
Gm10804,33.4,22.4,15.7,14.3
Gm10814,228.1,226.6,133.3,151.2
Gm10818,0.0,0.0,11.3,7.6
Gm1082,0.0,2.3,4.3,3.8
Gm10823,0.0,0.0,0.0,0.9
Gm10825,44.1,46.0,141.1,172.2
Gm10845,0.0,0.0,0.0,6.7
Gm10857,4.3,0.0,1.7,11.4
Gm10863,21.5,15.7,15.7,14.3
Gm10865,48.4,59.5,61.9,65.6
Gm10872,21.5,22.4,8.7,9.5
Gm10921,0.0,0.0,0.0,0.0
Gm10922,0.0,0.0,0.0,0.0
Gm10941,3.2,5.6,13.1,6.7
Gm11062,0.0,0.0,0.0,0.0
Gm1110,0.0,0.0,0.9,1.9
Gm11110,66.7,97.6,21.8,26.6
Gm11127,3172.5,3060.8,3507.2,4188.9
Gm11128,0.0,0.0,1.7,0.0
Gm11149,0.0,1.1,40.9,14.3
Gm11166,5.4,2.3,1.7,11.4
Gm11186,0.0,0.0,0.0,0.9
Gm11190,0.0,0.0,1.7,2.8
Gm11194,0.0,0.0,0.0,9.5
Gm11201,71.0,65.1,38.3,45.7
Gm11202,14.0,5.6,13.9,6.7
Gm11213,1.1,0.0,0.0,1.9
Gm1123,8.6,5.6,2.6,6.7
Gm11240,0.0,0.0,0.0,0.0
Gm11346,0.0,0.0,3.5,0.0
Gm11351,0.0,1.1,0.0,1.9
Gm1140,0.0,0.0,0.0,0.0
Gm1141,0.0,0.0,0.0,3.8
Gm11413,0.0,0.0,0.0,3.8
Gm11426,0.0,2.3,0.0,3.8
Gm11428,25725.5,24601.7,677.9,643.0
Gm11435,3.2,0.0,2.6,0.0
Gm11437,1.1,0.0,0.0,3.8
Gm11468,0.0,2.3,0.0,0.9
Gm11487,0.0,0.0,7.0,0.9
Gm11517,17.2,10.1,27.9,23.8
Gm11529,0.0,0.0,1.7,4.8
Gm11541,0.0,0.0,8.7,2.8
Gm11544,0.0,0.0,0.9,1.9
Gm11545,119.4,138.0,20.9,25.7
Gm11549,2.2,1.1,1.7,1.9
Gm11554,4.3,4.5,7.0,11.4
Gm11559,0.0,0.0,0.0,0.9
Gm11562,0.0,0.0,1.7,5.7
Gm11563,0.0,0.0,0.0,1.9
Gm11564,0.0,0.0,0.0,1.9
Gm11565,0.0,0.0,0.0,0.0
Gm11567,0.0,0.0,0.0,0.0
Gm11568,0.0,0.0,0.9,2.8
Gm11569,2.2,2.3,3.5,3.8
Gm11570,2.2,0.0,0.0,0.0
Gm11595,0.0,0.0,1.7,1.9
Gm11596,0.0,0.0,0.0,0.9
Gm11602,351.8,341.0,282.3,218.8
Gm11627,0.0,0.0,0.0,0.9
Gm11648,54.9,53.8,40.1,63.7
Gm11696,590.6,557.4,447.0,560.2
Gm11710,258.2,280.4,9657.1,11217.9
Gm11711,258.2,280.4,9657.1,11217.9
Gm11744,0.0,2.3,0.0,0.9
Gm11747,0.0,0.0,16.5,25.7
Gm11756,2.2,0.0,5.2,4.8
Gm11757,6.5,0.0,13.9,16.2
Gm11758,6.5,0.0,8.7,11.4
Gm11762,0.0,0.0,0.0,2.8
Gm11818,19.4,19.1,39.2,23.8
Gm11837,0.0,0.0,0.0,0.0
Gm11937,0.0,0.0,0.0,7.6
Gm11938,0.0,0.0,0.9,3.8
Gm11944,18.3,41.5,59.2,57.1
Gm11961,0.0,0.0,0.0,0.0
Gm11974,85.0,94.2,123.7,112.2
Gm11978,0.0,1.1,1.7,1.9
Gm11981,2.2,0.0,0.0,0.0
Gm11985,0.0,1.1,0.9,0.0
Gm11992,29.1,37.0,3.5,2.8
Gm12,0.0,0.0,0.0,0.0
Gm12060,11.8,13.5,5.2,15.2
Gm12070,356.1,380.2,74.9,96.1
Gm12130,0.0,2.3,0.9,1.9
Gm12159,0.0,0.0,1.7,0.9
Gm12169,0.0,0.0,0.9,0.9
Gm12171,0.0,0.0,0.0,0.0
Gm12185,83.9,87.5,218.7,196.9
Gm12191,956.4,878.2,738.9,611.6
Gm12216,7.5,5.6,10.4,16.2
Gm12238,42.0,47.1,37.5,36.1
Gm12250,171.1,138.0,753.7,935.9
Gm12253,0.0,0.0,1.7,0.0
Gm12295,0.0,0.0,1.7,0.0
Gm12298,2.2,0.0,0.9,0.0
Gm12359,199.0,207.5,190.8,175.0
Gm12409,2.2,1.1,0.0,1.9
Gm12504,37.7,42.6,40.1,41.8
Gm12505,0.0,0.0,0.9,1.9
Gm12522,18.3,13.5,9.6,11.4
Gm12530,2.2,0.0,0.0,0.0
Gm12597,1.1,0.0,0.0,0.0
Gm12603,0.0,0.0,0.0,0.9
Gm12633,0.0,0.0,1.7,1.9
Gm12657,2422.7,2614.4,2186.2,2143.9
Gm12669,153.8,145.8,159.4,173.1
Gm12695,0.0,0.0,0.9,0.0
Gm12709,0.0,0.0,3.5,5.7
Gm12769,0.0,0.0,0.9,0.0
Gm12776,0.0,0.0,0.9,0.9
Gm12789,0.0,0.0,0.0,0.0
Gm12794,0.0,0.0,0.9,1.9
Gm128,18.3,23.6,28.7,24.7
Gm12824,4.3,2.3,27.0,14.3
Gm12830,0.0,0.0,2.6,0.0
Gm12839,0.0,0.0,0.0,0.0
Gm12886,0.0,0.0,0.0,0.0
Gm12887,0.0,0.0,0.9,0.0
Gm12888,0.0,0.0,0.0,0.0
Gm129,21.5,29.2,22.6,19.0
Gm12942,537.9,501.4,225.7,220.7
Gm13003,0.0,0.0,0.0,6.7
Gm13011,0.0,0.0,0.9,5.7
Gm13023,0.0,0.0,3.5,0.9
Gm13031,39.8,33.7,12.2,10.5
Gm13032,1.1,0.0,0.0,0.9
Gm13034,188.3,185.1,173.4,121.7
Gm13040,3.2,0.0,6.1,12.4
Gm13043,1.1,0.0,2.6,3.8
Gm13051,0.0,0.0,4.3,4.8
Gm13057,3.2,0.0,6.1,12.4
Gm13078,0.0,0.0,0.0,0.9
Gm13083,2.2,0.0,0.0,4.8
Gm13084,0.0,0.0,0.0,1.9
Gm13088,2.2,0.0,0.0,1.9
Gm13102,0.0,1.1,0.9,1.9
Gm13103,0.0,0.0,0.0,2.8
Gm13109,0.0,0.0,0.0,0.9
Gm13119,0.0,0.0,0.0,6.7
Gm13124,0.0,1.1,0.0,1.9
Gm13125,0.0,0.0,0.0,0.0
Gm13128,1.1,0.0,0.0,1.9
Gm13139,2476.5,2445.0,2138.3,1698.8
Gm13152,29.1,20.2,13.9,9.5
Gm13154,2.2,3.4,8.7,6.7
Gm13157,1124.2,1101.4,1114.4,1002.5
Gm13177,0.0,0.0,0.0,0.9
Gm13178,0.0,0.0,1.7,0.9
Gm13212,544.4,522.7,487.9,481.3
Gm1322,0.0,0.0,0.0,0.0
Gm13238,107.6,132.4,147.2,152.2
Gm13242,0.0,0.0,5.2,13.3
Gm13247,1.1,9.0,3.5,11.4
Gm13251,1827.8,1870.8,1591.9,1305.0
Gm13271,0.0,1.1,0.9,0.9
Gm13272,0.0,1.1,0.9,0.9
Gm13275,12.9,28.0,10.4,15.2
Gm13276,3.2,12.3,3.5,4.8
Gm13277,3.2,11.2,2.6,4.8
Gm13278,10.8,24.7,7.0,12.4
Gm13279,0.0,0.0,0.0,0.9
Gm13280,2.2,0.0,0.0,1.9
Gm13283,0.0,0.0,0.0,0.0
Gm13285,0.0,3.4,2.6,2.8
Gm13286,0.0,0.0,0.0,0.0
Gm13287,0.0,2.3,1.7,1.9
Gm13288,6.5,18.0,3.5,6.7
Gm13289,6.5,16.8,2.6,8.6
Gm13290,6.5,16.8,2.6,8.6
Gm13293,0.0,1.1,2.6,1.9
Gm13298,0.0,0.0,0.0,5.7
Gm13298,0.0,0.0,0.0,2.8
Gm13298,0.0,0.0,0.0,5.7
Gm13298,0.0,0.0,0.0,2.8
Gm13298,0.0,0.0,0.0,5.7
Gm13298,0.0,0.0,0.0,2.8
Gm13298,0.0,0.0,0.0,5.7
Gm13298,0.0,0.0,0.0,2.8
Gm13298,0.0,0.0,0.0,5.7
Gm13298,0.0,0.0,0.0,2.8
Gm13298,0.0,0.0,0.0,5.7
Gm13298,0.0,0.0,0.0,2.8
Gm13298,0.0,0.0,0.0,5.7
Gm13298,0.0,0.0,0.0,2.8
Gm13298,0.0,0.0,0.0,5.7
Gm13298,0.0,0.0,0.0,2.8
Gm13304,0.0,0.0,9.6,22.8
Gm13304,0.0,0.0,9.6,8.6
Gm13304,0.0,0.0,4.3,22.8
Gm13304,0.0,0.0,4.3,8.6
Gm13304,0.0,0.0,9.6,22.8
Gm13304,0.0,0.0,9.6,8.6
Gm13304,0.0,0.0,4.3,22.8
Gm13304,0.0,0.0,4.3,8.6
Gm13304,0.0,0.0,9.6,22.8
Gm13304,0.0,0.0,9.6,8.6
Gm13304,0.0,0.0,4.3,22.8
Gm13304,0.0,0.0,4.3,8.6
Gm13304,0.0,0.0,9.6,22.8
Gm13304,0.0,0.0,9.6,8.6
Gm13304,0.0,0.0,4.3,22.8
Gm13304,0.0,0.0,4.3,8.6
Gm13305,2840.1,3285.1,349.4,273.9
Gm13306,1.1,2.3,18.3,10.5
Gm13308,0.0,2.3,0.9,0.9
Gm13308,0.0,2.3,0.9,0.9
Gm13308,0.0,2.3,0.9,0.9
Gm13308,0.0,2.3,0.9,0.9
Gm13308,0.0,2.3,0.9,0.9
Gm13308,0.0,2.3,0.9,0.9
Gm13308,0.0,2.3,0.9,0.9
Gm13308,0.0,2.3,0.9,0.9
Gm13308,0.0,2.3,0.9,0.9
Gm13308,0.0,2.3,0.9,0.9
Gm13308,0.0,2.3,0.9,0.9
Gm13308,0.0,2.3,0.9,0.9
Gm13308,0.0,2.3,0.9,0.9
Gm13308,0.0,2.3,0.9,0.9
Gm13308,0.0,2.3,0.9,0.9
Gm13308,0.0,2.3,0.9,0.9
Gm13315,1.1,0.0,2.6,3.8
Gm1332,0.0,0.0,5.2,5.7
Gm13363,2807.8,2788.2,2006.7,1555.1
Gm1337,464.8,445.3,8.7,17.1
Gm13375,107.6,76.3,64.5,50.4
Gm13446,0.0,0.0,6.1,2.8
Gm13476,761.7,773.9,1397.6,1616.0
Gm13483,6.5,6.7,6.1,2.8
Gm13490,0.0,0.0,0.0,0.0
Gm13498,33.4,49.4,37.5,53.3
Gm13539,0.0,0.0,1.7,1.9
Gm13544,0.0,0.0,3.5,3.8
Gm13546,10.8,9.0,0.9,0.9
Gm13547,5.4,2.3,0.9,4.8
Gm13580,0.0,0.0,0.0,0.0
Gm13582,1.1,1.1,2.6,4.8
Gm136,0.0,0.0,0.9,1.9
Gm13629,1.1,0.0,0.0,0.0
Gm13710,43.0,57.2,243.1,195.0
Gm13718,2.2,5.6,15.7,22.8
Gm13749,0.0,0.0,0.0,2.8
Gm13752,0.0,0.0,0.9,3.8
Gm13807,23.7,32.5,15.7,33.3
Gm13845,3.2,1.1,8.7,14.3
Gm13871,6.5,0.0,13.9,16.2
Gm13889,2.2,10.1,10.4,3.8
Gm13939,22.6,21.3,34.0,21.9
Gm13944,0.0,0.0,0.0,1.9
Gm14005,277.6,261.3,65.3,41.8
Gm14015,0.0,0.0,0.0,4.8
Gm14023,407.7,349.9,13.9,8.6
Gm14047,0.0,1.1,3.5,7.6
Gm14057,58.1,42.6,27.0,17.1
Gm14085,25.8,16.8,60.1,33.3
Gm14092,0.0,0.0,7.0,2.8
Gm14124,2.2,0.0,0.0,3.8
Gm14137,37.7,18.0,28.7,42.8
Gm14139,4.3,1.1,0.0,1.9
Gm14151,0.0,4.5,3.5,21.9
Gm14164,0.0,2.3,3.5,1.9
Gm14169,0.0,0.0,6.1,7.6
Gm14204,4.3,6.7,5.2,9.5
Gm14207,1.1,0.0,3.5,5.7
Gm14288,743.4,850.2,538.5,507.0
Gm14295,33.4,22.4,26.1,15.2
Gm14306,387.3,349.9,259.6,252.1
Gm14308,583.1,656.1,736.3,717.2
Gm14316,0.0,0.0,0.0,0.0
Gm14318,2.2,0.0,0.9,0.0
Gm14322,89.3,96.5,80.2,73.2
Gm14325,521.8,498.0,691.0,570.7
Gm14326,650.9,649.4,874.8,824.6
Gm14327,1.1,1.1,0.0,1.9
Gm14345,0.0,0.0,0.0,0.0
Gm14346,0.0,0.0,0.0,0.0
Gm14347,0.0,0.0,0.0,0.0
Gm14351,0.0,0.0,0.0,0.0
Gm14354,1.1,0.0,0.0,0.0
Gm14374,0.0,0.0,0.0,0.0
Gm14378,10.8,7.9,16.5,23.8
Gm14379,9.7,10.1,17.4,9.5
Gm14391,348.6,360.0,423.5,341.5
Gm14393,2.2,4.5,3.5,6.7
Gm14403,104.4,121.1,178.6,127.5
Gm14405,82.8,57.2,41.8,31.4
Gm14420,239.9,243.4,183.8,138.9
Gm14430,614.3,659.5,756.3,763.8
Gm14431,575.6,690.9,508.0,408.0
Gm14434,614.3,659.5,756.3,763.8
Gm14435,137.7,161.5,113.3,92.3
Gm14436,697.1,699.9,532.4,527.9
Gm14440,743.4,850.2,538.5,507.0
Gm14446,14.0,22.4,101.1,118.9
Gm14458,0.0,0.0,0.0,1.9
Gm14459,0.0,0.0,0.9,0.0
Gm14461,705.7,657.3,217.0,149.3
Gm14474,0.0,0.0,0.9,0.9
Gm14475,0.0,0.0,0.0,0.0
Gm14476,0.0,0.0,0.0,0.0
Gm14477,0.0,0.0,0.0,0.0
Gm14478,0.0,0.0,0.0,0.0
Gm14479,0.0,0.0,0.0,0.0
Gm14482,1.1,0.0,0.0,0.0
Gm14483,0.0,0.0,0.0,0.0
Gm14484,0.0,0.0,0.9,0.0
Gm14492,317.4,343.2,40.1,56.1
Gm14496,0.0,0.0,0.0,0.9
Gm14501,0.0,0.0,1.7,1.9
Gm14511,0.0,0.0,0.9,1.9
Gm14525,0.0,0.0,0.0,0.0
Gm14548,3089.7,2916.1,1298.3,1585.6
Gm14625,0.0,0.0,0.0,0.0
Gm14632,0.0,0.0,0.0,0.9
Gm14634,1.1,5.6,3.5,4.8
Gm14635,2.2,0.0,0.9,3.8
Gm14685,8.6,0.0,3.5,6.7
Gm14692,0.0,0.0,0.0,0.0
Gm14718,0.0,0.0,0.0,0.0
Gm14725,0.0,0.0,0.0,0.9
Gm14743,0.0,0.0,0.0,0.0
Gm14744,0.0,0.0,0.0,0.0
Gm14781,0.0,0.0,0.0,1.9
Gm14812,0.0,0.0,0.0,0.0
Gm14819,0.0,0.0,0.0,0.9
Gm14827,1.1,2.3,0.0,4.8
Gm14850,0.0,0.0,0.0,0.9
Gm14851,0.0,1.1,0.0,0.0
Gm14872,784.3,703.2,352.0,401.4
Gm14873,5.4,3.4,9.6,12.4
Gm14920,0.0,0.0,0.0,0.0
Gm15008,0.0,1.1,0.0,1.9
Gm15023,0.0,0.0,5.2,9.5
Gm15056,1.1,0.0,0.0,0.0
Gm15056,1.1,0.0,0.0,0.0
Gm15056,1.1,0.0,0.0,0.0
Gm15056,1.1,0.0,0.0,0.0
Gm15056,1.1,0.0,0.0,0.0
Gm15056,1.1,0.0,0.0,0.0
Gm15056,1.1,0.0,0.0,0.0
Gm15056,1.1,0.0,0.0,0.0
Gm15056,1.1,0.0,0.0,0.0
Gm15056,1.1,0.0,0.0,0.0
Gm15056,1.1,0.0,0.0,0.0
Gm15056,1.1,0.0,0.0,0.0
Gm15056,1.1,0.0,0.0,0.0
Gm15056,1.1,0.0,0.0,0.0
Gm15056,1.1,0.0,0.0,0.0
Gm15056,1.1,0.0,0.0,0.0
Gm15070,0.0,0.0,0.0,0.9
Gm15080,0.0,0.0,0.0,0.0
Gm15085,0.0,0.0,3.5,0.0
Gm15085,0.0,0.0,3.5,0.0
Gm15085,0.0,0.0,0.9,0.0
Gm15085,0.0,0.0,0.9,0.0
Gm15085,0.0,0.0,3.5,0.0
Gm15085,0.0,0.0,3.5,0.0
Gm15085,0.0,0.0,0.9,0.0
Gm15085,0.0,0.0,0.9,0.0
Gm15085,0.0,0.0,3.5,0.0
Gm15085,0.0,0.0,3.5,0.0
Gm15085,0.0,0.0,0.9,0.0
Gm15085,0.0,0.0,0.9,0.0
Gm15085,0.0,0.0,3.5,0.0
Gm15085,0.0,0.0,3.5,0.0
Gm15085,0.0,0.0,0.9,0.0
Gm15085,0.0,0.0,0.9,0.0
Gm15091,0.0,0.0,0.0,0.0
Gm15093,0.0,0.0,3.5,0.0
Gm15093,0.0,0.0,3.5,0.0
Gm15093,0.0,0.0,1.7,0.0
Gm15093,0.0,0.0,1.7,0.0
Gm15093,0.0,0.0,3.5,0.0
Gm15093,0.0,0.0,3.5,0.0
Gm15093,0.0,0.0,1.7,0.0
Gm15093,0.0,0.0,1.7,0.0
Gm15093,0.0,0.0,3.5,0.0
Gm15093,0.0,0.0,3.5,0.0
Gm15093,0.0,0.0,1.7,0.0
Gm15093,0.0,0.0,1.7,0.0
Gm15093,0.0,0.0,3.5,0.0
Gm15093,0.0,0.0,3.5,0.0
Gm15093,0.0,0.0,1.7,0.0
Gm15093,0.0,0.0,1.7,0.0
Gm15097,0.0,0.0,0.0,0.9
Gm15104,0.0,0.0,0.0,0.0
Gm15107,0.0,0.0,0.0,0.0
Gm15114,0.0,0.0,0.0,0.0
Gm15127,0.0,0.0,0.0,0.0
Gm15140,0.0,0.0,10.4,0.9
Gm15144,0.0,0.0,13.9,0.9
Gm15179,0.0,0.0,0.9,2.8
Gm15217,0.0,2.3,0.0,0.0
Gm1527,0.0,0.0,2.6,2.8
Gm15284,0.0,0.0,0.0,0.0
Gm15292,0.0,0.0,0.0,0.0
Gm15293,0.0,0.0,0.0,0.9
Gm15299,0.0,0.0,0.0,0.0
Gm15308,0.0,0.0,0.0,3.8
Gm15315,0.0,0.0,1.7,0.0
Gm15319,14.0,12.3,9.6,21.9
Gm15348,0.0,0.0,0.0,3.8
Gm15350,114.0,88.6,53.1,65.6
Gm15386,0.0,0.0,0.0,0.0
Gm15401,0.0,0.0,1.7,4.8
Gm15408,6.5,11.2,7.0,6.7
Gm15412,0.0,1.1,1.7,1.9
Gm15413,4.3,6.7,10.4,13.3
Gm15417,85.0,93.1,149.9,179.8
Gm15421,1796.6,1874.2,853.0,546.9
Gm15441,621.8,622.5,3821.7,4144.2
Gm15455,259.3,244.5,192.6,257.8
Gm15471,92.5,85.2,64.5,77.0
Gm1553,0.0,0.0,0.0,0.0
Gm15545,81.8,49.4,54.9,52.3
Gm156,0.0,0.0,0.0,1.9
Gm15612,15.1,14.6,35.7,27.6
Gm1564,8.6,5.6,12.2,12.4
Gm15645,6.5,7.9,13.9,10.5
Gm15663,11.8,2.3,27.0,5.7
Gm1568,3.2,0.0,5.2,9.5
Gm15698,2.2,0.0,0.0,0.0
Gm15706,1.1,6.7,29.6,40.9
Gm15708,18.3,9.0,42.7,30.4
Gm1574,0.0,0.0,0.0,2.8
Gm15760,109.7,93.1,145.5,104.6
Gm15772,2160.2,2089.5,1879.5,2389.3
Gm15787,89.3,121.1,71.4,113.2
Gm15800,2482.9,2410.3,2178.4,2553.9
Gm1587,0.0,2.3,0.0,2.8
Gm15880,25.8,7.9,24.4,41.8
Gm15881,0.0,0.0,0.0,3.8
Gm15910,18.3,26.9,25.3,16.2
Gm15915,10.8,4.5,2.6,0.9
Gm15941,0.0,2.3,3.5,5.7
Gm15987,20.4,13.5,200.4,144.6
Gm15997,0.0,0.0,0.0,1.9
Gm16023,132.3,127.9,128.1,117.9
Gm16039,464.8,471.1,382.5,343.4
Gm1604b,6.5,4.5,5.2,13.3
Gm16062,43.0,56.1,54.0,47.6
Gm16119,360.4,365.6,335.5,355.7
Gm16157,0.0,4.5,2.6,0.9
Gm16197,7.5,11.2,30.5,22.8
Gm16287,14.0,14.6,52.3,44.7
Gm16291,9.7,10.1,0.0,3.8
Gm16294,0.0,0.0,1.7,4.8
Gm1631,0.0,0.0,0.0,0.9
Gm16325,0.0,0.0,1.7,9.5
Gm16336,0.0,0.0,1.7,0.0
Gm16367,0.0,0.0,0.0,0.0
Gm16367,0.0,0.0,0.0,0.0
Gm16367,0.0,0.0,0.0,0.0
Gm16367,0.0,0.0,0.0,0.0
Gm16367,0.0,0.0,0.0,0.0
Gm16367,0.0,0.0,0.0,0.0
Gm16367,0.0,0.0,0.0,0.0
Gm16367,0.0,0.0,0.0,0.0
Gm16367,0.0,0.0,0.0,0.0
Gm16367,0.0,0.0,0.0,0.0
Gm16367,0.0,0.0,0.0,0.0
Gm16367,0.0,0.0,0.0,0.0
Gm16367,0.0,0.0,0.0,0.0
Gm16367,0.0,0.0,0.0,0.0
Gm16367,0.0,0.0,0.0,0.0
Gm16367,0.0,0.0,0.0,0.0
Gm16367,0.0,0.0,0.0,0.0
Gm16367,0.0,0.0,0.0,0.0
Gm16367,0.0,0.0,0.0,0.0
Gm16367,0.0,0.0,0.0,0.0
Gm16367,0.0,0.0,0.0,0.0
Gm16367,0.0,0.0,0.0,0.0
Gm16367,0.0,0.0,0.0,0.0
Gm16367,0.0,0.0,0.0,0.0
Gm16367,0.0,0.0,0.0,0.0
Gm16367,0.0,0.0,0.0,0.0
Gm16367,0.0,0.0,0.0,0.0
Gm16367,0.0,0.0,0.0,0.0
Gm16367,0.0,0.0,0.0,0.0
Gm16367,0.0,0.0,0.0,0.0
Gm16367,0.0,0.0,0.0,0.0
Gm16367,0.0,0.0,0.0,0.0
Gm16367,0.0,0.0,0.0,0.0
Gm16367,0.0,0.0,0.0,0.0
Gm16367,0.0,0.0,0.0,0.0
Gm16367,0.0,0.0,0.0,0.0
Gm16367,0.0,0.0,0.0,0.0
Gm16367,0.0,0.0,0.0,0.0
Gm16367,0.0,0.0,0.0,0.0
Gm16367,0.0,0.0,0.0,0.0
Gm16367,0.0,0.0,0.0,0.0
Gm16367,0.0,0.0,0.0,0.0
Gm16367,0.0,0.0,0.0,0.0
Gm16367,0.0,0.0,0.0,0.0
Gm16367,0.0,0.0,0.0,0.0
Gm16367,0.0,0.0,0.0,0.0
Gm16367,0.0,0.0,0.0,0.0
Gm16367,0.0,0.0,0.0,0.0
Gm16367,0.0,0.0,0.0,0.0
Gm16367,0.0,0.0,0.0,0.0
Gm16367,0.0,0.0,0.0,0.0
Gm16367,0.0,0.0,0.0,0.0
Gm16367,0.0,0.0,0.0,0.0
Gm16367,0.0,0.0,0.0,0.0
Gm16367,0.0,0.0,0.0,0.0
Gm16367,0.0,0.0,0.0,0.0
Gm16367,0.0,0.0,0.0,0.0
Gm16367,0.0,0.0,0.0,0.0
Gm16367,0.0,0.0,0.0,0.0
Gm16367,0.0,0.0,0.0,0.0
Gm16367,0.0,0.0,0.0,0.0
Gm16367,0.0,0.0,0.0,0.0
Gm16367,0.0,0.0,0.0,0.0
Gm16367,0.0,0.0,0.0,0.0
Gm16367,0.0,0.0,0.0,0.0
Gm16367,0.0,0.0,0.0,0.0
Gm16367,0.0,0.0,0.0,0.0
Gm16367,0.0,0.0,0.0,0.0
Gm16367,0.0,0.0,0.0,0.0
Gm16367,0.0,0.0,0.0,0.0
Gm16367,0.0,0.0,0.0,0.0
Gm16367,0.0,0.0,0.0,0.0
Gm16367,0.0,0.0,0.0,0.0
Gm16367,0.0,0.0,0.0,0.0
Gm16367,0.0,0.0,0.0,0.0
Gm16367,0.0,0.0,0.0,0.0
Gm16367,0.0,0.0,0.0,0.0
Gm16367,0.0,0.0,0.0,0.0
Gm16367,0.0,0.0,0.0,0.0
Gm16367,0.0,0.0,0.0,0.0
Gm16367,0.0,0.0,0.0,0.0
Gm16381,36.6,47.1,27.9,33.3
Gm16386,7.5,11.2,14.8,26.6
Gm16387,0.0,0.0,1.7,3.8
Gm16390,0.0,0.0,0.0,0.9
Gm16404,0.0,0.0,0.0,0.0
Gm16405,0.0,0.0,0.0,0.0
Gm16430,0.0,0.0,0.0,0.0
Gm16432,6.5,1.1,20.9,4.8
Gm16442,0.0,0.0,0.0,0.0
Gm16445,0.0,0.0,0.0,0.9
Gm16451,0.0,0.0,0.0,0.0
Gm1647,3.2,2.3,0.9,2.8
Gm16497,5.4,0.0,0.0,2.8
Gm16501,0.0,0.0,0.0,0.0
Gm16515,1190.9,1227.0,1118.8,1265.0
Gm16516,14.0,12.3,41.8,37.1
Gm16517,462.6,456.5,439.1,636.3
Gm16523,14.0,14.6,13.1,15.2
Gm1653,2.2,3.4,5.2,11.4
Gm16532,2.2,0.0,0.0,1.9
Gm16548,28.0,21.3,12.2,7.6
Gm16551,0.0,4.5,1.7,5.7
Gm16576,110.8,94.2,85.4,93.2
Gm16596,1.1,1.1,26.1,5.7
Gm166,427.1,465.5,372.1,423.3
Gm1661,2.2,0.0,0.0,2.8
Gm16617,8.6,13.5,7.8,14.3
Gm16675,43.0,43.8,54.0,62.8
Gm16677,0.0,0.0,0.9,0.0
Gm16701,2.2,3.4,0.0,0.9
Gm16702,2.2,0.0,2.6,0.9
Gm1673,168.9,157.0,81.0,60.9
Gm1679,0.0,0.0,0.0,0.0
Gm16793,161.4,163.8,95.8,127.5
Gm16796,9.7,13.5,29.6,25.7
Gm16833,0.0,0.0,0.9,7.6
Gm16845,264.7,297.2,168.2,168.4
Gm16853,19.4,25.8,16.5,17.1
Gm16861,351.8,263.6,317.2,417.6
Gm16880,0.0,0.0,2.6,0.9
Gm16894,7.5,13.5,3.5,0.0
Gm16897,25.8,35.9,31.4,25.7
Gm16907,1162.9,1220.3,758.9,811.3
Gm16973,192.6,210.9,196.9,152.2
Gm16982,186.1,197.4,562.9,636.3
Gm16998,7.5,7.9,13.9,19.0
Gm17019,0.0,2.3,1.7,7.6
Gm17066,424.9,438.5,743.2,639.2
Gm1715,0.0,0.0,0.0,0.0
Gm1720,1.1,0.0,20.0,27.6
Gm17252,0.0,0.0,0.0,0.9
Gm17296,427.1,376.9,305.0,272.0
Gm17359,49.5,46.0,26.1,21.9
Gm17365,0.0,0.0,1.7,1.9
Gm17384,1.1,1.1,3.5,4.8
Gm17455,0.0,0.0,0.9,1.9
Gm17495,0.0,0.0,0.0,0.0
Gm17660,0.0,0.0,0.0,0.9
Gm17677,0.0,0.0,0.0,0.0
Gm17689,0.0,0.0,0.0,0.0
Gm17727,0.0,1.1,0.0,0.0
Gm17745,14.0,18.0,8.7,15.2
Gm17746,2.2,3.4,0.0,0.0
Gm17751,0.0,0.0,0.0,2.8
Gm17757,1425.4,1651.0,1544.9,1515.2
Gm17762,42.0,28.0,15.7,22.8
Gm17769,0.0,3.4,9.6,4.8
Gm17801,48.4,72.9,61.0,84.6
Gm17821,5.4,1.1,5.2,13.3
Gm17830,0.0,0.0,0.9,0.0
Gm1821,12045.7,11618.4,8605.4,10219.2
Gm18409,0.0,2.3,0.0,2.8
Gm18756,0.0,0.0,23.5,4.8
Gm18853,1426.5,1652.1,1546.6,1516.1
Gm19276,5.4,5.6,0.0,1.9
Gm19277,0.0,0.0,0.0,0.9
Gm19299,0.0,0.0,0.0,3.8
Gm19303,0.0,0.0,0.0,0.9
Gm19395,6.5,14.6,8.7,7.6
Gm19402,0.0,0.0,0.0,2.8
Gm19424,2.2,0.0,44.4,47.6
Gm1943,74.2,59.5,63.6,75.1
Gm19434,0.0,0.0,1.7,0.9
Gm19461,2.2,2.3,1.7,1.9
Gm19466,18.3,15.7,22.6,19.0
Gm19510,4.3,11.2,1.7,0.0
Gm19522,38.7,40.4,62.7,91.3
Gm19557,94.7,90.9,86.3,103.7
Gm19583,0.0,0.0,0.0,0.9
Gm19589,0.0,0.0,1.7,2.8
Gm19619,0.0,0.0,0.0,4.8
Gm1965,0.0,0.0,0.9,0.0
Gm19668,1.1,0.0,1.7,1.9
Gm1968,1.1,0.0,2.6,1.9
Gm19689,62.4,63.9,0.0,1.9
Gm19705,3.2,2.3,3.5,3.8
Gm19710,26.9,23.6,42.7,47.6
Gm19757,0.0,0.0,0.0,0.0
Gm1976,31.2,44.9,40.1,29.5
Gm19782,0.0,0.0,0.9,2.8
Gm19784,1.1,1.1,0.9,1.9
Gm1987,0.0,0.0,0.0,7.6
Gm19897,482.0,494.6,399.1,433.7
Gm1993,0.0,0.0,0.0,0.0
Gm1993,0.0,0.0,0.0,0.0
Gm1993,0.0,0.0,0.0,0.0
Gm1993,0.0,0.0,0.0,0.0
Gm1993,0.0,0.0,0.0,0.0
Gm1993,0.0,0.0,0.0,0.0
Gm1993,0.0,0.0,0.0,0.0
Gm1993,0.0,0.0,0.0,0.0
Gm1993,0.0,0.0,0.0,0.0
Gm1993,0.0,0.0,0.0,0.0
Gm1993,0.0,0.0,0.0,0.0
Gm1993,0.0,0.0,0.0,0.0
Gm1993,0.0,0.0,0.0,0.0
Gm1993,0.0,0.0,0.0,0.0
Gm1993,0.0,0.0,0.0,0.0
Gm1993,0.0,0.0,0.0,0.0
Gm1995,4.3,2.3,6.1,28.5
Gm19990,0.0,1.1,0.0,0.0
Gm2002,2843.3,3291.8,354.6,284.4
Gm20063,0.0,0.0,0.0,1.9
Gm20098,0.0,2.3,1.7,3.8
Gm2011,40.9,24.7,27.9,30.4
Gm20110,0.0,0.0,1.7,3.8
Gm2012,0.0,0.0,0.0,0.0
Gm20125,0.0,2.3,2.6,1.9
Gm20139,0.0,4.5,2.6,1.9
Gm2016,0.0,0.0,1.7,2.8
Gm20172,2.2,0.0,1.7,2.8
Gm20187,0.0,0.0,0.0,0.0
Gm20199,144.2,186.2,156.8,176.9
Gm2022,0.0,0.0,0.0,2.8
Gm20257,17.2,9.0,10.4,13.3
Gm20268,0.0,0.0,0.0,0.9
Gm2027,54.9,53.8,36.6,39.9
Gm2030,0.0,0.0,0.0,0.0
Gm20300,272.2,284.9,300.6,246.3
Gm20324,19.4,6.7,18.3,17.1
Gm20337,16.1,16.8,24.4,26.6
Gm20356,0.0,0.0,0.0,0.0
Gm20362,0.0,0.0,0.9,0.0
Gm20408,0.0,0.0,0.0,0.0
Gm20410,0.0,0.0,0.0,1.9
Gm20516,2.2,1.1,1.7,0.0
Gm20554,0.0,1.1,3.5,12.4
Gm20556,0.0,0.0,3.5,0.0
Gm20571,160.3,134.6,124.6,87.5
Gm20579,0.0,0.0,0.0,0.0
Gm20580,0.0,0.0,0.0,0.0
Gm20581,0.0,0.0,0.0,0.0
Gm20594,0.0,0.0,0.0,0.0
Gm20597,4.3,0.0,3.5,5.7
Gm20604,275.4,347.7,327.6,314.8
Gm20605,2891.7,2816.3,4512.7,5043.0
Gm2061,0.0,0.0,3.5,8.6
Gm2083,0.0,0.0,0.0,0.0
Gm2109,0.0,2.3,0.0,1.9
Gm2115,0.0,0.0,238.7,118.9
Gm216,9.7,7.9,15.7,32.3
Gm2176,0.0,0.0,5.2,0.0
Gm221,1.1,0.0,3.5,3.8
Gm2381,0.0,0.0,0.9,0.0
Gm2382,750.9,734.6,670.1,750.5
Gm239,0.0,0.0,2.6,0.9
Gm2447,0.0,0.0,0.0,1.9
Gm2506,1.1,2.3,18.3,10.5
Gm2516,0.0,0.0,0.0,0.9
Gm2518,203.3,204.1,206.5,192.1
Gm266,0.0,0.0,2.6,2.8
Gm2663,0.0,0.0,2.6,1.9
Gm2694,9.7,6.7,0.9,0.0
Gm2696,0.0,0.0,0.0,1.9
Gm2721,1.1,0.0,0.0,3.8
Gm2762,0.0,0.0,3.5,4.8
Gm2799,0.0,0.0,0.0,0.0
Gm2825,0.0,0.0,0.0,0.0
Gm2837,0.0,0.0,0.0,0.0
Gm2848,17.2,22.4,8.7,11.4
Gm2863,0.0,0.0,0.0,0.0
Gm2897,0.0,0.0,1.7,0.0
Gm2913,0.0,0.0,0.0,0.0
Gm2933,0.0,0.0,0.0,0.0
Gm2a,46330.2,44609.5,6972.5,7469.4
Gm3002,0.0,0.0,0.0,0.9
Gm3020,0.0,0.0,0.0,0.0
Gm3086,42.0,37.0,21.8,21.9
Gm3139,0.0,0.0,0.0,0.0
Gm3143,0.0,0.0,0.0,1.9
Gm3219,131.3,116.7,190.8,173.1
Gm3230,16.1,13.5,40.1,38.0
Gm3238,0.0,0.0,0.0,1.9
Gm3258,660.5,582.1,595.1,693.4
Gm3264,0.0,0.0,0.0,0.0
Gm3279,0.0,0.0,0.0,0.0
Gm3285,0.0,0.0,1.7,1.9
Gm3286,0.0,0.0,0.0,0.0
Gm3286,0.0,0.0,0.0,0.0
Gm3286,0.0,0.0,0.0,0.0
Gm3286,0.0,0.0,0.0,0.0
Gm3286,0.0,0.0,0.0,0.0
Gm3286,0.0,0.0,0.0,0.0
Gm3286,0.0,0.0,0.0,0.0
Gm3286,0.0,0.0,0.0,0.0
Gm3286,0.0,0.0,0.0,0.0
Gm3286,0.0,0.0,0.0,0.0
Gm3286,0.0,0.0,0.0,0.0
Gm3286,0.0,0.0,0.0,0.0
Gm3286,0.0,0.0,0.0,0.0
Gm3286,0.0,0.0,0.0,0.0
Gm3286,0.0,0.0,0.0,0.0
Gm3286,0.0,0.0,0.0,0.0
Gm3317,0.0,0.0,5.2,0.0
Gm3336,1.1,0.0,1.7,1.9
Gm3383,0.0,0.0,0.0,2.8
Gm3402,1.1,0.0,7.0,14.3
Gm3404,0.0,0.0,1.7,0.9
Gm3409,2.2,0.0,4.3,1.9
Gm3414,701.4,697.6,828.6,832.3
Gm3415,2.2,0.0,7.0,15.2
Gm3417,346.4,337.6,1406.3,1823.4
Gm3428,1.1,0.0,0.0,0.0
Gm3434,0.0,0.0,0.0,0.0
Gm3435,968.2,930.9,2842.3,3136.9
Gm3448,346.4,337.6,1406.3,1823.4
Gm3494,0.0,0.0,5.2,0.0
Gm3500,0.0,0.0,3.5,0.0
Gm3604,97.9,92.0,53.1,71.3
Gm362,0.0,0.0,0.0,0.0
Gm364,7.5,2.3,0.9,0.0
Gm3646,0.0,0.0,0.0,0.0
Gm3696,1.1,0.0,0.9,0.0
Gm3701,0.0,0.0,0.0,0.0
Gm3706,0.0,0.0,0.0,0.0
Gm3716,0.0,0.0,0.0,4.8
Gm3750,0.0,0.0,0.0,0.0
Gm3763,0.0,0.0,0.0,0.0
Gm3776,0.0,0.0,0.9,2.8
Gm382,0.0,0.0,0.0,0.0
Gm3833,5.4,3.4,7.0,3.8
Gm3852,0.0,0.0,0.0,0.0
Gm3893,0.0,0.0,0.0,0.9
Gm3925,5.4,4.5,0.0,2.8
Gm3985,0.0,0.0,0.0,0.9
Gm4013,46.3,42.6,26.1,31.4
Gm4027,0.0,0.0,1.7,2.8
Gm4070,33190.5,32175.7,39268.9,37728.6
Gm41,0.0,0.0,0.0,0.0
Gm410,0.0,0.0,7.0,3.8
Gm4133,0.0,0.0,1.7,1.9
Gm4141,0.0,0.0,0.0,1.9
Gm4172,0.0,0.0,3.5,9.5
Gm4175,0.0,0.0,0.0,5.7
Gm4177,0.0,0.0,0.0,3.8
Gm4179,0.0,0.0,3.5,9.5
Gm4187,0.0,0.0,1.7,1.9
Gm4201,0.0,0.0,0.0,1.9
Gm4214,0.0,0.0,0.0,5.7
Gm4216,0.0,0.0,0.0,3.8
Gm4220,0.0,0.0,3.5,9.5
Gm4224,0.0,0.0,0.0,0.9
Gm4251,0.0,0.0,0.0,0.0
Gm4262,108.7,80.8,5.2,6.7
Gm4265,0.0,0.0,0.0,0.0
Gm4278,0.0,0.0,0.9,3.8
Gm428,0.0,0.0,6.1,11.4
Gm4285,116.2,85.2,71.4,88.5
Gm4297,0.0,0.0,0.0,0.0
Gm4301,0.0,0.0,5.2,0.0
Gm4302,0.0,0.0,0.0,1.9
Gm4303,0.0,0.0,0.0,3.8
Gm4305,0.0,0.0,0.0,3.8
Gm4307,0.0,0.0,0.0,3.8
Gm4312,0.0,0.0,5.2,0.0
Gm4340,0.0,0.0,3.5,2.8
Gm4345,0.0,0.0,0.0,0.0
Gm4349,61.3,48.2,60.1,63.7
Gm436,0.0,0.0,0.0,0.0
Gm4371,0.0,0.0,0.0,1.9
Gm438,0.0,0.0,0.0,2.8
Gm44,0.0,0.0,0.0,0.0
Gm4461,0.0,0.0,0.0,3.8
Gm4477,2.2,0.0,0.9,3.8
Gm4489,0.0,0.0,0.0,0.0
Gm4498,0.0,0.0,2.6,7.6
Gm4532,11.8,22.4,18.3,14.3
Gm4541,0.0,0.0,0.0,5.7
Gm4566,0.0,0.0,4.3,0.9
Gm4567,6.5,0.0,5.2,17.1
Gm4598,6.5,2.3,2.6,9.5
Gm4636,211.9,183.9,196.0,169.3
Gm4684,0.0,0.0,0.0,1.9
Gm4710,0.0,0.0,0.0,0.0
Gm4719,0.0,1.1,0.0,0.0
Gm4724,614.3,659.5,756.3,763.8
Gm4736,0.0,0.0,0.9,1.9
Gm4745,0.0,0.0,0.0,0.0
Gm4759,1.1,2.3,5.2,1.9
Gm4763,0.0,0.0,1.7,0.9
Gm4776,0.0,0.0,0.0,5.7
Gm4787,37.7,44.9,53.1,68.5
Gm4788,0.0,0.0,47.0,50.4
Gm4791,0.0,0.0,0.0,0.0
Gm4792,0.0,0.0,0.0,1.9
Gm4794,0.0,0.0,0.0,0.0
Gm4814,1.1,0.0,0.0,0.9
Gm4827,0.0,0.0,0.0,3.8
Gm4832,0.0,0.0,0.9,0.0
Gm4836,0.0,0.0,0.0,0.0
Gm4841,9.7,5.6,46.2,45.7
Gm4846,1.1,0.0,0.0,0.9
Gm4847,2.2,0.0,2.6,3.8
Gm4850,0.0,0.0,0.0,0.9
Gm4858,0.0,0.0,0.0,0.9
Gm4861,0.0,0.0,0.0,1.9
Gm4871,0.0,0.0,0.9,0.0
Gm4884,0.0,0.0,1.7,4.8
Gm4890,30.1,25.8,47.0,41.8
Gm4894,0.0,0.0,0.9,0.0
Gm4902,221.6,203.0,344.2,443.2
Gm4906,0.0,0.0,0.0,0.0
Gm4907,8.6,24.7,2.6,3.8
Gm4922,2.2,2.3,0.0,8.6
Gm4925,22.6,5.6,41.8,37.1
Gm4926,0.0,0.0,3.5,11.4
Gm4934,4.3,2.3,4.3,7.6
Gm4937,0.0,1.1,0.0,0.0
Gm4944,825.1,826.6,1008.1,930.2
Gm4951,255.0,271.4,976.8,1197.5
Gm4952,0.0,1.1,0.9,1.9
Gm4956,0.0,0.0,0.0,0.0
Gm4961,4.3,9.0,4.3,1.9
Gm4971,3.2,4.5,2.6,5.7
Gm4975,0.0,0.0,0.0,1.9
Gm4980,107.6,117.8,103.7,99.9
Gm4981,4.3,1.1,7.0,8.6
Gm4984,4.3,13.5,21.8,8.6
Gm5,0.0,1.1,2.6,0.0
Gm5039,0.0,0.0,0.0,0.0
Gm505,748.8,704.4,648.3,601.1
Gm5065,2.2,0.0,3.5,9.5
Gm5069,8.6,3.4,7.8,7.6
Gm5071,0.0,1.1,0.0,0.9
Gm5072,0.0,2.3,0.0,1.9
Gm5077,6.5,4.5,6.1,10.5
Gm5082,0.0,0.0,2.6,3.8
Gm5083,0.0,0.0,0.0,0.0
Gm5084,2.2,0.0,1.7,0.0
Gm5086,54.9,53.8,363.3,477.5
Gm5087,0.0,0.0,0.0,0.0
Gm5088,577.7,655.0,561.1,497.5
Gm5089,0.0,2.3,0.9,0.0
Gm5091,0.0,0.0,0.0,0.9
Gm5095,0.0,2.3,0.0,1.9
Gm5105,1.1,0.0,0.0,0.9
Gm5108,0.0,0.0,0.0,0.0
Gm5111,2.2,0.0,0.0,0.0
Gm5113,167.8,125.6,124.6,119.8
Gm5114,1.1,1.1,0.0,9.5
Gm5122,2.2,0.0,7.0,1.9
Gm5124,9.7,6.7,16.5,1.9
Gm5126,0.0,0.0,2.6,1.9
Gm5127,2.2,1.1,12.2,11.4
Gm5128,0.0,0.0,1.7,6.7
Gm5129,16.1,16.8,13.9,16.2
Gm5132,0.0,0.0,0.0,0.0
Gm5134,12.9,2.3,2.6,7.6
Gm5136,0.0,0.0,0.9,0.0
Gm514,3.2,6.7,5.2,8.6
Gm5141,82.8,85.2,163.8,107.5
Gm5142,0.0,0.0,0.0,0.0
Gm5148,14226.3,14045.5,14332.8,15005.4
Gm5150,115.1,144.7,165.5,117.9
Gm5151,7.5,11.2,13.1,19.0
Gm5166,0.0,0.0,0.0,0.0
Gm5168,0.0,0.0,0.0,0.9
Gm5169,0.0,0.0,0.0,0.0
Gm5176,0.0,3.4,2.6,0.0
Gm5177,0.0,0.0,0.9,5.7
Gm525,0.0,0.0,0.0,0.0
Gm527,55.9,56.1,46.2,43.7
Gm5294,0.0,0.0,0.9,0.0
Gm53,0.0,0.0,0.9,0.0
Gm5325,0.0,0.0,0.0,0.0
Gm5326,0.0,0.0,0.0,1.9
Gm5334,0.0,0.0,0.0,0.0
Gm5346,0.0,0.0,0.0,1.9
Gm5347,0.0,0.0,0.0,1.9
Gm5382,0.0,0.0,0.0,0.0
Gm5409,2.2,0.0,0.0,1.9
Gm5414,0.0,0.0,0.0,4.8
Gm5415,2.2,0.0,5.2,0.0
Gm5416,0.0,0.0,0.0,1.9
Gm5420,2.2,3.4,0.0,3.8
Gm5424,4593.7,4451.5,107.2,117.0
Gm5431,699.3,776.1,2324.7,2534.8
Gm5434,40.9,37.0,28.7,43.7
Gm5441,0.0,1.1,0.0,1.9
Gm5458,0.0,1.1,0.0,1.9
Gm5460,2.2,0.0,1.7,0.9
Gm5464,43.0,40.4,74.1,90.4
Gm5465,104.4,111.0,115.9,135.1
Gm5468,4.3,4.5,3.5,8.6
Gm5475,1.1,0.0,0.9,11.4
Gm5476,0.0,0.0,0.9,0.0
Gm5477,0.0,0.0,0.0,1.9
Gm5478,0.0,0.0,0.0,6.7
Gm5480,0.0,0.0,0.9,0.9
Gm5483,17.2,15.7,4.3,8.6
Gm5485,0.0,0.0,0.0,0.0
Gm5494,0.0,0.0,0.0,0.0
Gm5506,37555.0,38012.4,10931.9,9451.6
Gm5506,37555.0,38012.4,10931.9,4018.6
Gm5506,37555.0,38012.4,4138.0,9451.6
Gm5506,37555.0,38012.4,4138.0,4018.6
Gm5506,37555.0,14700.5,10931.9,9451.6
Gm5506,37555.0,14700.5,10931.9,4018.6
Gm5506,37555.0,14700.5,4138.0,9451.6
Gm5506,37555.0,14700.5,4138.0,4018.6
Gm5506,14926.7,38012.4,10931.9,9451.6
Gm5506,14926.7,38012.4,10931.9,4018.6
Gm5506,14926.7,38012.4,4138.0,9451.6
Gm5506,14926.7,38012.4,4138.0,4018.6
Gm5506,14926.7,14700.5,10931.9,9451.6
Gm5506,14926.7,14700.5,10931.9,4018.6
Gm5506,14926.7,14700.5,4138.0,9451.6
Gm5506,14926.7,14700.5,4138.0,4018.6
Gm5512,315.2,232.2,411.3,396.6
Gm5512,315.2,232.2,411.3,430.9
Gm5512,315.2,232.2,426.9,396.6
Gm5512,315.2,232.2,426.9,430.9
Gm5512,315.2,354.4,411.3,396.6
Gm5512,315.2,354.4,411.3,430.9
Gm5512,315.2,354.4,426.9,396.6
Gm5512,315.2,354.4,426.9,430.9
Gm5512,328.1,232.2,411.3,396.6
Gm5512,328.1,232.2,411.3,430.9
Gm5512,328.1,232.2,426.9,396.6
Gm5512,328.1,232.2,426.9,430.9
Gm5512,328.1,354.4,411.3,396.6
Gm5512,328.1,354.4,411.3,430.9
Gm5512,328.1,354.4,426.9,396.6
Gm5512,328.1,354.4,426.9,430.9
Gm5523,2.2,0.0,1.7,1.9
Gm5531,1.1,0.0,2.6,6.7
Gm5535,6.5,2.3,3.5,3.8
Gm5538,0.0,0.0,0.0,2.8
Gm5544,1.1,7.9,3.5,10.5
Gm5547,60.3,59.5,47.0,32.3
Gm5567,0.0,1.1,0.0,4.8
Gm5577,6.5,6.7,11.3,11.4
Gm5591,0.0,2.3,7.0,4.8
Gm5592,0.0,1.1,2.6,3.8
Gm5595,156.0,139.1,175.1,170.3
Gm5607,0.0,0.0,3.5,3.8
Gm561,152.8,155.9,101.1,114.1
Gm5615,0.0,1.1,1.7,2.8
Gm5617,146.3,177.2,142.9,186.4
Gm5622,0.0,0.0,0.0,2.8
Gm5627,0.0,0.0,0.9,0.9
Gm5634,0.0,0.0,0.0,1.9
Gm5635,0.0,0.0,0.9,0.0
Gm5640,0.0,2.3,3.5,2.8
Gm5643,1362.0,1322.3,1597.2,1444.8
Gm5643,1362.0,1322.3,1597.2,785.7
Gm5643,1362.0,1322.3,858.3,1444.8
Gm5643,1362.0,1322.3,858.3,785.7
Gm5643,1362.0,668.5,1597.2,1444.8
Gm5643,1362.0,668.5,1597.2,785.7
Gm5643,1362.0,668.5,858.3,1444.8
Gm5643,1362.0,668.5,858.3,785.7
Gm5643,826.2,1322.3,1597.2,1444.8
Gm5643,826.2,1322.3,1597.2,785.7
Gm5643,826.2,1322.3,858.3,1444.8
Gm5643,826.2,1322.3,858.3,785.7
Gm5643,826.2,668.5,1597.2,1444.8
Gm5643,826.2,668.5,1597.2,785.7
Gm5643,826.2,668.5,858.3,1444.8
Gm5643,826.2,668.5,858.3,785.7
Gm5647,0.0,0.0,0.0,0.0
Gm5662,0.0,0.0,3.5,2.8
Gm5712,0.0,0.0,0.9,0.0
Gm572,0.0,1.1,1.7,2.8
Gm5725,0.0,0.0,0.0,1.9
Gm5726,0.0,0.0,0.0,0.0
Gm5728,0.0,0.0,0.0,1.9
Gm5741,5.4,0.0,8.7,9.5
Gm5766,1.1,1.1,0.9,3.8
Gm5771,0.0,0.0,0.9,1.9
Gm5779,0.0,0.0,0.9,0.0
Gm5796,0.0,0.0,0.0,0.0
Gm5797,0.0,0.0,0.0,0.0
Gm5800,0.0,0.0,0.0,0.0
Gm5801,495.9,499.1,445.2,360.5
Gm5801,495.9,499.1,445.2,429.9
Gm5801,495.9,499.1,420.0,360.5
Gm5801,495.9,499.1,420.0,429.9
Gm5801,495.9,491.3,445.2,360.5
Gm5801,495.9,491.3,445.2,429.9
Gm5801,495.9,491.3,420.0,360.5
Gm5801,495.9,491.3,420.0,429.9
Gm5801,554.0,499.1,445.2,360.5
Gm5801,554.0,499.1,445.2,429.9
Gm5801,554.0,499.1,420.0,360.5
Gm5801,554.0,499.1,420.0,429.9
Gm5801,554.0,491.3,445.2,360.5
Gm5801,554.0,491.3,445.2,429.9
Gm5801,554.0,491.3,420.0,360.5
Gm5801,554.0,491.3,420.0,429.9
Gm5803,109.7,67.3,157.7,86.6
Gm581,2.2,0.0,3.5,5.7
Gm5820,0.0,0.0,5.2,2.8
Gm5833,46.3,48.2,0.9,0.9
Gm5860,0.0,0.0,0.0,0.0
Gm5868,0.0,0.0,0.0,5.7
Gm5878,0.0,3.4,1.7,0.9
Gm5885,0.0,0.0,0.9,1.9
Gm5886,0.0,0.0,0.0,0.0
Gm5887,6.5,3.4,7.0,5.7
Gm5891,0.0,0.0,0.0,0.0
Gm5894,0.0,0.0,0.0,0.0
Gm590,0.0,0.0,0.0,0.9
Gm5901,9.7,14.6,40.1,46.6
Gm5916,0.0,0.0,0.0,4.8
Gm5918,47.3,38.1,34.8,13.3
Gm5925,0.0,0.0,0.0,0.0
Gm5934,0.0,0.0,0.0,0.9
Gm5935,0.0,0.0,0.0,0.0
Gm5936,0.0,0.0,1.7,2.8
Gm5938,1.1,0.0,0.0,0.0
Gm5941,0.0,0.0,0.0,0.0
Gm595,0.0,0.0,2.6,1.9
Gm597,0.0,0.0,0.0,1.9
Gm600,0.0,0.0,4.3,6.7
Gm6026,0.0,0.0,0.0,0.0
Gm6034,11.8,18.0,17.4,25.7
Gm6040,0.0,0.0,0.0,0.0
Gm6040,0.0,0.0,0.0,0.0
Gm6040,0.0,0.0,0.0,0.0
Gm6040,0.0,0.0,0.0,0.0
Gm6040,0.0,0.0,0.0,0.0
Gm6040,0.0,0.0,0.0,0.0
Gm6040,0.0,0.0,0.0,0.0
Gm6040,0.0,0.0,0.0,0.0
Gm6040,0.0,0.0,0.0,0.0
Gm6040,0.0,0.0,0.0,0.0
Gm6040,0.0,0.0,0.0,0.0
Gm6040,0.0,0.0,0.0,0.0
Gm6040,0.0,0.0,0.0,0.0
Gm6040,0.0,0.0,0.0,0.0
Gm6040,0.0,0.0,0.0,0.0
Gm6040,0.0,0.0,0.0,0.0
Gm6042,0.0,0.0,0.0,0.0
Gm606,0.0,0.0,1.7,0.9
Gm608,1299.6,1358.2,1503.9,1486.7
Gm6084,0.0,0.0,0.0,0.0
Gm6086,0.0,1.1,1.7,5.7
Gm609,0.0,0.0,1.7,0.0
Gm6116,51.6,70.7,2.6,1.9
Gm6121,0.0,0.0,0.0,0.0
Gm614,10.8,11.2,4.3,7.6
Gm6150,0.0,0.0,0.9,0.0
Gm6164,0.0,4.5,0.0,0.0
Gm6194,758.4,730.2,293.6,345.3
Gm6213,0.0,0.0,0.0,0.0
Gm6222,73.2,102.1,76.7,73.2
Gm6225,34.4,37.0,44.4,29.5
Gm6249,0.0,0.0,1.7,8.6
Gm6251,1749.3,1600.5,1368.0,1630.3
Gm6260,0.0,0.0,0.0,0.9
Gm6268,0.0,0.0,0.0,0.0
Gm6277,7.5,4.5,7.8,18.1
Gm628,1.1,0.0,4.3,3.8
Gm6289,0.0,0.0,0.0,1.9
Gm6300,2.2,2.3,0.0,10.5
Gm6307,12.9,4.5,3.5,0.0
Gm6313,0.0,0.0,0.9,3.8
Gm6320,0.0,0.0,0.0,2.8
Gm6329,0.0,0.0,0.9,1.9
Gm6367,0.0,2.3,2.6,11.4
Gm6367,0.0,2.3,2.6,7.6
Gm6367,0.0,2.3,2.6,11.4
Gm6367,0.0,2.3,2.6,7.6
Gm6367,0.0,2.3,2.6,11.4
Gm6367,0.0,2.3,2.6,7.6
Gm6367,0.0,2.3,2.6,11.4
Gm6367,0.0,2.3,2.6,7.6
Gm6367,0.0,2.3,2.6,11.4
Gm6367,0.0,2.3,2.6,7.6
Gm6367,0.0,2.3,2.6,11.4
Gm6367,0.0,2.3,2.6,7.6
Gm6367,0.0,2.3,2.6,11.4
Gm6367,0.0,2.3,2.6,7.6
Gm6367,0.0,2.3,2.6,11.4
Gm6367,0.0,2.3,2.6,7.6
Gm6370,0.0,0.0,1.7,5.7
Gm6377,273.3,224.3,366.8,350.0
Gm6402,1477.1,1390.8,1153.7,1583.7
Gm6406,0.0,0.0,0.9,0.9
Gm6408,0.0,0.0,0.0,1.9
Gm6416,0.0,0.0,0.9,0.0
Gm6432,0.0,0.0,0.9,0.0
Gm6455,0.0,0.0,0.9,0.0
Gm6460,0.0,1.1,1.7,2.8
Gm648,0.0,0.0,0.0,0.0
Gm6484,2.2,3.4,0.0,3.8
Gm6498,26.9,21.3,21.8,21.9
Gm6524,17.2,20.2,20.0,15.2
Gm6525,2.2,2.3,1.7,1.9
Gm6531,4.3,0.0,1.7,0.9
Gm6537,6.5,3.4,4.3,16.2
Gm6548,6489.2,6852.8,5516.5,5782.1
Gm6567,0.0,0.0,0.9,0.0
Gm6568,35.5,47.1,28.7,25.7
Gm6578,16.1,12.3,10.4,0.0
Gm6583,20.4,21.3,29.6,39.0
Gm6588,0.0,0.0,0.0,3.8
Gm6592,0.0,0.0,0.0,2.8
Gm6602,0.0,0.0,0.0,1.9
Gm6607,0.0,0.0,0.0,0.0
Gm6614,0.0,0.0,0.0,0.0
Gm6623,434.6,454.2,338.1,333.9
Gm6634,2.2,2.3,24.4,6.7
Gm6639,0.0,0.0,2.6,0.0
Gm6642,1.1,4.5,0.9,3.8
Gm6644,605.7,550.7,810.3,745.7
Gm6654,791.8,780.6,645.7,615.4
Gm6682,1653.5,1626.3,1533.6,1322.1
Gm6696,0.0,0.0,0.0,1.9
Gm6710,414.2,425.1,480.1,406.1
Gm6760,0.0,0.0,0.0,0.0
Gm6772,0.0,2.3,0.9,3.8
Gm6787,10.8,11.2,12.2,10.5
Gm6792,1.1,0.0,2.6,1.9
Gm6793,162.5,139.1,166.4,151.2
Gm6812,0.0,0.0,0.9,0.9
Gm684,1.1,0.0,5.2,6.7
Gm6878,0.0,0.0,4.3,0.0
Gm6880,1.1,0.0,0.0,0.0
Gm6890,0.0,0.0,0.9,0.0
Gm6904,17.2,20.2,31.4,33.3
Gm6907,103.3,122.3,131.6,119.8
Gm6927,0.0,0.0,0.0,0.0
Gm6936,0.0,0.0,0.0,6.7
Gm6938,0.0,0.0,0.0,0.0
Gm694,1.1,1.1,1.7,1.9
Gm6981,1.1,5.6,0.0,2.8
Gm6994,0.0,0.0,0.9,0.9
Gm7008,5.4,3.4,0.0,3.8
Gm7030,615.4,686.4,616.9,697.2
Gm7056,0.0,0.0,0.0,5.7
Gm7073,0.0,0.0,0.0,0.0
Gm7092,0.0,0.0,0.9,0.9
Gm7102,21.5,24.7,20.0,20.9
Gm7104,1.1,1.1,1.7,14.3
Gm711,35.5,35.9,32.2,56.1
Gm7120,36.6,21.3,40.9,34.2
Gm7134,0.0,0.0,1.7,0.0
Gm7157,0.0,0.0,0.0,3.8
Gm7168,0.0,0.0,0.9,4.8
Gm7173,0.0,2.3,1.7,0.0
Gm7244,0.0,0.0,0.0,1.9
Gm7257,0.0,0.0,0.0,0.0
Gm7271,1.1,0.0,1.7,0.0
Gm732,0.0,0.0,0.0,0.0
Gm7325,0.0,0.0,0.0,0.0
Gm7334,134.5,152.5,130.7,57.1
Gm7337,0.0,0.0,0.9,4.8
Gm7367,851.0,841.2,605.6,675.3
Gm7444,1.1,2.3,2.6,6.7
Gm7457,1.1,0.0,6.1,3.8
Gm749,0.0,0.0,1.7,0.0
Gm7534,0.0,0.0,1.7,0.9
Gm7538,2.2,0.0,5.2,0.0
Gm7550,0.0,0.0,0.0,0.0
Gm757,2.2,0.0,0.0,1.9
Gm7609,23.7,30.3,58.4,88.5
Gm7616,0.0,0.0,0.0,0.0
Gm765,1.1,0.0,0.0,0.9
Gm766,0.0,0.0,1.7,0.0
Gm7689,2670.1,2441.7,1881.2,2711.7
Gm7694,40.9,41.5,61.9,69.4
Gm7714,0.0,0.0,1.7,0.0
Gm773,0.0,0.0,0.0,0.0
Gm7849,0.0,0.0,0.0,0.0
Gm7854,17.2,24.7,20.0,20.0
Gm7861,0.0,0.0,0.0,0.0
Gm7903,0.0,0.0,1.7,6.7
Gm7904,2.2,0.0,1.7,0.0
Gm7977,1.1,0.0,0.0,3.8
Gm805,8.6,0.0,1.7,1.9
Gm806,0.0,0.0,0.0,1.9
Gm8096,0.0,1.1,3.5,3.8
Gm813,0.0,0.0,0.0,0.0
Gm815,0.0,0.0,0.0,2.8
Gm8179,0.0,0.0,1.7,1.9
Gm8221,4.3,4.5,8.7,11.4
Gm8234,2.2,6.7,2.6,5.7
Gm826,0.0,6.7,2.6,0.0
Gm8267,0.0,0.0,0.0,1.9
Gm829,0.0,0.0,3.5,3.8
Gm8298,0.0,0.0,0.0,0.0
Gm8300,0.0,1.1,1.7,2.8
Gm833,0.0,0.0,3.5,1.9
Gm8348,0.0,0.0,0.0,0.0
Gm8369,0.0,0.0,55.8,59.9
Gm839,0.0,0.0,0.0,0.9
Gm8439,0.0,0.0,0.0,0.0
Gm8453,0.0,0.0,2.6,7.6
Gm853,0.0,0.0,0.0,0.0
Gm8579,0.0,0.0,0.9,0.0
Gm8580,0.0,2.3,0.0,0.0
Gm8615,1232.9,1259.5,1022.9,1036.8
Gm8633,0.0,0.0,0.9,0.0
Gm8660,0.0,0.0,0.0,1.9
Gm8677,0.0,0.0,0.0,0.0
Gm8693,0.0,0.0,1.7,8.6
Gm8709,0.0,0.0,1.7,0.9
Gm872,0.0,1.1,0.0,1.9
Gm8720,0.0,0.0,0.0,1.9
Gm8765,1.1,1.1,0.0,0.0
Gm8773,0.0,0.0,3.5,1.9
Gm8787,0.0,0.0,0.0,0.0
Gm88,4.3,4.5,11.3,8.6
Gm8801,146.3,134.6,122.8,122.7
Gm8817,0.0,2.3,0.9,0.9
Gm884,1.1,0.0,2.6,4.8
Gm885,1034.9,1087.9,2198.4,2334.1
Gm8882,0.0,0.0,0.9,1.9
Gm8883,0.0,0.0,3.5,1.9
Gm8884,2.2,0.0,0.0,1.9
Gm889,4.3,3.4,5.2,0.0
Gm8898,575.6,690.9,508.0,408.0
Gm8909,814.4,840.1,928.8,1072.9
Gm8979,896.1,830.0,982.9,1021.5
Gm8989,279.7,249.0,248.3,274.9
Gm8994,109.7,125.6,125.5,162.6
Gm9,0.0,0.0,0.0,0.0
Gm904,0.0,0.0,1.7,0.9
Gm9041,0.0,0.0,1.7,0.9
Gm9047,10.8,6.7,9.6,12.4
Gm9054,14.0,9.0,13.1,26.6
Gm906,0.0,1.1,0.0,1.9
Gm9079,31.2,34.8,40.1,28.5
Gm9112,0.0,0.0,0.0,0.0
Gm9125,0.0,0.0,3.5,4.8
Gm9159,0.0,0.0,9.6,1.9
Gm9199,73.2,56.1,21.8,38.0
Gm9268,0.0,2.3,0.0,3.8
Gm9320,5599.5,5340.9,5165.3,6413.6
Gm933,0.0,0.0,0.0,0.0
Gm9376,0.0,0.0,0.9,0.0
Gm94,0.0,0.0,0.9,0.0
Gm949,0.0,2.3,0.0,1.9
Gm9513,0.0,0.0,0.0,0.9
Gm9524,0.0,2.3,4.3,2.8
Gm9573,2.2,0.0,3.5,9.5
Gm960,11.8,5.6,10.4,3.8
Gm962,1127.4,1165.3,1042.1,1441.9
Gm9696,0.0,0.0,1.7,1.9
Gm97,0.0,0.0,0.0,0.0
Gm9705,166.8,198.5,175.1,181.7
Gm973,5.4,0.0,4.3,3.8
Gm9731,0.0,0.0,0.0,3.8
Gm9733,63.5,60.6,17.4,16.2
Gm9758,0.0,1.1,0.9,3.8
Gm9766,238.8,306.2,284.0,287.2
Gm9767,0.0,0.0,1.7,1.9
Gm9776,86.1,90.9,92.4,98.0
Gm9781,1040.3,1033.0,947.1,755.2
Gm98,460.4,503.6,27.9,22.8
Gm9833,133.4,130.1,251.8,233.0
Gm9839,0.0,0.0,1.7,1.9
Gm9846,72.1,51.6,76.7,83.7
Gm9855,769.2,860.3,626.5,611.6
Gm9866,0.0,0.0,0.0,1.9
Gm9871,0.0,0.0,0.0,0.0
Gm9895,5.4,12.3,1.7,9.5
Gm9897,40.9,44.9,83.6,55.2
Gm9899,4.3,0.0,4.3,5.7
Gm9920,62.4,38.1,30.5,48.5
Gm9926,0.0,0.0,0.0,7.6
Gm9958,28.0,49.4,46.2,51.4
Gm996,2.2,0.0,7.0,17.1
Gm9961,10.8,14.6,8.7,9.5
Gm9962,0.0,0.0,0.0,0.0
Gm9992,6.5,3.4,0.9,1.9
Gm9994,0.0,0.0,0.9,0.9
Gm9999,1.1,0.0,0.0,0.9
Gmcl1,803.6,869.2,474.9,383.3
Gmcl1l,0.0,0.0,0.0,0.0
Gmds,279.7,287.1,213.5,148.4
Gmeb1,672.4,614.6,662.2,787.6
Gmeb2,784.3,706.6,785.1,883.6
Gmfb,6218.1,6223.6,5715.1,4628.3
Gmfg,172.1,185.1,292.8,371.9
Gmip,2306.5,2226.3,3474.9,3856.0
Gml,0.0,2.3,0.0,1.9
Gmnn,423.9,496.9,368.6,387.1
Gmppa,1444.8,1434.5,835.6,996.8
Gmppb,792.9,815.4,414.7,428.0
Gmpr,477.7,462.1,134.2,123.6
Gmpr2,1215.7,1182.1,1157.1,1046.3
Gmps,1527.6,1675.6,1899.5,1566.6
Gna11,365.8,343.2,691.8,560.2
Gna12,2404.4,2284.7,6528.1,7679.6
Gna13,14500.7,14601.8,9594.4,9874.9
Gna14,19.4,16.8,22.6,31.4
Gna15,2217.2,2196.1,665.7,747.6
Gnai1,0.0,0.0,239.6,71.3
Gnai2,19446.1,19556.9,20985.5,26122.6
Gnai3,8368.6,8269.4,5520.8,4626.4
Gnal,391.6,336.5,290.1,331.0
Gnao1,6.5,0.0,110.6,54.2
Gnaq,4745.3,4712.9,3522.0,3830.3
Gnas,18879.1,18758.3,10665.3,10191.6
Gnat1,2.2,1.1,1.7,6.7
Gnat2,8.6,7.9,9.6,4.8
Gnat3,1.1,6.7,5.2,15.2
Gnaz,25.8,32.5,38.3,15.2
Gnb1,14335.0,14246.2,12199.7,11667.8
Gnb1l,40.9,34.8,70.6,59.0
Gnb2,5112.2,5030.3,5767.4,6323.3
Gnb2l1,30371.9,30302.7,24670.4,26769.3
Gnb3,18.3,29.2,7.8,6.7
Gnb4,182.9,176.1,520.2,352.9
Gnb5,227.0,210.9,162.1,105.6
Gne,401.3,400.4,518.4,526.0
Gng10,1343.7,1311.1,1124.0,876.0
Gng11,558.3,496.9,106.3,63.7
Gng12,4109.5,4213.8,3230.1,2971.4
Gng13,1.1,1.1,0.9,0.0
Gng2,1682.6,1545.5,5411.9,5437.8
Gng3,91.4,67.3,62.7,72.3
Gng4,2.2,3.4,5.2,7.6
Gng5,1535.2,1132.8,862.6,728.6
Gng7,124.8,167.1,138.5,151.2
Gng8,25.8,29.2,6.1,0.0
Gngt1,0.0,0.0,0.0,0.0
Gngt2,1962.3,1803.5,958.5,1289.8
Gnl1,705.7,736.9,672.7,605.9
Gnl2,1124.2,1138.4,1188.5,1073.9
Gnl3,1782.6,1572.5,978.5,745.7
Gnl3l,1192.0,1196.7,1382.8,1114.8
Gnmt,3.2,4.5,5.2,11.4
Gnpat,2052.6,1948.2,1774.9,1684.5
Gnpda1,2871.3,2880.2,2473.7,2554.8
Gnpda2,740.2,704.4,603.0,547.9
Gnpnat1,332.4,336.5,460.9,317.7
Gnptab,3340.4,3493.7,2303.0,2229.5
Gnptg,537.9,640.4,496.7,508.9
Gnrh1,31.2,26.9,7.0,7.6
Gnrhr,0.0,0.0,0.0,0.0
Gns,21954.8,21849.4,11305.7,12230.9
Golga1,1102.7,1072.2,910.5,798.0
Golga2,2782.0,2634.6,2195.8,2287.5
Golga3,2356.0,2126.5,2807.5,2926.7
Golga4,2221.5,2514.6,1505.7,1449.6
Golga5,2153.7,2012.1,1749.7,1618.9
Golga7,2576.5,2642.4,2076.4,1875.7
Golga7b,0.0,0.0,0.0,7.6
Golgb1,6096.5,6253.9,4049.1,3966.3
Golim4,818.7,771.7,1211.2,959.7
Golm1,938.1,965.7,305.8,283.4
Golph3,4383.9,3914.3,3866.1,3786.5
Golph3l,3455.5,3190.9,1909.1,1908.0
Golt1a,0.0,0.0,0.0,0.9
Golt1b,2587.3,2538.1,1243.4,902.6
Gon4l,1331.8,1430.0,1125.8,1074.8
Gopc,537.9,523.8,656.1,620.1
Gorab,215.2,268.1,244.8,208.3
Gorasp1,838.1,715.6,1001.2,985.4
Gorasp2,3088.6,3171.8,1989.3,1862.4
Gosr1,2107.5,2233.1,1515.3,1543.7
Gosr2,4986.3,4959.6,4139.8,4032.9
Got1,2683.0,2763.6,2094.7,2101.1
Got1l1,0.0,0.0,0.9,2.8
Got2,1562.1,1400.9,1171.9,1172.8
Gp1ba,64.6,70.7,104.6,130.3
Gp1bb,50.6,28.0,75.8,53.3
Gp2,2.2,3.4,0.0,1.9
Gp49a,29302.5,27219.5,9419.2,10327.7
Gp5,5.4,24.7,88.9,70.4
Gp6,0.0,5.6,7.8,0.9
Gp9,4.3,11.2,47.9,31.4
Gpa33,2.2,1.1,1.7,10.5
Gpaa1,955.3,1004.9,814.7,762.8
Gpam,586.3,577.6,576.8,557.4
Gpank1,345.3,279.3,322.4,286.3
Gpat2,15.1,24.7,20.0,29.5
Gpatch1,492.7,503.6,548.1,529.8
Gpatch2,725.1,748.1,904.4,900.7
Gpatch3,416.3,467.7,348.5,311.0
Gpatch4,71.0,77.4,106.3,80.8
Gpatch8,1889.1,1774.3,2038.1,2134.4
Gpbar1,11.8,4.5,12.2,21.9
Gpbp1,2690.6,2710.9,2377.0,2239.0
Gpbp1l1,2970.3,3013.7,2547.8,2262.8
Gpc1,1421.1,1326.8,1397.6,694.3
Gpc2,4.3,0.0,43.6,37.1
Gpc3,0.0,0.0,1.7,5.7
Gpc4,1.1,1.1,521.1,176.9
Gpc5,4.3,4.5,0.9,6.7
Gpc6,2.2,2.3,191.7,92.3
Gpcpd1,6833.5,6795.6,2317.8,2215.2
Gpd1,45.2,48.2,59.2,40.9
Gpd1l,1806.3,1714.9,1591.9,1656.0
Gpd2,1667.5,1725.0,843.5,930.2
Gpha2,0.0,0.0,3.5,1.9
Gphb5,0.0,2.3,0.9,3.8
Gphn,547.6,517.1,621.3,585.0
Gpi1,8635.4,7903.7,3563.8,4134.7
Gpihbp1,0.0,0.0,0.0,0.0
Gpkow,1382.4,1328.0,998.6,948.3
Gpld1,578.8,664.0,477.5,452.7
Gpm6a,0.0,0.0,3.5,3.8
Gpm6b,11.8,25.8,116.7,47.6
Gpn1,398.1,364.5,384.3,345.3
Gpn2,265.7,293.9,235.3,298.7
Gpn3,405.6,364.5,372.1,359.5
Gpnmb,442216.7,444618.8,63428.7,69923.3
Gpr1,2.2,0.0,3.5,0.9
Gpr101,0.0,0.0,0.0,7.6
Gpr107,2638.9,2574.0,3086.3,3182.6
Gpr108,2132.2,2014.4,1444.7,1681.6
Gpr110,0.0,2.3,0.9,4.8
Gpr111,0.0,0.0,3.5,1.9
Gpr113,0.0,6.7,4.3,7.6
Gpr114,17.2,11.2,6.1,1.9
Gpr115,0.0,0.0,12.2,4.8
Gpr116,5.4,0.0,750.2,298.7
Gpr119,0.0,0.0,0.0,0.0
Gpr12,0.0,0.0,0.0,7.6
Gpr123,2.2,0.0,2.6,5.7
Gpr124,51.6,34.8,161.2,107.5
Gpr125,60.3,44.9,254.4,140.8
Gpr126,244.2,243.4,203.0,155.0
Gpr128,7.5,1.1,6.1,19.0
Gpr132,783.2,858.0,422.6,586.9
Gpr133,2.2,0.0,12.2,10.5
Gpr135,2.2,0.0,5.2,5.7
Gpr137,561.6,678.6,503.6,597.3
Gpr137b,13219.4,12877.9,3164.7,3564.0
Gpr137b-ps,12928.9,12572.9,3339.9,3626.8
Gpr137c,9.7,11.2,7.8,6.7
Gpr139,0.0,2.3,0.0,0.0
Gpr141,3822.3,3777.5,1070.9,1332.6
Gpr142,0.0,0.0,0.0,0.0
Gpr143,0.0,0.0,0.0,0.0
Gpr146,2733.6,2806.2,2726.4,3038.0
Gpr149,0.0,0.0,0.0,5.7
Gpr15,75.3,93.1,6.1,0.0
Gpr150,30.1,23.6,12.2,13.3
Gpr151,24.7,20.2,38.3,29.5
Gpr152,8.6,0.0,3.5,7.6
Gpr153,4.3,9.0,154.2,38.0
Gpr155,495.9,459.9,1280.0,1321.2
Gpr156,4.3,1.1,7.8,9.5
Gpr157,1259.8,1313.4,503.6,682.9
Gpr158,2.2,0.0,1.7,3.8
Gpr160,844.5,813.2,629.1,607.8
Gpr161,2.2,0.0,21.8,18.1
Gpr162,96.8,67.3,1113.6,1056.7
Gpr165,0.0,0.0,0.0,0.0
Gpr17,2.2,5.6,13.1,11.4
Gpr171,1143.6,1074.5,183.0,216.9
Gpr173,0.0,0.0,1.7,3.8
Gpr174,0.0,0.0,7.0,13.3
Gpr176,293.7,293.9,396.5,203.5
Gpr179,6.5,9.0,12.2,13.3
Gpr18,48.4,28.0,189.9,199.7
Gpr180,472.3,404.9,516.7,417.6
Gpr182,6.5,6.7,7.0,22.8
Gpr183,463.7,501.4,1821.1,1968.9
Gpr19,43.0,43.8,43.6,65.6
Gpr20,0.0,4.5,3.5,5.7
Gpr21,32.3,30.3,33.1,42.8
Gpr22,47.3,47.1,87.1,103.7
Gpr25,2.2,0.0,5.2,6.7
Gpr26,0.0,2.3,3.5,1.9
Gpr27,1.1,0.0,1.7,0.0
Gpr3,0.0,0.0,3.5,1.9
Gpr30,15.1,12.3,27.0,25.7
Gpr31c,14.0,10.1,40.1,34.2
Gpr33,0.0,0.0,1.7,0.0
Gpr34,81.8,62.8,1814.1,1516.1
Gpr35,397.0,352.2,64.5,56.1
Gpr37,0.0,0.0,3.5,4.8
Gpr37l1,2.2,0.0,1.7,6.7
Gpr39,3.2,2.3,61.0,22.8
Gpr4,23.7,18.0,16.5,28.5
Gpr44,39.8,42.6,21.8,31.4
Gpr45,0.0,0.0,1.7,8.6
Gpr50,0.0,0.0,0.0,1.9
Gpr52,5.4,4.5,4.3,7.6
Gpr55,79.6,70.7,13.1,10.5
Gpr56,19.4,13.5,114.1,54.2
Gpr6,0.0,0.0,0.0,3.8
Gpr61,8.6,2.3,2.6,8.6
Gpr62,1.1,3.4,2.6,2.8
Gpr63,0.0,0.0,1.7,3.8
Gpr64,0.0,0.0,27.9,20.0
Gpr65,216.2,189.6,4309.7,4619.8
Gpr68,284.0,249.0,115.9,110.3
Gpr75,4.3,0.0,4.3,9.5
Gpr77,763.8,693.1,818.2,841.8
Gpr81,2.2,0.0,8.7,20.0
Gpr82,30.1,15.7,193.4,138.9
Gpr83,0.0,2.3,1.7,5.7
Gpr84,40.9,72.9,60.1,120.8
Gpr85,177.5,145.8,165.5,140.8
Gpr87,0.0,0.0,0.9,1.9
Gpr88,0.0,0.0,0.0,4.8
Gpr89,908.0,899.5,447.0,532.6
Gpr97,280.8,273.7,90.6,84.6
Gpr98,0.0,5.6,12.2,24.7
Gprasp1,294.8,281.5,408.6,456.6
Gprasp2,9.7,10.1,13.9,18.1
Gprc5a,4.3,2.3,8.7,1.9
Gprc5b,575.6,453.1,112.4,81.8
Gprc5c,104.4,121.1,822.5,954.0
Gprc5d,0.0,0.0,2.6,1.9
Gprc6a,0.0,1.1,1.7,1.9
Gprin1,0.0,0.0,3.5,4.8
Gprin2,2.2,0.0,0.0,1.9
Gprin3,11.8,21.3,128.1,54.2
Gps1,549.7,494.6,437.4,413.7
Gps2,647.6,611.3,647.4,761.9
Gpsm1,149.5,140.2,189.9,137.0
Gpsm2,605.7,653.9,280.6,237.8
Gpsm3,1620.2,1712.7,1331.4,1403.0
Gpt,129.1,113.3,61.0,88.5
Gpt2,639.0,667.3,485.3,391.9
Gpx1,16734.0,16170.9,10248.8,12674.2
Gpx2,0.0,0.0,0.9,2.8
Gpx2-ps1,17.2,6.7,11.3,23.8
Gpx3,6587.1,6264.0,1640.7,1689.2
Gpx4,2424.9,2252.1,1179.8,1431.5
Gpx5,0.0,0.0,0.9,0.9
Gpx6,0.0,0.0,0.0,2.8
Gpx7,0.0,9.0,80.2,41.8
Gpx8,0.0,0.0,382.5,133.2
Gramd1a,1239.3,1335.8,1461.2,1510.4
Gramd1b,1444.8,1396.4,1917.8,1838.6
Gramd1c,34.4,33.7,13.9,10.5
Gramd2,0.0,1.1,8.7,1.9
Gramd3,132.3,116.7,214.3,213.1
Gramd4,1054.3,1007.2,484.5,376.7
Grap,377.6,364.5,277.1,271.1
Grap2,1.1,10.1,24.4,20.9
Grasp,7.5,5.6,13.1,11.4
Grb10,149.5,153.7,1753.1,592.6
Grb14,0.0,3.4,61.9,5.7
Grb2,4637.8,4682.6,4802.8,5230.4
Grb7,2.2,4.5,0.0,2.8
Grcc10,1221.0,1359.4,1490.9,1881.4
Greb1,2.2,0.0,7.0,15.2
Greb1l,88.2,140.2,110.6,153.1
Grem1,0.0,2.3,349.4,169.3
Grem2,2.2,0.0,187.3,104.6
Grhl1,5.4,6.7,11.3,13.3
Grhl2,0.0,2.3,2.6,6.7
Grhl3,4.3,1.1,5.2,2.8
Grhpr,303.4,310.7,81.0,72.3
Gria1,0.0,3.4,0.0,2.8
Gria2,1.1,2.3,2.6,3.8
Gria3,3.2,4.5,210.0,158.8
Gria4,1.1,1.1,3.5,4.8
Grid1,31.2,26.9,0.0,8.6
Grid2,0.0,1.1,1.7,1.9
Grid2ip,0.0,1.1,1.7,5.7
Grifin,0.0,0.0,0.9,0.9
Grik1,0.0,0.0,0.9,0.0
Grik2,0.0,0.0,1.7,1.9
Grik3,2.2,2.3,1.7,12.4
Grik4,2.2,1.1,0.0,2.8
Grik5,29.1,24.7,32.2,35.2
Grin1,4.3,0.0,7.8,5.7
Grin2a,0.0,0.0,1.7,3.8
Grin2b,0.0,0.0,6.1,11.4
Grin2c,6.5,9.0,14.8,11.4
Grin2d,15.1,24.7,7.8,22.8
Grin3a,2.2,3.4,8.7,11.4
Grin3b,37.7,40.4,44.4,64.7
Grina,7899.6,7508.9,4443.9,5221.8
Grip1,1.1,0.0,1.7,6.7
Grip2,22.6,26.9,37.5,75.1
Gripap1,3111.2,3104.5,1205.1,1396.3
Grk1,0.0,1.1,4.3,5.7
Grk4,75.3,80.8,82.8,87.5
Grk5,1232.9,1388.5,508.0,517.4
Grk6,1746.0,1637.5,1576.3,1716.8
Grlf1,827.3,756.0,2025.9,1477.1
Grm1,2.2,0.0,5.2,21.9
Grm2,1.1,2.3,7.0,4.8
Grm3,0.0,0.0,1.7,4.8
Grm4,4.3,0.0,4.3,7.6
Grm5,0.0,2.3,6.1,8.6
Grm6,0.0,0.0,4.3,9.5
Grm7,0.0,0.0,0.0,0.9
Grm8,0.0,2.3,1.7,7.6
Grn,20813.4,21566.8,24500.5,33076.5
Grp,0.0,0.0,0.0,1.9
Grpel1,1865.4,1893.2,1160.6,992.1
Grpel2,1139.3,941.0,719.7,760.9
Grpr,3.2,0.0,3.5,1.9
Grrp1,0.0,0.0,1.7,1.9
Grsf1,1648.1,1907.8,2154.0,2061.2
Grtp1,280.8,324.1,57.5,82.7
Grwd1,145.2,196.3,240.5,155.0
Grxcr1,0.0,0.0,0.9,1.9
Grxcr2,0.0,0.0,1.7,0.9
Gsc,7.5,0.0,0.9,2.8
Gsc2,0.0,0.0,1.7,0.0
Gsdma,0.0,3.4,0.0,0.9
Gsdma2,0.0,0.0,0.0,0.9
Gsdma3,0.0,0.0,2.6,2.8
Gsdmc,0.0,0.0,1.7,2.8
Gsdmc2,1.1,0.0,1.7,2.8
Gsdmc3,0.0,0.0,1.7,1.9
Gsdmc4,4.3,6.7,7.0,1.9
Gsdmcl-ps,36.6,26.9,47.9,54.2
Gsdmcl1,0.0,0.0,1.7,0.0
Gsdmd,1921.4,1857.3,2283.8,2437.8
Gse1,1238.2,1349.3,792.9,915.0
Gsg1,2.2,0.0,6.1,5.7
Gsg1l,0.0,0.0,7.8,4.8
Gsg2,129.1,117.8,163.8,134.1
Gsk3a,2025.7,1843.9,1578.0,1657.9
Gsk3b,5274.6,5287.1,5099.1,4790.0
Gsn,11500.3,11553.3,12941.2,13896.4
Gspt1,2246.3,2575.1,2547.8,2243.8
Gspt2,92.5,121.1,141.1,125.5
Gsr,3954.6,3737.1,2531.2,2413.1
Gss,405.6,389.2,407.8,356.7
Gsta1,0.0,0.0,0.0,2.8
Gsta2,3.2,2.3,2.6,0.0
Gsta3,26.9,35.9,83.6,65.6
Gsta4,12.9,10.1,15.7,3.8
Gstcd,158.1,170.5,276.2,211.2
Gstk1,60.3,92.0,84.5,76.1
Gstm1,5379.0,5106.5,1368.0,1507.6
Gstm2,448.6,412.7,98.5,43.7
Gstm3,3.2,1.1,3.5,1.9
Gstm4,394.8,351.1,151.6,143.6
Gstm5,133.4,167.1,148.1,102.7
Gstm6,0.0,0.0,1.7,3.8
Gstm7,9.7,10.1,4.3,3.8
Gsto1,4856.1,5040.4,1956.2,1862.4
Gsto2,3.2,10.1,13.1,12.4
Gstp1,639.0,616.9,269.2,256.8
Gstp2,275.4,295.0,125.5,127.5
Gstt1,11.8,6.7,40.1,23.8
Gstt2,213.0,197.4,117.6,143.6
Gstt3,273.3,274.8,146.4,191.2
Gstt4,0.0,0.0,1.7,0.9
Gstz1,393.7,383.6,503.6,448.9
Gsx1,0.0,0.0,0.0,0.0
Gsx2,0.0,0.0,2.6,0.0
Gt(ROSA)26Sor,472.3,489.0,463.5,346.2
Gtdc1,242.1,214.2,395.6,363.3
Gtf2a1,3315.6,3364.7,3159.5,3050.4
Gtf2a1l,0.0,0.0,0.0,3.8
Gtf2a2,314.1,305.1,508.9,443.2
Gtf2b,1612.6,1533.2,1022.9,1058.6
Gtf2e1,564.8,550.7,631.7,535.5
Gtf2e2,105.4,168.2,112.4,95.1
Gtf2f1,1396.4,1442.4,807.7,896.9
Gtf2f2,811.2,837.8,474.9,500.3
Gtf2h1,3255.4,3232.4,1784.5,1574.2
Gtf2h2,1192.0,1054.3,327.6,276.8
Gtf2h3,319.5,316.3,227.4,215.0
Gtf2h4,312.0,329.8,267.5,293.9
Gtf2h5,888.6,970.2,581.2,619.2
Gtf2i,1852.5,2040.2,2632.3,2492.0
Gtf2ird1,305.5,271.4,340.7,228.3
Gtf2ird2,256.0,236.7,267.5,310.1
Gtf3a,305.5,269.2,379.9,405.2
Gtf3c1,2045.1,2238.7,2171.4,2172.4
Gtf3c2,1919.2,1856.2,1842.9,1845.2
Gtf3c3,827.3,838.9,920.1,739.0
Gtf3c4,2018.2,2181.5,1517.9,1379.2
Gtf3c5,460.4,434.1,360.7,370.0
Gtf3c6,219.5,222.1,233.5,230.2
Gtl3,750.9,787.4,554.2,531.7
Gtpbp1,613.2,656.1,871.3,964.5
Gtpbp10,233.5,231.1,271.8,209.3
Gtpbp2,3555.5,3365.9,1653.8,2047.8
Gtpbp3,409.9,435.2,393.8,431.8
Gtpbp4,1114.5,1209.1,1242.5,1046.3
Gtpbp5,295.9,286.0,235.3,274.9
Gtpbp6,495.9,483.4,427.8,446.1
Gtpbp8,474.4,500.2,463.5,374.8
Gtse1,99.0,78.5,247.5,115.1
Gtsf1,0.0,0.0,0.0,0.0
Gtsf1l,0.0,0.0,0.0,1.9
Guca1a,235.6,216.5,186.5,293.9
Guca1b,8.6,3.4,5.2,7.6
Guca2a,0.0,0.0,0.0,0.0
Guca2b,0.0,2.3,0.9,1.9
Gucy1a2,0.0,1.1,8.7,6.7
Gucy1a3,1.1,4.5,35.7,45.7
Gucy1b2,2.2,0.0,4.3,2.8
Gucy1b3,14.0,10.1,43.6,22.8
Gucy2c,0.0,2.3,0.9,5.7
Gucy2d,2.2,0.0,2.6,3.8
Gucy2e,0.0,0.0,5.2,15.2
Gucy2f,2.2,0.0,2.6,0.0
Gucy2g,1.1,6.7,0.9,5.7
Guf1,588.5,670.7,647.4,635.4
Guk1,937.0,910.7,582.9,505.1
Gulo,1.1,0.0,0.0,3.8
Gulp1,0.0,0.0,47.9,14.3
Gusb,20199.1,20641.5,12934.2,13967.7
Gvin1,33190.5,32175.7,39268.9,37729.5
Gxylt1,1039.2,990.4,1192.9,1124.3
Gxylt2,0.0,0.0,10.4,7.6
Gyg,5708.2,5676.3,3163.8,3332.8
Gyk,763.8,758.2,497.5,421.4
Gykl1,0.0,0.0,0.9,4.8
Gyltl1b,5.4,4.5,2.6,11.4
Gypa,0.0,0.0,1.7,1.9
Gypc,588.5,587.7,173.4,131.3
Gys1,2352.8,2378.9,857.4,715.3
Gys2,1.1,0.0,2.6,1.9
Gzf1,1442.6,1415.4,1064.8,1123.3
Gzma,0.0,0.0,1.7,0.0
Gzmb,0.0,0.0,1.7,4.8
Gzmc,0.0,2.3,7.8,2.8
Gzmd,2.2,0.0,50.5,9.5
Gzme,0.0,0.0,47.0,19.0
Gzmf,0.0,0.0,0.0,3.8
Gzmg,0.0,0.0,7.0,8.6
Gzmk,0.0,0.0,0.0,0.0
Gzmm,10.8,13.5,14.8,20.9
Gzmn,0.0,0.0,2.6,2.8
H13,4903.5,4841.8,3508.0,3165.4
H19,0.0,0.0,20.9,20.9
H1f0,2831.5,2598.7,1611.1,1287.9
H1fnt,0.0,0.0,0.0,3.8
H1foo,2.2,3.4,1.7,0.9
H1fx,4.3,13.5,9.6,4.8
H2-Aa,20152.9,20005.5,12333.0,16173.5
H2-Ab1,13797.1,13474.6,9663.2,12790.2
H2-Bl,9.7,10.1,10.4,11.4
H2-D1,42753.2,41024.9,33760.3,40934.0
H2-DMa,830.5,845.7,1260.0,1741.6
H2-DMb1,1776.1,1712.7,912.3,1160.4
H2-DMb2,778.9,771.7,379.9,541.2
H2-Ea-ps,10214.7,10257.9,7307.1,8993.2
H2-Eb1,11529.3,12018.8,7669.6,9841.6
H2-Eb2,17.2,6.7,11.3,21.9
H2-K1,11586.3,11957.1,12955.2,15152.9
H2-K2,656.2,660.6,700.6,713.4
H2-Ke2,380.8,388.1,314.5,307.2
H2-Ke6,557.3,560.8,528.9,579.3
H2-M1,0.0,0.0,0.9,3.8
H2-M10.1,0.0,0.0,0.0,3.8
H2-M10.2,0.0,2.3,3.5,8.6
H2-M10.3,0.0,0.0,0.9,1.9
H2-M10.4,0.0,0.0,0.0,0.0
H2-M10.5,0.0,0.0,0.0,0.9
H2-M10.6,0.0,0.0,0.0,1.9
H2-M11,0.0,0.0,0.0,0.0
H2-M2,202.3,171.6,1.7,1.9
H2-M3,781.0,818.8,727.6,935.9
H2-M5,0.0,0.0,0.0,3.8
H2-M9,0.0,0.0,0.0,0.0
H2-Oa,34.4,53.8,4.3,8.6
H2-Ob,66.7,72.9,41.8,20.9
H2-Q1,3123.0,3207.7,3632.6,4239.3
H2-Q10,1070.4,998.2,665.7,1070.0
H2-Q2,536.8,552.9,540.2,519.3
H2-Q4,3607.1,3603.6,3261.4,4338.2
H2-Q6,2810.0,3003.6,2908.5,3789.4
H2-Q7,3070.3,3183.0,3017.5,3953.0
H2-Q8,980.1,944.4,673.5,1201.3
H2-Q9,3070.3,3183.0,3017.5,3953.0
H2-T10,484.1,639.3,481.0,531.7
H2-T22,1788.0,1714.9,1591.1,1796.7
H2-T23,5685.6,5536.1,3610.8,4288.8
H2-T24,3299.5,3273.9,3297.2,3534.5
H2-T3,3.2,0.0,0.0,4.8
H2-T9,1760.0,1676.8,1559.7,1762.5
H28,0.0,0.0,1.7,0.0
H2afb1,0.0,0.0,0.0,0.0
H2afj,1321.1,1315.6,1215.5,1546.6
H2afv,397.0,381.3,617.8,683.9
H2afx,549.7,581.0,597.7,573.5
H2afy,3287.6,3416.3,3452.3,3393.7
H2afy2,67.8,67.3,88.9,56.1
H2afy3,9.7,4.5,20.9,20.9
H2afz,2696.0,2511.2,2540.8,2191.5
H3f3a,5104.7,5243.4,4633.8,4402.9
H3f3b,7313.3,7123.1,9164.8,8191.4
H47,2451.7,2393.4,1564.1,1422.9
H60b,46.3,46.0,55.8,51.4
H60c,0.0,0.0,2.6,4.8
H6pd,1430.8,1357.1,2424.1,2622.3
Haao,16.1,7.9,22.6,19.0
Habp2,0.0,0.0,0.0,6.7
Habp4,432.5,429.6,369.4,309.1
Hace1,621.8,623.6,471.4,457.5
Hacl1,330.3,309.6,244.8,249.2
Hadh,604.6,680.8,822.5,829.4
Hadha,4558.2,4268.7,4020.4,4064.3
Hadhb,697.1,712.2,642.2,534.5
Hagh,683.1,618.0,781.6,904.5
Haghl,508.9,491.3,434.8,491.7
Hal,434.6,537.2,29.6,25.7
Hamp,5.4,3.4,2.6,1.9
Hamp2,4.3,0.0,1.7,0.0
Hand1,0.0,1.1,1.7,0.9
Hand2,0.0,0.0,5.2,0.9
Hao1,2.2,2.3,1.7,0.9
Hao2,0.0,2.3,0.0,0.0
Hap1,4.3,6.7,33.1,31.4
Hapln1,0.0,0.0,9.6,4.8
Hapln2,0.0,1.1,1.7,4.8
Hapln3,12.9,24.7,0.0,1.9
Hapln4,2.2,0.0,1.7,12.4
Harbi1,83.9,87.5,77.5,81.8
Hars,1572.8,1640.9,1409.8,1324.0
Hars2,790.7,791.8,796.4,753.3
Has1,1.1,2.3,7.0,10.5
Has2,0.0,1.1,228.3,100.8
Has2as,0.0,0.0,16.5,4.8
Has3,43.0,74.0,112.4,98.0
Hat1,899.4,761.6,688.4,531.7
Haus1,130.2,114.4,226.5,164.5
Haus2,402.4,481.2,576.8,409.9
Haus3,387.3,365.6,487.9,412.8
Haus4,371.2,318.5,340.7,266.3
Haus5,107.6,115.5,81.9,64.7
Haus6,332.4,378.0,325.9,300.6
Haus7,232.4,210.9,255.3,231.1
Haus8,709.0,684.2,563.7,603.0
Havcr1,4.3,1.1,45.3,29.5
Havcr2,398.1,408.3,248.3,258.7
Hax1,853.1,770.5,360.7,429.0
Hba-a1,6.5,4.5,156.0,101.8
Hba-a2,6.5,4.5,156.0,101.8
Hba-x,0.0,0.0,0.0,2.8
Hbb-b1,0.0,1.1,34.0,12.4
Hbb-b2,0.0,1.1,34.0,12.4
Hbb-bh1,0.0,0.0,1.7,0.0
Hbb-bh2,0.0,0.0,0.9,0.9
Hbb-y,0.0,0.0,0.0,0.0
Hbegf,220.5,235.5,187.3,92.3
Hbp1,6606.5,6423.3,5134.8,5302.7
Hbq1a,0.0,0.0,0.0,0.0
Hbq1b,2.2,0.0,1.7,1.9
Hbs1l,924.1,972.4,937.6,805.6
Hbxip,1096.2,1068.9,813.8,722.9
Hc,0.0,0.0,2.6,7.6
Hccs,816.5,760.4,710.1,556.4
Hcfc1,740.2,758.2,1185.0,1373.5
Hcfc1r1,738.0,767.2,607.3,670.6
Hcfc2,653.0,602.3,497.5,584.0
Hck,1925.7,1884.3,3801.7,3940.6
Hcls1,3154.2,3580.1,3267.5,4153.7
Hcn1,4.3,2.3,3.5,0.9
Hcn2,4.3,3.4,12.2,14.3
Hcn3,299.1,341.0,8.7,24.7
Hcn4,2.2,4.5,4.3,4.8
Hcrt,0.0,0.0,0.0,2.8
Hcrtr1,6.5,2.3,5.2,0.9
Hcrtr2,2.2,1.1,1.7,2.8
Hcst,476.6,419.5,193.4,259.7
Hdac1,347.5,364.5,377.3,370.0
Hdac10,72.1,58.3,356.4,419.5
Hdac11,8.6,5.6,41.8,55.2
Hdac2,399.1,461.0,716.2,580.2
Hdac3,1200.6,1167.6,1253.0,1290.7
Hdac4,777.8,824.4,469.6,530.7
Hdac5,1317.9,1317.9,1625.0,2135.3
Hdac6,558.3,523.8,486.2,495.5
Hdac7,63.5,60.6,280.6,269.2
Hdac8,233.5,181.7,233.5,173.1
Hdac9,129.1,159.3,411.3,388.1
Hdc,7.5,6.7,66.2,80.8
Hddc2,110.8,105.4,101.1,79.9
Hddc3,38.7,41.5,43.6,46.6
Hdgf,3754.5,4041.0,3221.4,2727.9
Hdgfl1,0.0,0.0,0.0,0.9
Hdgfrp2,855.3,883.8,745.9,778.0
Hdgfrp3,1803.0,1750.8,3313.7,3066.5
Hdhd1a,0.0,1.1,0.0,1.9
Hdhd2,643.3,595.6,698.8,718.1
Hdhd3,31.2,20.2,20.9,20.9
Hdlbp,16679.1,15977.9,14978.4,12507.7
Hdx,0.0,2.3,24.4,4.8
Heatr1,3837.4,3642.9,3179.5,2826.8
Heatr2,198.0,237.8,311.9,321.5
Heatr3,922.0,921.9,1014.2,768.5
Heatr5a,3228.5,3241.4,5440.7,5396.9
Heatr5b,2123.6,2124.3,1596.3,1759.6
Heatr6,1416.8,1356.0,963.7,994.0
Heatr7a,10110.3,10225.4,4260.0,5369.3
Heatr7b1,110.8,85.2,124.6,126.5
Heatr7b2,0.0,0.0,1.7,5.7
Heatr8,0.0,1.1,5.2,8.6
Hebp1,1381.3,1473.8,954.1,1027.2
Hebp2,345.3,385.8,74.1,56.1
Heca,1052.1,1139.5,1320.9,1377.3
Hectd1,9592.9,9583.9,8247.3,8091.5
Hectd2,143.1,109.9,112.4,82.7
Hectd3,2330.2,2369.9,1648.6,1795.8
Hecw1,0.0,1.1,9.6,8.6
Hecw2,1.1,3.4,35.7,25.7
Heg1,38.7,43.8,97.6,52.3
Helb,1119.9,1114.9,1128.4,1219.4
Hells,173.2,232.2,230.9,188.3
Helq,161.4,124.5,142.0,154.1
Helt,0.0,2.3,1.7,2.8
Helz,759.5,794.1,1103.1,1115.7
Hemgn,4.3,2.3,7.0,5.7
Hemk1,182.9,181.7,74.1,108.4
Hemt1,0.0,0.0,0.0,0.0
Hepacam,0.0,1.1,1.7,2.8
Hepacam2,127.0,99.8,27.0,15.2
Heph,2.2,0.0,81.9,86.6
Hephl1,1.1,0.0,1.7,7.6
Herc1,6906.6,7041.2,7711.4,7879.4
Herc2,7253.0,6840.5,7207.8,7643.5
Herc3,693.9,735.8,1070.9,889.3
Herc4,2375.4,2510.1,3389.5,3330.9
Herc6,744.5,752.6,1320.9,1440.0
Herpud1,3635.1,3618.2,2031.1,1975.5
Herpud2,861.7,784.0,1053.4,1080.5
Hes1,1.1,0.0,128.9,42.8
Hes2,4.3,5.6,4.3,3.8
Hes3,0.0,2.3,3.5,5.7
Hes5,0.0,4.5,3.5,0.9
Hes6,840.2,861.4,528.9,537.4
Hes7,0.0,0.0,2.6,5.7
Hesx1,2.2,2.3,5.2,0.0
Hexa,34580.4,33855.8,28425.9,29915.8
Hexb,10158.7,10303.9,5961.7,6190.1
Hexdc,223.8,238.9,225.7,211.2
Hexim1,1332.9,1440.1,2146.1,2171.5
Hexim2,33.4,58.3,46.2,51.4
Hey1,29.1,38.1,40.1,32.3
Hey2,0.0,0.0,1.7,5.7
Heyl,0.0,2.3,6.1,2.8
Hfe,852.0,834.5,3811.3,3837.0
Hfe2,0.0,0.0,1.7,1.9
Hfm1,4.3,7.9,0.9,0.9
Hgd,0.0,2.3,0.9,0.0
Hgf,1953.7,2023.3,1087.4,1013.9
Hgfac,298.0,271.4,3.5,4.8
Hgs,2351.7,2164.6,1917.8,2347.4
Hgsnat,2098.9,2087.3,4388.1,4149.9
Hhat,35.5,46.0,90.6,74.2
Hhatl,0.0,1.1,0.0,3.8
Hhex,435.7,441.9,718.8,786.6
Hhip,6.5,2.3,2.6,9.5
Hhipl1,0.0,2.3,81.9,33.3
Hhipl2,0.0,1.1,0.0,3.8
Hhla1,0.0,0.0,0.9,0.9
Hiat1,2704.6,2836.5,2488.6,2301.8
Hiatl1,4682.9,4403.3,3216.1,2869.6
Hibadh,1841.8,1848.4,1097.0,1136.6
Hibch,107.6,150.3,352.9,221.6
Hic1,8.6,14.6,44.4,34.2
Hic2,137.7,122.3,128.1,164.5
Hif1a,7735.0,7428.2,7573.7,6205.3
Hif1an,1812.7,1958.3,1795.0,1798.6
Hif3a,0.0,2.3,11.3,6.7
Higd1a,201.2,208.6,129.8,69.4
Higd1b,1.1,1.1,0.0,1.9
Higd1c,1.1,1.1,2.6,1.9
Higd2a,947.8,973.5,753.7,776.1
Hilpda,648.7,601.2,132.4,110.3
Hils1,1.1,0.0,2.6,0.0
Hinfp,521.8,432.9,337.2,434.7
Hint1,3783.6,3618.2,2534.7,2459.7
Hint2,265.7,318.5,199.5,249.2
Hint3,303.4,274.8,163.8,161.7
Hip1,6709.7,6358.2,5030.3,5434.0
Hip1r,33.4,32.5,40.9,22.8
Hipk1,5972.8,6148.5,5665.5,6299.5
Hipk2,4884.1,4488.5,1012.5,1283.1
Hipk3,7790.9,7987.9,6634.4,6404.1
Hipk4,6.5,13.5,13.1,9.5
Hira,1162.9,1110.4,984.6,993.0
Hirip3,92.5,72.9,103.7,83.7
Hist1h1a,170.0,120.0,578.6,448.9
Hist1h1b,328.1,342.1,674.4,483.2
Hist1h1c,6018.0,5854.6,5866.8,5545.2
Hist1h1d,1108.1,1182.1,1811.5,1565.6
Hist1h1e,1938.6,1993.0,2352.6,2257.1
Hist1h1t,4.3,2.3,3.5,1.9
Hist1h2aa,0.0,0.0,0.0,0.0
Hist1h2ab,241.0,216.5,430.4,409.9
Hist1h2ac,152.8,162.6,327.6,310.1
Hist1h2ad,108.7,114.4,228.3,165.5
Hist1h2ae,109.7,148.1,249.2,207.3
Hist1h2af,97.9,118.9,226.5,193.1
Hist1h2ag,124.8,123.4,267.5,206.4
Hist1h2ah,53.8,63.9,146.4,116.0
Hist1h2ai,151.7,152.5,264.9,219.7
Hist1h2ak,122.6,157.0,345.9,360.5
Hist1h2an,79.6,79.6,129.8,100.8
Hist1h2ao,539.0,483.4,1050.0,1001.6
Hist1h2ap,489.5,441.9,958.5,897.9
Hist1h2ba,37.7,21.3,61.9,67.5
Hist1h2bb,232.4,223.2,515.0,552.6
Hist1h2bc,1142.5,1061.0,1209.4,1251.7
Hist1h2be,442.2,342.1,675.3,776.1
Hist1h2bf,152.8,97.6,215.2,269.2
Hist1h2bg,622.9,542.9,919.3,988.2
Hist1h2bh,178.6,159.3,246.6,276.8
Hist1h2bj,216.2,243.4,387.7,454.6
Hist1h2bk,165.7,191.8,343.3,385.2
Hist1h2bl,108.7,80.8,206.5,212.1
Hist1h2bm,92.5,78.5,240.5,212.1
Hist1h2bn,206.6,181.7,452.2,532.6
Hist1h2bp,31.2,28.0,74.1,90.4
Hist1h2bq,728.3,621.4,1603.3,1768.2
Hist1h2br,728.3,621.4,1603.3,1768.2
Hist1h3a,304.5,273.7,640.4,602.1
Hist1h3b,597.1,624.7,1219.9,1145.2
Hist1h3c,386.2,397.0,973.3,832.3
Hist1h3d,514.2,539.5,1196.3,1102.4
Hist1h3e,577.7,623.6,1003.8,1162.3
Hist1h3f,417.4,412.7,801.6,864.6
Hist1h3g,194.7,189.6,343.3,365.2
Hist1h3h,498.1,575.4,1139.7,1038.7
Hist1h3i,548.7,633.7,1222.5,1154.7
Hist1h4a,472.3,437.4,579.4,828.5
Hist1h4b,374.4,345.5,589.9,935.0
Hist1h4c,531.4,566.4,968.1,1453.4
Hist1h4d,1421.1,1270.8,2209.7,2744.1
Hist1h4f,560.5,505.8,739.8,1068.1
Hist1h4h,1166.2,1102.5,1682.6,2325.6
Hist1h4i,114.0,145.8,320.6,411.8
Hist1h4j,237.8,246.8,535.9,729.5
Hist1h4k,361.5,373.5,747.6,1006.3
Hist1h4m,713.3,701.0,1301.8,1659.8
Hist1h4n,1644.9,1600.5,2980.0,3798.9
Hist2h2aa1,6923.8,6684.6,8505.2,11603.2
Hist2h2aa2,6051.4,5867.0,7338.5,10112.7
Hist2h2ab,77.5,95.3,122.8,110.3
Hist2h2ac,661.6,734.6,940.2,1043.4
Hist2h2bb,536.8,610.1,1373.2,1540.9
Hist2h2be,463.7,461.0,431.3,474.6
Hist2h3b,572.3,530.5,1346.2,1302.1
Hist2h3c1,721.9,714.5,1493.5,1489.5
Hist2h3c2,684.2,675.2,1429.9,1411.5
Hist2h4,567.0,547.3,860.9,1261.2
Hist3h2a,688.5,676.3,1001.2,1152.8
Hist3h2ba,17.2,16.8,27.0,29.5
Hist3h2bb-ps,14.0,13.5,11.3,17.1
Hist4h4,735.9,602.3,1241.7,1667.4
Hivep1,1392.1,1583.7,1411.6,1495.2
Hivep2,1287.7,1434.5,1368.9,1350.6
Hivep3,139.9,133.5,133.3,147.4
Hjurp,728.3,756.0,793.8,727.6
Hk1,2898.2,2867.9,1833.3,2143.0
Hk2,10271.7,10375.7,3552.5,4176.5
Hk3,10114.6,10153.6,3236.2,3924.5
Hkdc1,0.0,0.0,1.7,2.8
Hlcs,397.0,380.2,363.3,322.4
Hlf,2.2,0.0,10.4,19.0
Hltf,1339.4,1295.4,2135.7,1936.6
Hlx,377.6,382.5,826.9,1094.8
Hmbox1,1374.9,1334.7,1410.7,1505.7
Hmbs,561.6,559.7,482.7,485.1
Hmcn1,2.2,4.5,19.2,17.1
Hmg20a,1004.8,989.2,1530.1,1736.8
Hmg20b,1294.2,1328.0,699.7,756.2
Hmga1,1193.1,1228.1,1070.9,1205.1
Hmga1-rs1,1162.9,1203.5,1039.5,1175.6
Hmga2,9.7,2.3,238.7,152.2
Hmga2-ps1,153.8,150.3,499.3,575.4
Hmgb1,1204.9,1258.4,2148.7,2140.1
Hmgb1-rs17,0.0,2.3,2.6,7.6
Hmgb2,271.1,216.5,492.3,437.5
Hmgb3,57.0,58.3,72.3,60.9
Hmgb4,0.0,0.0,0.0,4.8
Hmgcl,1737.4,1914.5,1419.4,1499.0
Hmgcll1,0.0,0.0,13.1,5.7
Hmgcr,6203.0,6535.4,2691.6,2124.9
Hmgcs1,17516.1,17607.6,7684.4,6172.0
Hmgcs2,0.0,0.0,3.5,7.6
Hmgn1,725.1,772.8,1766.2,1380.1
Hmgn2,2062.3,2042.4,793.8,636.3
Hmgn3,20.4,25.8,159.4,180.7
Hmgn5,37.7,55.0,100.2,91.3
Hmgxb3,1881.6,1692.5,1532.7,1567.5
Hmgxb4,979.0,867.0,828.6,797.1
Hmha1,8798.9,8322.1,11756.2,13671.0
Hmmr,259.3,251.2,401.7,207.3
Hmox1,6208.4,6173.2,6681.5,6999.6
Hmox2,2430.2,2440.6,3767.7,3644.8
Hmx1,0.0,0.0,0.0,0.9
Hmx2,0.0,0.0,0.9,4.8
Hmx3,0.0,0.0,2.6,3.8
Hn1,3825.5,3927.8,2584.4,2718.4
Hn1l,947.8,1043.1,1140.6,877.9
Hnf1a,14.0,24.7,12.2,12.4
Hnf1b,0.0,0.0,1.7,2.8
Hnf4a,0.0,0.0,2.6,6.7
Hnf4g,0.0,0.0,2.6,1.9
Hnmt,669.2,739.1,675.3,615.4
Hnrnpa0,2563.6,2728.8,2910.3,2724.1
Hnrnpa1,1391.0,1342.5,1620.7,1480.9
Hnrnpa2b1,8423.5,8399.5,10471.8,9728.4
Hnrnpa3,2655.1,2722.1,2993.1,2855.4
Hnrnpab,5502.7,5362.3,4586.8,3337.6
Hnrnpc,3389.8,3439.9,3291.1,3119.8
Hnrnpd,1514.7,1423.3,1758.4,1782.5
Hnrnpf,12874.1,12816.2,10730.6,9629.5
Hnrnph1,2855.2,3037.2,2809.2,2693.7
Hnrnph2,2672.3,2728.8,2748.2,2491.1
Hnrnph3,167.8,139.1,217.0,200.7
Hnrnpk,4324.7,4405.6,3997.7,3855.0
Hnrnpl,5181.0,5314.0,4846.4,4488.5
Hnrnpm,1364.1,1395.2,1356.7,1584.6
Hnrnpr,1258.7,1415.4,1420.3,1225.1
Hnrnpu,10675.1,11159.7,13182.6,11077.2
Hnrnpul1,2161.3,2172.5,2236.7,2383.6
Hnrnpul2,4270.9,4287.8,4672.1,4732.9
Hnrpdl,2264.6,2235.3,2324.7,2057.3
Hnrpll,4684.0,4711.7,2227.1,2418.8
Hoga1,20.4,18.0,20.0,22.8
Homer1,1207.0,1160.8,590.8,497.5
Homer2,6.5,2.3,25.3,17.1
Homer3,1417.9,1548.9,1069.1,979.7
Homez,306.6,315.2,267.5,236.8
Hook1,535.8,511.4,14.8,7.6
Hook2,454.0,430.7,386.0,347.2
Hook3,2887.4,2774.8,4342.8,3808.4
Hopx,501.3,531.6,27.0,14.3
Hormad1,0.0,0.0,0.9,0.0
Hormad2,0.0,1.1,2.6,0.0
Hotair,0.0,2.3,0.0,5.7
Hoxa1,6.5,6.7,44.4,42.8
Hoxa10,2.2,0.0,132.4,34.2
Hoxa11,0.0,0.0,17.4,13.3
Hoxa11as,2.2,0.0,10.4,14.3
Hoxa13,0.0,2.3,5.2,1.9
Hoxa2,2.2,2.3,3.5,9.5
Hoxa3,0.0,0.0,19.2,7.6
Hoxa4,10.8,3.4,6.1,11.4
Hoxa5,0.0,0.0,22.6,7.6
Hoxa6,0.0,0.0,6.1,3.8
Hoxa7,0.0,0.0,15.7,7.6
Hoxa9,2.2,0.0,31.4,19.0
Hoxb1,2.2,0.0,3.5,7.6
Hoxb13,0.0,0.0,1.7,0.9
Hoxb2,0.0,0.0,17.4,5.7
Hoxb3,25.8,30.3,34.0,39.9
Hoxb4,200.1,204.1,128.1,185.5
Hoxb5,2.2,0.0,0.0,5.7
Hoxb6,0.0,0.0,0.9,1.9
Hoxb7,5.4,0.0,1.7,0.0
Hoxb8,0.0,0.0,0.0,3.8
Hoxb9,0.0,0.0,3.5,0.9
Hoxc10,0.0,0.0,122.8,58.0
Hoxc11,0.0,0.0,7.8,0.0
Hoxc12,0.0,0.0,1.7,0.0
Hoxc13,1.1,0.0,13.9,8.6
Hoxc4,0.0,0.0,12.2,4.8
Hoxc5,0.0,0.0,11.3,5.7
Hoxc6,0.0,0.0,29.6,12.4
Hoxc8,0.0,0.0,23.5,8.6
Hoxc9,0.0,0.0,30.5,10.5
Hoxd1,0.0,0.0,2.6,0.0
Hoxd10,0.0,2.3,0.0,0.0
Hoxd11,0.0,2.3,0.0,1.9
Hoxd12,0.0,0.0,0.0,5.7
Hoxd13,0.0,0.0,1.7,0.0
Hoxd3,0.0,0.0,0.0,0.0
Hoxd4,0.0,0.0,1.7,0.0
Hoxd8,0.0,0.0,6.1,3.8
Hoxd9,0.0,0.0,1.7,6.7
Hp,1466.3,1544.4,257.0,205.4
Hp1bp3,5375.8,5375.7,5249.0,5378.8
Hpca,2.2,0.0,4.3,1.9
Hpcal1,2145.1,2275.7,1757.5,2135.3
Hpcal4,0.0,0.0,5.2,3.8
Hpd,1.1,0.0,0.0,2.8
Hpdl,18.3,11.2,6.1,3.8
Hpgd,14.0,18.0,494.9,249.2
Hpgds,1403.9,1391.9,6044.5,6171.1
Hpn,46.3,24.7,68.0,92.3
Hprt,2794.9,2590.8,4060.5,3744.7
Hps1,1103.8,1167.6,998.6,1227.9
Hps3,1851.5,1754.2,2546.9,2557.7
Hps4,670.2,686.4,753.7,777.1
Hps5,1303.9,1382.9,1564.9,1618.9
Hps6,542.2,610.1,436.5,439.4
Hpse,6135.3,6242.7,4348.0,4200.3
Hpse2,0.0,0.0,0.9,2.8
Hpx,2.2,0.0,6.1,0.9
Hr,176.4,163.8,7.8,4.8
Hras1,914.4,825.5,677.9,737.1
Hrasls,0.0,0.0,3.5,1.9
Hrasls5,0.0,0.0,0.9,1.9
Hrc,6.5,6.7,2.6,7.6
Hrct1,0.0,0.0,12.2,2.8
Hrg,1.1,0.0,0.9,1.9
Hrh1,65.6,28.0,72.3,45.7
Hrh2,23.7,15.7,25.3,39.0
Hrh3,0.0,0.0,0.9,0.0
Hrh4,4.3,5.6,0.0,4.8
Hrk,0.0,2.3,1.7,8.6
Hrnr,0.0,6.7,53.1,119.8
Hrsp12,304.5,288.3,274.5,258.7
Hs1bp3,1611.5,1473.8,1539.7,1542.8
Hs2st1,1326.5,1304.4,2399.7,1991.7
Hs3st1,0.0,0.0,10.4,20.9
Hs3st2,2.2,0.0,2.6,4.8
Hs3st3a1,18.3,20.2,1.7,15.2
Hs3st3b1,506.7,483.4,18.3,19.0
Hs3st4,0.0,0.0,0.0,0.0
Hs3st5,0.0,0.0,0.0,4.8
Hs3st6,4.3,2.3,7.0,4.8
Hs6st1,1395.3,1354.9,1619.8,1596.0
Hs6st2,0.0,0.0,122.8,23.8
Hs6st3,0.0,0.0,0.0,0.0
Hsbp1,2706.7,2792.7,2287.3,2272.3
Hsbp1l1,3.2,6.7,0.9,5.7
Hscb,415.3,409.4,504.5,649.6
Hsd11b1,58.1,59.5,27.0,30.4
Hsd11b2,58.1,79.6,35.7,47.6
Hsd17b1,24.7,32.5,14.8,6.7
Hsd17b10,509.9,517.1,338.1,403.3
Hsd17b11,5036.9,4767.8,3662.3,3827.4
Hsd17b12,3454.4,3499.3,2895.5,2584.3
Hsd17b13,0.0,0.0,0.0,0.0
Hsd17b14,37.7,28.0,6.1,10.5
Hsd17b2,1.1,0.0,0.0,3.8
Hsd17b3,0.0,2.3,0.0,0.0
Hsd17b4,1336.1,1304.4,1922.2,2014.5
Hsd17b6,3.2,1.1,0.0,0.9
Hsd17b7,983.3,881.6,516.7,332.9
Hsd3b1,2.2,0.0,0.0,0.0
Hsd3b2,0.0,0.0,1.7,3.8
Hsd3b3,0.0,0.0,0.0,3.8
Hsd3b4,0.0,4.5,4.3,9.5
Hsd3b5,0.0,0.0,0.0,0.0
Hsd3b6,0.0,0.0,3.5,3.8
Hsd3b7,2129.0,2198.3,1179.8,1165.2
Hsdl1,1681.5,1704.8,1493.5,1494.3
Hsdl2,923.0,924.2,599.5,624.9
Hsf1,392.7,419.5,302.3,429.9
Hsf2,682.1,661.7,614.3,557.4
Hsf2bp,4.3,0.0,0.0,7.6
Hsf3,1.1,2.3,21.8,26.6
Hsf4,79.6,97.6,51.4,66.6
Hsf5,6.5,2.3,5.2,11.4
Hsfy2,0.0,0.0,0.0,0.0
Hsh2d,4.3,6.7,2.6,3.8
Hsp90aa1,3243.5,3155.0,2967.8,2123.0
Hsp90ab1,17687.2,17735.5,18984.0,18489.5
Hsp90b1,44158.2,45117.6,19160.0,18243.2
Hspa12a,36.6,30.3,20.9,24.7
Hspa12b,12.9,12.3,32.2,36.1
Hspa13,1990.2,2059.2,1542.3,1306.9
Hspa14,1050.0,1045.3,1050.8,1071.9
Hspa1a,76.4,56.1,172.5,168.4
Hspa1b,61.3,47.1,236.1,187.4
Hspa1l,79.6,51.6,43.6,29.5
Hspa2,211.9,212.0,269.2,315.8
Hspa4,5318.7,5503.6,5056.4,4187.9
Hspa4l,1342.6,1412.1,771.1,643.9
Hspa5,61112.7,60864.5,24029.1,23953.9
Hspa8,23151.1,22061.4,19872.8,21429.5
Hspa9,6647.3,6487.2,4057.8,3036.1
Hspb1,2.2,0.0,199.5,79.9
Hspb11,75.3,57.2,113.3,140.8
Hspb2,6.5,6.7,8.7,5.7
Hspb3,0.0,0.0,1.7,0.0
Hspb6,111.9,112.2,173.4,153.1
Hspb7,0.0,0.0,55.8,32.3
Hspb8,0.0,0.0,30.5,8.6
Hspb9,10.8,10.1,26.1,29.5
Hspbap1,463.7,486.8,174.3,198.8
Hspbp1,487.3,471.1,459.2,414.7
Hspd1,1931.1,1942.6,1442.1,1150.9
Hspe1,662.7,686.4,463.5,384.3
Hspg2,0.0,2.3,420.8,205.4
Hsph1,1434.0,1314.5,841.7,756.2
Htatip2,1764.3,1707.0,1153.7,1012.0
Htatsf1,558.3,684.2,678.8,553.6
Htr1a,0.0,0.0,1.7,8.6
Htr1b,0.0,0.0,20.9,6.7
Htr1d,2.2,1.1,1.7,1.9
Htr1f,2.2,2.3,1.7,0.0
Htr2a,188.3,185.1,55.8,25.7
Htr2b,146.3,149.2,95.0,125.5
Htr2c,0.0,0.0,0.0,1.9
Htr3a,0.0,0.0,1.7,0.0
Htr3b,0.0,0.0,0.9,1.9
Htr4,0.0,0.0,3.5,3.8
Htr5a,0.0,2.3,0.9,7.6
Htr5b,1.1,2.3,7.0,7.6
Htr6,0.0,0.0,2.6,2.8
Htr7,4.3,9.0,3.5,1.9
Htra1,61.3,55.0,156.0,46.6
Htra2,955.3,1112.6,1259.1,1462.9
Htra3,458.3,494.6,64.5,37.1
Htra4,137.7,136.8,28.7,19.0
Htt,6514.0,6492.8,5895.5,6197.7
Hunk,3.2,2.3,26.1,8.6
Hus1,465.8,461.0,417.4,422.3
Hus1b,31.2,26.9,32.2,31.4
Huwe1,9241.1,8831.3,9301.6,8626.0
Hvcn1,18981.3,17618.8,3235.3,3311.9
Hyal1,142.0,185.1,116.7,122.7
Hyal2,225.9,265.8,234.4,243.5
Hyal3,10.8,11.2,12.2,10.5
Hyal4,0.0,2.3,0.9,2.8
Hyal5,0.0,1.1,5.2,9.5
Hyal6,0.0,0.0,3.5,3.8
Hydin,0.0,10.1,7.8,15.2
Hyi,500.3,523.8,520.2,514.6
Hyls1,232.4,231.1,196.9,185.5
Hyou1,13217.2,13162.8,4440.4,4702.5
I730028E13Rik,0.0,2.3,4.3,3.8
I730030J21Rik,6.5,6.7,9.6,2.8
I830012O16Rik,6.5,13.5,1248.6,1285.0
I830077J02Rik,142.0,122.3,176.0,136.0
Iah1,1703.0,1718.3,690.1,739.0
Iapp,0.0,0.0,0.0,0.0
Iars,2817.5,2735.5,2527.8,1997.4
Iars2,3166.1,3220.0,2056.4,1917.5
Ibsp,0.0,0.0,846.1,227.3
Ibtk,2246.3,2434.9,1552.7,1377.3
Ica1,567.0,520.4,24.4,31.4
Ica1l,44.1,35.9,87.1,94.2
Icam1,1983.8,1954.9,1882.1,2083.0
Icam2,130.2,108.8,40.9,84.6
Icam4,10.8,22.4,5.2,13.3
Icam5,7.5,12.3,24.4,36.1
Ick,394.8,289.4,377.3,386.2
Icmt,1402.8,1489.5,1200.7,1261.2
Icos,9.7,2.3,28.7,33.3
Icosl,469.1,422.8,928.8,1056.7
Ict1,522.8,502.5,398.2,416.6
Id1,61.3,65.1,164.7,86.6
Id2,6818.4,6519.7,1809.8,1696.9
Id3,0.0,2.3,1725.3,1564.6
Id4,0.0,0.0,49.7,10.5
Ide,1900.9,1932.5,1910.8,1725.4
Idh1,12811.7,12932.9,11613.3,12489.6
Idh2,1961.2,2006.5,1860.3,1888.0
Idh3a,1230.7,1276.4,1001.2,722.9
Idh3b,3964.3,3747.2,2741.2,2937.2
Idh3g,2581.9,2387.8,2282.9,2745.0
Idi1,2410.9,2625.6,1120.5,894.1
Idi2,1.1,6.7,2.6,6.7
Ido1,14.0,7.9,0.0,0.0
Ido2,8.6,5.6,1.7,7.6
Ids,1839.6,1861.8,4083.1,4059.5
Idua,1693.3,1699.2,1663.4,2037.4
Ier2,113.0,141.3,111.5,159.8
Ier3,885.4,1009.4,1333.1,1132.8
Ier3ip1,1405.0,1395.2,1123.2,931.2
Ier5,1953.7,2175.9,2440.6,2245.7
Ier5l,103.3,112.2,214.3,255.9
Iffo1,547.6,532.8,726.7,839.9
Iffo2,244.2,262.5,495.8,487.0
Ifi202b,0.0,1.1,6.1,2.8
Ifi203,940.3,896.1,2560.0,2879.1
Ifi204,1122.1,1056.5,5659.4,6136.9
Ifi205,85.0,117.8,1002.9,1174.7
Ifi27l1,1277.0,1282.0,1219.0,1362.1
Ifi27l2a,596.0,492.4,2423.2,4234.5
Ifi27l2b,0.0,0.0,13.1,51.4
Ifi30,5216.5,5254.6,2729.9,2898.2
Ifi35,575.6,549.6,724.9,829.4
Ifi44,18.3,22.4,525.4,1173.7
Ifi47,333.5,310.7,1667.7,1744.4
Ifih1,1334.0,1390.8,2354.4,2790.7
Ifit1,127.0,107.7,1458.6,1602.7
Ifit2,111.9,127.9,2502.5,2606.2
Ifit3,50.6,63.9,3364.3,3610.6
Ifitm1,478.7,390.3,107.2,129.4
Ifitm2,1701.9,1471.5,6292.0,7130.8
Ifitm3,4220.4,3880.7,6382.6,8991.3
Ifitm5,6.5,10.1,17.4,24.7
Ifitm6,165.7,121.1,95.8,153.1
Ifitm7,9.7,7.9,15.7,19.0
Ifltd1,0.0,0.0,0.0,3.8
Ifna1,2.2,0.0,0.0,0.9
Ifna11,0.0,0.0,0.0,0.9
Ifna12,0.0,0.0,0.0,0.0
Ifna13,5.4,0.0,0.0,0.9
Ifna14,0.0,0.0,0.9,0.0
Ifna2,0.0,0.0,0.0,4.8
Ifna4,0.0,0.0,0.0,0.0
Ifna5,0.0,1.1,0.0,1.9
Ifna6,0.0,0.0,0.0,0.0
Ifna7,0.0,0.0,0.0,0.9
Ifna9,0.0,0.0,0.0,0.0
Ifnab,2.2,2.3,0.0,0.0
Ifnar1,5186.4,5049.3,9816.6,9859.7
Ifnar2,3166.1,3206.6,5060.8,5528.1
Ifnb1,0.0,0.0,0.0,3.8
Ifne,0.0,0.0,0.0,0.0
Ifng,0.0,0.0,0.0,1.9
Ifngr1,2914.3,2894.8,6922.8,6688.5
Ifngr2,6009.4,5920.8,4611.1,4474.2
Ifnk,12.9,7.9,7.8,17.1
Ifnz,2.2,4.5,0.9,2.8
Ifrd1,2548.6,2520.2,1015.1,766.6
Ifrd2,260.3,305.1,257.0,201.6
Ift122,460.4,440.8,479.2,544.1
Ift140,953.2,996.0,1071.7,954.0
Ift172,958.5,901.8,1074.4,1213.7
Ift20,476.6,512.6,305.8,333.9
Ift27,195.8,204.1,262.3,218.8
Ift46,658.4,650.5,772.9,689.6
Ift52,1108.1,1058.8,1302.7,1279.3
Ift57,508.9,513.7,404.3,350.0
Ift74,219.5,260.2,416.5,369.0
Ift80,224.8,255.7,311.1,255.9
Ift81,16.1,7.9,122.0,73.2
Ift88,242.1,205.3,266.6,235.9
Igbp1,1903.1,1947.1,2105.2,2179.1
Igbp1b,0.0,0.0,0.9,1.9
Igdcc3,0.0,0.0,1.7,6.7
Igdcc4,4.3,6.7,110.6,51.4
Igf1,24301.2,23327.6,31526.1,32584.7
Igf1r,635.8,578.7,1589.3,1298.3
Igf2,0.0,0.0,8.7,7.6
Igf2as,0.0,0.0,1.7,8.6
Igf2bp1,16.1,33.7,8.7,7.6
Igf2bp2,281.9,235.5,83.6,110.3
Igf2bp3,127.0,126.7,136.8,137.0
Igf2r,11028.0,11126.0,3478.4,3635.3
Igfals,9.7,5.6,11.3,7.6
Igfbp1,0.0,0.0,0.9,1.9
Igfbp2,0.0,0.0,24.4,11.4
Igfbp3,0.0,0.0,2.6,7.6
Igfbp4,556.2,536.1,15978.7,17411.9
Igfbp5,2.2,2.3,291.0,68.5
Igfbp6,6.5,9.0,20.9,10.5
Igfbp7,21.5,21.3,1997.1,771.4
Igfbpl1,0.0,0.0,0.0,2.8
Igfl3,0.0,0.0,0.9,0.0
Igfn1,0.0,1.1,3.5,15.2
Ighmbp2,247.4,217.6,223.9,315.8
Igj,1.1,0.0,161.2,24.7
Igll1,0.0,0.0,1.7,0.9
Iglon5,9.7,7.9,2.6,11.4
Igsf1,0.0,0.0,1.7,0.9
Igsf10,26.9,31.4,159.4,59.9
Igsf11,0.0,2.3,4.3,5.7
Igsf21,1.1,2.3,0.9,0.0
Igsf3,51.6,41.5,148.1,55.2
Igsf5,0.0,0.0,0.0,0.9
Igsf6,6680.7,6178.8,4234.7,4567.4
Igsf8,2635.7,2714.2,2407.5,2600.5
Igsf9,67.8,112.2,42.7,40.9
Igsf9b,0.0,0.0,2.6,7.6
Igtp,358.2,321.9,896.6,963.5
Ihh,2.2,4.5,2.6,13.3
Iigp1,6.5,20.2,463.5,816.1
Ik,2716.4,2845.4,2946.0,3303.4
Ikbip,449.7,496.9,715.4,501.3
Ikbkap,2037.6,2111.9,1798.4,1787.2
Ikbkb,1395.3,1367.2,1431.6,1425.8
Ikbke,1459.9,1502.9,2240.2,2500.6
Ikbkg,3086.5,3156.1,3058.4,2847.8
Ikzf1,2415.2,2376.6,3931.5,4370.6
Ikzf2,418.5,502.5,475.7,334.8
Ikzf3,4.3,5.6,23.5,8.6
Ikzf4,16.1,10.1,5.2,15.2
Ikzf5,861.7,852.4,1041.2,914.1
Il10,0.0,0.0,245.7,237.8
Il10ra,3600.7,3806.6,7552.8,8331.2
Il10rb,6514.0,5963.4,7635.6,7530.3
Il11,2.2,0.0,5.2,4.8
Il11ra1,4594.7,4873.2,544.6,444.2
Il11ra2,2843.3,3291.8,354.6,284.4
Il12a,1.1,0.0,10.4,6.7
Il12b,23.7,5.6,8.7,15.2
Il12rb1,60.3,53.8,73.2,45.7
Il12rb2,569.1,487.9,122.8,185.5
Il13,0.0,0.0,0.9,1.9
Il13ra1,2810.0,2599.8,1043.9,764.7
Il13ra2,0.0,0.0,0.0,0.0
Il15,272.2,261.3,660.5,656.3
Il15ra,129.1,87.5,94.1,105.6
Il16,1076.9,1124.9,2478.1,3056.1
Il17a,0.0,0.0,0.0,0.0
Il17b,0.0,0.0,0.0,4.8
Il17c,20.4,21.3,29.6,21.9
Il17d,8.6,0.0,6.1,3.8
Il17f,0.0,0.0,0.0,0.0
Il17ra,1861.1,1943.7,1915.2,2219.0
Il17rb,19.4,21.3,44.4,59.9
Il17rc,38.7,37.0,127.2,46.6
Il17rd,2.2,5.6,47.9,34.2
Il17re,0.0,0.0,3.5,4.8
Il18,52.7,38.1,139.4,168.4
Il18bp,441.1,428.5,476.6,608.7
Il18r1,68.9,41.5,11.3,11.4
Il18rap,46.3,53.8,67.1,46.6
Il19,0.0,0.0,0.9,1.9
Il1a,1854.7,1643.1,18.3,15.2
Il1b,74.2,99.8,164.7,137.0
Il1f10,0.0,0.0,0.0,0.9
Il1f5,0.0,2.3,0.9,3.8
Il1f6,0.0,0.0,0.0,0.0
Il1f8,0.0,0.0,0.0,4.8
Il1f9,314.1,367.9,27.0,36.1
Il1r1,245.3,255.7,146.4,59.0
Il1r2,67.8,88.6,18.3,19.0
Il1rap,830.5,864.7,450.5,440.4
Il1rapl1,0.0,0.0,0.0,0.0
Il1rapl2,2.2,2.3,1.7,1.9
Il1rl1,97.9,55.0,201.3,164.5
Il1rl2,1226.4,1210.2,26.1,20.0
Il1rn,7607.0,7350.8,1030.8,556.4
Il2,0.0,0.0,0.0,1.9
Il20,0.0,0.0,0.0,0.0
Il20ra,0.0,0.0,7.0,4.8
Il20rb,95.8,109.9,32.2,32.3
Il21,0.0,0.0,0.9,1.9
Il21r,946.7,888.3,2150.5,2190.5
Il22,0.0,3.4,0.0,0.0
Il22ra1,15.1,2.3,2.6,2.8
Il22ra2,0.0,0.0,0.0,0.0
Il23a,0.0,1.1,0.0,4.8
Il23r,2.2,4.5,0.9,0.0
Il24,2.2,2.3,0.0,0.0
Il25,0.0,0.0,0.0,1.9
Il27,12.9,23.6,12.2,30.4
Il27ra,45.2,38.1,26.1,20.9
Il28a,2.2,0.0,0.0,0.0
Il28b,0.0,0.0,0.0,0.0
Il28ra,110.8,95.3,13.1,26.6
Il2ra,176.4,176.1,13.1,20.0
Il2rb,1.1,0.0,8.7,9.5
Il2rg,4420.5,4305.7,1122.3,1505.7
Il3,0.0,0.0,0.0,0.0
Il31,0.0,0.0,1.7,0.0
Il31ra,5.4,3.4,0.9,11.4
Il33,10.8,15.7,1.7,1.9
Il34,3.2,0.0,16.5,11.4
Il3ra,703.6,624.7,385.1,521.2
Il4,2.2,3.4,1.7,1.9
Il4i1,208.7,198.5,134.2,154.1
Il4ra,4205.3,3972.6,6871.4,7050.0
Il5,0.0,0.0,1.7,5.7
Il5ra,0.0,0.0,7.0,6.7
Il6,5.4,4.5,3.5,1.9
Il6ra,1278.1,1274.1,3300.6,3726.6
Il6st,2779.9,2869.0,3452.3,3619.1
Il7,33.4,35.9,29.6,15.2
Il7r,23285.6,23470.1,2746.5,2908.6
Il9,0.0,0.0,0.9,0.9
Il9r,4.3,5.6,7.0,8.6
Ildr1,0.0,4.5,7.8,8.6
Ildr2,0.0,2.3,16.5,9.5
Ilf2,678.8,690.9,683.1,554.5
Ilf3,1363.0,1303.3,1241.7,1150.9
Ilk,3099.4,2882.5,3244.9,3405.1
Ilkap,571.3,585.5,585.5,523.1
Iltifb,0.0,1.1,0.0,1.9
Ilvbl,1103.8,1094.7,900.1,1031.0
Immp1l,43.0,28.0,61.0,40.9
Immp2l,29.1,19.1,48.8,37.1
Immt,2323.7,2432.7,1808.9,1545.6
Imp3,1071.5,1018.4,787.7,756.2
Imp4,975.8,873.7,826.9,769.5
Impa1,2164.5,2186.0,1169.3,1277.4
Impa2,545.4,545.1,205.6,234.0
Impact,4311.8,4135.3,2694.2,2479.7
Impad1,2259.2,2294.7,1971.0,1597.0
Impdh1,526.1,496.9,555.0,449.9
Impdh2,127.0,131.2,132.4,168.4
Impg1,0.0,2.3,0.9,0.0
Impg2,28.0,7.9,17.4,22.8
Ina,0.0,2.3,1.7,10.5
Inadl,3.2,5.6,40.9,57.1
Inca1,32.3,29.2,46.2,32.3
Incenp,432.5,406.0,474.0,507.0
Inf2,778.9,761.6,486.2,362.4
Ing1,733.7,821.0,804.2,845.6
Ing2,245.3,316.3,354.6,370.9
Ing3,593.8,561.9,657.0,746.7
Ing4,1566.4,1645.4,1521.4,1732.1
Ing5,1029.5,1033.0,966.3,919.8
Inha,0.0,0.0,7.0,0.0
Inhba,931.6,957.8,535.0,215.9
Inhbb,5.4,2.3,537.6,192.1
Inhbc,0.0,0.0,0.0,5.7
Inhbe,0.0,0.0,3.5,3.8
Inmt,0.0,0.0,0.0,0.0
Ino80,1255.5,1151.9,1171.1,1058.6
Ino80b,346.4,288.3,434.8,468.0
Ino80c,1362.0,1216.9,806.9,857.0
Ino80d,3291.9,3112.4,3700.6,3608.7
Ino80e,494.9,428.5,515.8,494.6
Inpp1,147.4,155.9,269.2,317.7
Inpp4a,2509.8,2550.5,2428.4,2653.7
Inpp4b,32.3,21.3,190.8,229.2
Inpp5a,504.6,539.5,571.6,443.2
Inpp5b,2038.6,2169.1,1349.7,1241.3
Inpp5d,5882.5,6019.5,11683.0,13032.7
Inpp5e,1350.1,1408.7,1342.7,1279.3
Inpp5f,1821.3,1735.1,1646.8,1374.4
Inpp5j,30.1,5.6,7.0,15.2
Inpp5k,1848.2,1827.1,2553.0,2717.4
Inppl1,1724.5,1684.6,3691.0,4151.8
Ins1,0.0,0.0,0.0,5.7
Ins2,0.0,1.1,1.7,1.9
Insc,0.0,2.3,34.8,12.4
Insig1,6436.5,6380.6,3393.0,3225.4
Insig2,1168.3,1122.7,901.0,888.4
Insl3,6.5,2.3,36.6,35.2
Insl5,0.0,0.0,0.0,0.9
Insl6,106.5,106.6,7.0,5.7
Insm1,1.1,0.0,2.6,3.8
Insm2,6.5,6.7,7.8,11.4
Insr,4235.4,3977.1,3874.0,3971.1
Insrr,0.0,0.0,3.5,16.2
Ints1,905.8,864.7,892.2,1117.6
Ints10,674.5,677.4,657.9,702.9
Ints12,1537.3,1509.6,1418.5,1364.0
Ints2,1209.2,1043.1,1177.2,934.0
Ints3,1499.7,1562.4,1117.1,1278.3
Ints4,1130.7,1158.6,1154.5,1143.3
Ints5,455.1,449.8,478.4,520.3
Ints6,1144.7,1150.7,1153.7,1143.3
Ints7,830.5,872.6,701.4,752.4
Ints8,585.2,561.9,582.0,515.5
Ints9,760.6,790.7,745.0,808.5
Intu,317.4,258.0,232.6,224.5
Invs,503.5,549.6,671.8,616.3
Ip6k1,3838.4,3880.7,5865.9,6424.1
Ip6k2,438.9,438.5,478.4,477.5
Ip6k3,1.1,2.3,0.0,4.8
Ipcef1,73.2,84.1,81.0,95.1
Ipmk,2646.5,2650.3,1483.0,1586.5
Ipo11,920.9,928.7,1121.4,914.1
Ipo13,1180.2,1061.0,1522.2,1739.7
Ipo4,1440.5,1596.0,1383.7,1344.9
Ipo5,8461.1,8031.6,4693.9,3897.8
Ipo7,3956.8,4053.4,3569.0,3030.4
Ipo8,1781.5,1817.0,2217.6,2333.2
Ipo9,3000.4,2881.3,2524.3,2336.0
Ipp,258.2,236.7,271.8,213.1
Ippk,392.7,403.8,295.4,274.9
Ipw,0.0,0.0,0.0,1.9
Iqca,0.0,0.0,1.7,2.8
Iqcb1,99.0,102.1,175.1,159.8
Iqcc,381.9,354.4,331.1,273.0
Iqcd,19.4,26.9,16.5,7.6
Iqce,365.8,351.1,463.5,510.8
Iqcf1,0.0,2.3,0.0,0.9
Iqcf3,0.0,0.0,1.7,0.9
Iqcf4,0.0,0.0,0.0,0.0
Iqcf5,0.0,0.0,0.0,0.0
Iqcf6,0.0,0.0,0.0,0.9
Iqcg,387.3,394.8,656.1,615.4
Iqch,2.2,2.3,7.8,12.4
Iqcj,0.0,0.0,0.9,0.0
Iqcj-schip1,30.1,14.6,101.9,21.9
Iqck,72.1,43.8,25.3,15.2
Iqgap1,74128.8,73955.5,37417.3,40195.9
Iqgap2,3645.9,3593.5,6370.4,6742.7
Iqgap3,393.7,366.8,426.1,340.5
Iqsec1,6118.1,5998.2,1487.4,1799.6
Iqsec2,104.4,111.0,250.9,298.7
Iqsec3,7.5,11.2,3.5,6.7
Iqub,0.0,0.0,1.7,0.9
Irak1,3416.7,3295.2,2628.0,2719.4
Irak1bp1,71.0,59.5,73.2,59.9
Irak2,4869.1,4774.5,1739.2,2096.3
Irak3,899.4,819.9,1260.0,1278.3
Irak4,300.2,293.9,819.9,942.6
Ireb2,3570.6,3635.0,3744.2,3305.3
Irf1,1098.4,1146.3,3162.1,3778.0
Irf2,712.2,641.6,1009.9,1265.0
Irf2bp1,335.7,318.5,431.3,533.6
Irf2bp2,8216.9,8248.1,12401.0,13030.8
Irf3,1017.7,1080.1,1021.2,1080.5
Irf4,3020.8,3139.3,883.5,1013.9
Irf5,3414.6,3210.0,5586.2,5963.7
Irf6,49.5,40.4,55.8,59.9
Irf7,220.5,166.0,4305.3,5663.2
Irf8,3671.7,3529.6,5148.8,6140.7
Irf9,1215.7,1176.5,2263.7,2527.2
Irg1,3588.9,3405.1,144.6,218.8
Irgc1,130.2,149.2,3.5,13.3
Irgm1,1267.3,1248.3,2646.3,2766.0
Irgm2,363.6,284.9,1282.6,1513.3
Irgq,1471.7,1436.7,1111.0,1113.8
Irs1,6.5,11.2,699.7,217.8
Irs2,790.7,693.1,516.7,491.7
Irs3,31.2,18.0,15.7,25.7
Irs4,0.0,0.0,0.0,0.9
Irx1,2.2,0.0,1.7,0.0
Irx2,0.0,0.0,14.8,5.7
Irx3,0.0,1.1,215.2,65.6
Irx4,0.0,0.0,0.9,4.8
Irx5,0.0,0.0,60.1,27.6
Irx6,0.0,0.0,3.5,5.7
Isca1,1024.2,963.4,1003.8,863.6
Isca2,438.9,443.0,306.7,322.4
Iscu,1171.5,1040.8,798.1,717.2
Isg15,64.6,79.6,514.1,701.9
Isg20,52.7,56.1,128.1,154.1
Isg20l2,1274.8,1184.4,1314.0,1084.3
Isl1,0.0,0.0,1.7,3.8
Isl2,0.0,0.0,0.9,3.8
Islr,2.2,0.0,180.4,62.8
Islr2,2.2,0.0,5.2,14.3
Ism1,2.2,0.0,18.3,2.8
Isoc1,1879.4,1753.0,1202.4,1288.8
Isoc2a,720.8,761.6,486.2,503.2
Isoc2b,130.2,132.4,169.0,151.2
Ispd,111.9,132.4,60.1,56.1
Isx,0.0,0.0,0.0,2.8
Isy1,536.8,568.6,596.0,619.2
Isyna1,3425.3,3068.6,1122.3,1448.6
Itch,2002.1,2128.8,1958.8,1875.7
Itfg1,2413.0,2243.2,1734.0,1588.4
Itfg2,55.9,71.8,80.2,92.3
Itfg3,3361.9,3556.5,4201.6,4881.3
Itga1,677.8,651.6,153.3,62.8
Itga10,25.8,12.3,76.7,40.9
Itga11,7.5,3.4,1037.8,367.1
Itga2,4.3,6.7,15.7,20.0
Itga2b,91.4,52.7,448.7,236.8
Itga3,7.5,4.5,111.5,38.0
Itga4,2968.1,2801.7,8722.2,9695.1
Itga5,4033.2,4005.1,2822.3,2168.6
Itga6,2589.4,2359.8,12219.7,13373.3
Itga7,2.2,2.3,40.1,17.1
Itga8,4.3,0.0,112.4,94.2
Itga9,6.5,13.5,1637.2,1671.2
Itgad,4605.5,4772.3,97.6,91.3
Itgae,52.7,43.8,24.4,17.1
Itgal,3787.9,3900.8,2938.2,3250.1
Itgam,46867.1,44643.1,38945.6,40331.9
Itgav,2132.2,2152.3,7585.1,7134.6
Itgax,56258.8,56041.7,921.0,775.2
Itgb1,28347.2,28461.1,22949.5,18753.9
Itgb1bp1,1289.9,1251.7,657.9,627.8
Itgb1bp2,7.5,7.9,15.7,11.4
Itgb1bp3,0.0,1.1,0.0,0.9
Itgb2,82619.0,82101.5,12822.7,13982.0
Itgb2l,0.0,0.0,29.6,41.8
Itgb3,1833.2,1809.1,929.7,585.9
Itgb3bp,24.7,26.9,82.8,39.9
Itgb4,10.8,20.2,14.8,24.7
Itgb5,9234.6,9251.9,11283.0,12407.8
Itgb6,2.2,2.3,5.2,11.4
Itgb7,1052.1,991.5,328.5,466.1
Itgb8,0.0,0.0,6.1,7.6
Itgbl1,0.0,0.0,10.4,2.8
Itih1,0.0,0.0,0.9,2.8
Itih2,7.5,5.6,109.8,41.8
Itih3,0.0,0.0,0.9,3.8
Itih4,0.0,0.0,1.7,4.8
Itih5,2.2,6.7,32.2,29.5
Itk,2.2,7.9,4.3,4.8
Itln1,0.0,0.0,0.0,4.8
Itm2a,18.3,14.6,116.7,65.6
Itm2b,40314.4,40199.5,92732.1,98687.2
Itm2c,8568.7,8158.3,7436.9,8322.6
Itpa,318.4,242.3,249.2,200.7
Itpk1,1018.8,941.0,774.6,844.6
Itpka,34.4,33.7,5.2,11.4
Itpkb,1085.5,1038.6,1916.9,2317.0
Itpkc,205.5,268.1,432.2,438.5
Itpr1,1016.6,1159.7,1345.3,1272.6
Itpr2,3479.1,3508.3,3509.8,3978.7
Itpr3,349.6,361.2,601.2,820.8
Itprip,351.8,273.7,412.1,366.2
Itpripl1,840.2,886.1,1769.7,1655.0
Itpripl2,7093.8,7072.7,4291.4,4304.0
Itsn1,701.4,620.2,4386.3,4207.9
Itsn2,6129.9,5840.0,5780.5,5807.8
Ivd,2791.7,2885.8,876.6,918.8
Ivl,5.4,1.1,3.5,5.7
Ivns1abp,14890.1,15152.5,7397.7,6667.6
Iws1,2125.8,2046.9,2454.6,2318.9
Iyd,0.0,0.0,0.9,1.9
Izumo1,1.1,0.0,0.0,0.9
Izumo2,0.0,0.0,0.0,0.0
Izumo3,0.0,0.0,0.9,0.9
Izumo4,97.9,70.7,92.4,98.9
Jag1,416.3,410.5,284.0,259.7
Jag2,2.2,5.6,51.4,59.9
Jagn1,660.5,642.7,516.7,462.3
Jak1,10774.1,11207.9,11368.4,10720.5
Jak2,4093.4,3822.3,2548.7,2501.5
Jak3,323.8,249.0,635.2,711.5
Jakmip1,1.1,0.0,4.3,14.3
Jakmip2,0.0,0.0,2.6,2.8
Jakmip3,0.0,0.0,0.9,8.6
Jam2,46.3,85.2,109.8,83.7
Jam3,4.3,7.9,107.2,25.7
Jarid2,1448.0,1422.2,2967.8,3055.1
Jazf1,152.8,145.8,69.7,53.3
Jdp2,213.0,160.4,323.3,287.2
Jhdm1d,5776.0,5855.7,6518.5,6008.5
Jkamp,866.0,847.9,557.7,642.0
Jmjd1c,3787.9,3663.1,5715.1,5805.9
Jmjd4,522.8,565.3,350.3,351.9
Jmjd5,96.8,90.9,66.2,89.4
Jmjd6,522.8,478.9,345.0,319.6
Jmjd7,97.9,96.5,71.4,74.2
Jmjd8,1900.9,1797.9,1385.4,1455.3
Jmy,1093.0,1101.4,1628.5,1521.8
Josd1,1140.3,1257.3,1075.2,1065.3
Josd2,460.4,453.1,423.5,491.7
Jph1,6.5,2.3,42.7,21.9
Jph2,0.0,0.0,190.8,73.2
Jph3,93.6,85.2,65.3,84.6
Jph4,0.0,3.4,6.1,0.9
Jrk,111.9,130.1,190.8,188.3
Jrkl,494.9,526.0,617.8,587.8
Jsrp1,2.2,2.3,1.7,0.0
Jtb,1557.8,1436.7,853.0,717.2
Jub,35.5,25.8,409.5,187.4
Jun,7742.5,7491.0,3037.5,3315.7
Junb,2553.9,2417.0,2946.9,3225.4
Jund,3517.9,3457.8,2161.8,2064.0
Jup,869.2,843.4,158.6,127.5
Kalrn,16.1,14.6,195.2,99.9
Kank1,4.3,6.7,108.9,39.0
Kank2,46.3,31.4,924.5,828.5
Kank3,444.3,435.2,351.1,389.0
Kank4,0.0,1.1,2.6,6.7
Kap,2.2,0.0,0.0,2.8
Kars,1131.7,960.1,1319.2,1275.5
Kat2a,526.1,410.5,846.9,907.4
Kat2b,1166.2,1128.3,1459.5,1254.6
Kat5,1093.0,1063.3,1052.6,1169.9
Katna1,285.1,290.5,363.3,283.4
Katnal1,296.9,397.0,440.0,396.6
Katnal2,1.1,1.1,10.4,5.7
Katnb1,463.7,501.4,435.7,501.3
Kazald1,42.0,88.6,61.0,16.2
Kazn,209.8,233.3,14.8,18.1
Kbtbd10,3.2,5.6,4.3,3.8
Kbtbd11,42.0,29.2,147.2,202.6
Kbtbd12,79.6,77.4,0.9,0.0
Kbtbd13,3.2,2.3,3.5,3.8
Kbtbd2,2266.7,2394.6,2664.6,2613.8
Kbtbd3,110.8,111.0,115.9,103.7
Kbtbd4,554.0,547.3,612.5,640.1
Kbtbd5,0.0,0.0,0.0,7.6
Kbtbd7,626.1,679.7,897.5,919.8
Kbtbd8,115.1,133.5,73.2,96.1
Kcmf1,2463.6,2326.2,1937.9,2034.5
Kcna1,0.0,0.0,4.3,14.3
Kcna10,1.1,0.0,1.7,4.8
Kcna2,4.3,2.3,5.2,16.2
Kcna3,1064.0,1090.2,170.8,133.2
Kcna4,0.0,0.0,0.0,6.7
Kcna5,0.0,0.0,0.0,0.9
Kcna6,2.2,0.0,0.0,12.4
Kcna7,4.3,5.6,1.7,7.6
Kcnab1,72.1,49.4,74.9,55.2
Kcnab2,2736.8,2572.9,1559.7,1746.3
Kcnab3,7.5,10.1,18.3,4.8
Kcnb1,25.8,15.7,18.3,24.7
Kcnb2,0.0,0.0,1.7,6.7
Kcnc1,2.2,1.1,11.3,9.5
Kcnc2,1.1,0.0,3.5,6.7
Kcnc3,22.6,10.1,10.4,18.1
Kcnc4,0.0,2.3,1.7,3.8
Kcnd1,2.2,3.4,5.2,7.6
Kcnd2,0.0,0.0,2.6,1.9
Kcnd3,5.4,9.0,10.4,7.6
Kcne1,0.0,0.0,0.9,7.6
Kcne1l,0.0,0.0,0.0,1.9
Kcne2,1.1,2.3,3.5,0.0
Kcne3,34.4,31.4,9.6,8.6
Kcne4,2.2,0.0,0.0,3.8
Kcnf1,0.0,0.0,13.1,16.2
Kcng1,0.0,2.3,0.9,6.7
Kcng2,6.5,4.5,11.3,9.5
Kcng3,0.0,1.1,6.1,6.7
Kcng4,0.0,0.0,1.7,12.4
Kcnh1,0.0,3.4,13.9,24.7
Kcnh2,0.0,0.0,11.3,9.5
Kcnh3,4.3,7.9,7.0,7.6
Kcnh4,12.9,4.5,13.9,8.6
Kcnh5,0.0,0.0,0.0,7.6
Kcnh6,6.5,6.7,13.9,16.2
Kcnh7,0.0,3.4,0.9,4.8
Kcnh8,0.0,0.0,0.9,1.9
Kcnip1,0.0,2.3,1.7,2.8
Kcnip2,0.0,0.0,0.9,0.0
Kcnip3,11.8,1.1,13.9,9.5
Kcnip4,42.0,74.0,98.5,73.2
Kcnj1,0.0,0.0,1.7,0.0
Kcnj10,142.0,149.2,901.0,1113.8
Kcnj11,0.0,0.0,0.0,8.6
Kcnj12,2.2,0.0,0.9,5.7
Kcnj13,25.8,44.9,46.2,40.9
Kcnj14,2.2,2.3,3.5,3.8
Kcnj15,0.0,0.0,4.3,15.2
Kcnj16,2.2,2.3,44.4,46.6
Kcnj2,2805.7,2566.2,2405.8,2805.0
Kcnj3,0.0,0.0,4.3,0.0
Kcnj4,0.0,3.4,1.7,1.9
Kcnj5,19.4,6.7,32.2,17.1
Kcnj6,0.0,0.0,3.5,6.7
Kcnj8,2.2,2.3,6.1,1.9
Kcnj9,24.7,13.5,115.9,111.3
Kcnk1,0.0,0.0,5.2,1.9
Kcnk10,0.0,0.0,3.5,3.8
Kcnk12,0.0,0.0,15.7,43.7
Kcnk13,880.0,832.2,2123.5,2500.6
Kcnk15,2.2,0.0,1.7,1.9
Kcnk16,0.0,0.0,0.9,0.9
Kcnk18,0.0,0.0,0.0,2.8
Kcnk2,0.0,0.0,28.7,13.3
Kcnk3,0.0,2.3,7.8,5.7
Kcnk4,1.1,1.1,2.6,6.7
Kcnk5,1.1,0.0,12.2,5.7
Kcnk6,2845.5,3024.9,2156.6,2386.4
Kcnk7,28.0,10.1,20.0,17.1
Kcnk9,0.0,0.0,1.7,0.0
Kcnma1,7.5,4.5,47.9,18.1
Kcnmb1,0.0,2.3,40.9,16.2
Kcnmb2,0.0,0.0,0.9,5.7
Kcnmb3,0.0,1.1,5.2,2.8
Kcnmb4,0.0,0.0,10.4,4.8
Kcnn1,0.0,2.3,55.8,43.7
Kcnn2,2.2,0.0,0.9,2.8
Kcnn3,585.2,659.5,7.8,7.6
Kcnn4,2788.5,2783.8,1343.6,1254.6
Kcnq1,31.2,22.4,6.1,17.1
Kcnq1ot1,5394.0,5363.4,3029.7,2873.4
Kcnq2,0.0,1.1,2.6,11.4
Kcnq3,4.3,0.0,4.3,4.8
Kcnq4,0.0,0.0,0.9,2.8
Kcnq5,0.0,0.0,9.6,9.5
Kcnrg,46.3,68.4,135.9,152.2
Kcns1,0.0,2.3,1.7,5.7
Kcns2,0.0,0.0,0.0,13.3
Kcns3,0.0,0.0,2.6,0.0
Kcnt1,4.3,1.1,6.1,9.5
Kcnt2,0.0,0.0,16.5,8.6
Kcnu1,0.0,0.0,0.0,9.5
Kcnv1,0.0,0.0,1.7,1.9
Kcnv2,2.2,0.0,3.5,1.9
Kcp,14.0,22.4,5.2,5.7
Kctd1,19.4,25.8,34.0,28.5
Kctd10,2804.6,2662.6,2582.7,2355.1
Kctd11,278.6,323.0,374.7,350.0
Kctd12,21787.0,21303.2,20432.2,20537.4
Kctd12b,2423.8,2236.4,2107.8,2213.3
Kctd13,310.9,237.8,291.0,325.3
Kctd14,30.1,24.7,14.8,13.3
Kctd15,0.0,1.1,109.8,41.8
Kctd16,0.0,0.0,0.0,0.0
Kctd17,343.2,325.3,151.6,111.3
Kctd18,409.9,452.0,459.2,471.8
Kctd19,2.2,2.3,1.7,1.9
Kctd2,606.8,629.2,691.8,656.3
Kctd20,1771.8,1854.0,1473.4,1461.9
Kctd21,536.8,556.3,713.6,744.8
Kctd3,626.1,566.4,569.8,565.0
Kctd4,47.3,43.8,40.9,35.2
Kctd5,716.5,759.3,826.0,730.5
Kctd6,133.4,175.0,193.4,160.7
Kctd7,415.3,467.7,325.0,316.7
Kctd8,0.0,0.0,1.7,0.0
Kctd9,677.8,693.1,533.3,451.8
Kdelc1,519.6,523.8,478.4,441.3
Kdelc2,187.2,173.9,669.2,630.6
Kdelr1,3127.3,3020.4,2897.2,2925.8
Kdelr2,3112.3,3111.3,2936.4,2234.3
Kdelr3,61.3,81.9,418.2,205.4
Kdm1a,1392.1,1382.9,1601.5,1530.4
Kdm1b,1215.7,1130.6,1407.2,1326.9
Kdm2a,4197.8,4342.7,4456.1,4686.3
Kdm2b,515.3,490.1,1160.6,1278.3
Kdm3a,3667.4,3520.6,2700.3,2631.8
Kdm3b,2758.3,2728.8,4276.6,4334.4
Kdm4a,2773.4,2869.0,2709.0,2848.7
Kdm4b,1019.9,910.7,731.9,792.3
Kdm4c,1245.8,1222.5,1275.6,1251.7
Kdm4d,5.4,2.3,1.7,18.1
Kdm5a,1483.5,1815.8,3153.4,3109.3
Kdm5b,1070.4,1056.5,1374.1,1043.4
Kdm5c,4442.0,4411.2,3600.4,3768.5
Kdm5d,1515.8,1541.1,1747.9,1721.6
Kdm6a,1728.8,1784.4,1829.8,1919.4
Kdm6b,87.1,89.7,134.2,200.7
Kdr,1952.6,2105.2,109.8,176.0
Kdsr,1410.4,1323.5,1017.7,793.3
Keap1,1825.6,1910.0,1955.3,2454.9
Keg1,0.0,2.3,0.9,0.0
Kel,1.1,0.0,0.9,1.9
Kera,0.0,0.0,0.9,1.9
Khdc1a,0.0,0.0,0.0,1.9
Khdc1b,0.0,0.0,4.3,1.9
Khdc1c,0.0,0.0,0.0,2.8
Khdrbs1,588.5,622.5,800.8,802.8
Khdrbs2,1.1,0.0,0.9,2.8
Khdrbs3,1.1,0.0,177.7,55.2
Khk,292.6,298.3,447.9,574.5
Khnyn,1171.5,1314.5,1401.1,1681.6
Khsrp,2970.3,2961.0,2550.4,2995.2
Kidins220,6107.3,6240.4,4894.3,4984.1
Kif11,348.6,327.5,551.6,402.3
Kif12,0.0,0.0,2.6,4.8
Kif13a,1524.4,1498.4,1070.0,1251.7
Kif13b,2281.8,2314.9,2562.6,2969.5
Kif14,101.1,95.3,137.7,97.0
Kif15,189.3,222.1,270.1,272.0
Kif16b,2117.2,2206.1,1902.1,1940.4
Kif17,3.2,2.3,15.7,8.6
Kif18a,79.6,81.9,72.3,61.8
Kif18b,54.9,40.4,81.0,77.0
Kif19a,29.1,26.9,74.9,113.2
Kif1a,111.9,151.4,26.1,25.7
Kif1b,6199.8,6396.3,5306.5,4862.3
Kif1c,6073.9,6194.5,3641.3,3483.1
Kif20a,408.8,409.4,517.6,396.6
Kif20b,288.3,307.3,374.7,312.0
Kif21a,63.5,51.6,47.0,13.3
Kif21b,2728.2,2555.0,1595.4,1876.6
Kif22,218.4,214.2,176.0,174.1
Kif23,67.8,86.4,75.8,55.2
Kif24,187.2,204.1,210.9,234.0
Kif26a,0.0,2.3,2.6,8.6
Kif26b,18.3,20.2,76.7,38.0
Kif27,0.0,5.6,7.8,10.5
Kif2a,469.1,474.4,731.0,588.8
Kif2b,0.0,0.0,1.7,0.0
Kif2c,109.7,88.6,137.7,124.6
Kif3a,598.1,620.2,2248.9,2086.8
Kif3b,4138.6,4231.7,3431.3,3321.4
Kif3c,703.6,671.8,830.4,910.3
Kif4,143.1,124.5,251.8,189.3
Kif4-ps,4.3,0.0,3.5,0.0
Kif5a,120.5,150.3,32.2,29.5
Kif5b,8717.2,8568.8,8699.5,7400.0
Kif5c,276.5,260.2,381.6,423.3
Kif6,0.0,1.1,6.1,5.7
Kif7,21.5,13.5,137.7,78.0
Kif9,182.9,205.3,136.8,174.1
Kifap3,1024.2,999.3,1117.1,959.7
Kifc1,149.5,126.7,139.4,138.9
Kifc2,115.1,95.3,100.2,122.7
Kifc3,140.9,171.6,474.0,478.4
Kifc5b,83.9,74.0,101.1,81.8
Kin,229.2,292.7,290.1,254.9
Kir3dl1,0.0,0.0,0.0,0.0
Kir3dl2,0.0,0.0,0.0,0.0
Kirrel,4.3,7.9,920.1,316.7
Kirrel2,0.0,0.0,7.8,3.8
Kirrel3,4.3,2.3,17.4,13.3
Kis2,0.0,0.0,0.0,0.9
Kiss1,0.0,0.0,2.6,5.7
Kiss1r,21.5,26.9,51.4,71.3
Kit,2540.0,2614.4,106.3,105.6
Kitl,162.5,169.4,470.5,542.2
Kl,4.3,3.4,0.0,3.8
Klb,2.2,2.3,2.6,9.5
Klc1,1352.3,1381.8,1449.9,1471.4
Klc2,406.7,471.1,305.0,293.0
Klc3,127.0,114.4,119.4,140.8
Klc4,1493.2,1402.0,1020.3,1192.7
Klf1,7.5,5.6,7.0,5.7
Klf10,760.6,776.1,774.6,730.5
Klf11,157.1,194.0,398.2,451.8
Klf12,0.0,3.4,7.8,3.8
Klf13,2814.3,2897.0,2552.2,2814.5
Klf14,2.2,2.3,1.7,3.8
Klf15,6.5,0.0,8.7,10.5
Klf16,323.8,302.8,332.8,270.1
Klf17,0.0,0.0,3.5,8.6
Klf2,102.2,121.1,127.2,164.5
Klf3,888.6,819.9,1581.5,1689.2
Klf4,600.3,651.6,88.9,98.0
Klf5,2.2,6.7,16.5,17.1
Klf6,14180.1,14154.3,11897.3,11654.5
Klf7,185.0,167.1,219.6,217.8
Klf8,158.1,172.7,109.8,78.9
Klf9,1431.9,1353.7,286.7,148.4
Klhdc1,19.4,25.8,17.4,30.4
Klhdc10,2389.3,2292.5,1566.7,1561.8
Klhdc2,622.9,593.3,849.6,633.5
Klhdc3,1639.5,1625.2,1581.5,1837.6
Klhdc4,3376.9,3374.8,487.1,470.8
Klhdc5,482.0,518.2,881.8,860.8
Klhdc7a,0.0,0.0,1.7,9.5
Klhdc7b,0.0,0.0,3.5,3.8
Klhdc8a,2.2,2.3,41.8,21.9
Klhdc8b,18.3,19.1,21.8,18.1
Klhdc9,30.1,49.4,55.8,46.6
Klhl1,0.0,0.0,0.9,1.9
Klhl10,3.2,9.0,9.6,9.5
Klhl11,438.9,520.4,507.1,510.8
Klhl12,232.4,222.1,192.6,147.4
Klhl13,0.0,3.4,58.4,43.7
Klhl14,0.0,2.3,6.1,7.6
Klhl15,188.3,209.7,224.8,257.8
Klhl17,617.5,527.1,572.5,882.7
Klhl18,996.2,914.1,1096.1,1169.0
Klhl2,942.4,838.9,694.5,632.5
Klhl20,591.7,570.9,579.4,510.8
Klhl21,1022.0,1059.9,952.4,1005.4
Klhl22,621.8,583.2,578.6,547.9
Klhl23,10.8,11.2,63.6,23.8
Klhl24,7486.5,7681.7,6847.9,6774.1
Klhl25,783.2,732.4,636.1,733.3
Klhl26,448.6,535.0,711.0,704.8
Klhl28,1060.7,1040.8,916.6,950.2
Klhl29,4.3,2.3,8.7,7.6
Klhl3,80.7,79.6,38.3,66.6
Klhl30,2.2,0.0,23.5,20.9
Klhl31,0.0,0.0,5.2,3.8
Klhl32,2.2,2.3,4.3,2.8
Klhl33,12.9,9.0,11.3,10.5
Klhl34,0.0,0.0,0.0,0.0
Klhl35,21.5,26.9,26.1,24.7
Klhl36,298.0,253.5,284.9,422.3
Klhl38,0.0,6.7,6.1,8.6
Klhl4,0.0,2.3,1.7,0.0
Klhl5,1938.6,1900.0,2730.8,2797.3
Klhl6,1034.9,946.6,1557.1,1642.6
Klhl7,812.2,747.0,788.6,672.5
Klhl8,185.0,201.9,156.8,194.0
Klhl9,10761.2,10612.3,7203.4,6907.3
Klk1,3.2,2.3,0.9,0.0
Klk10,0.0,0.0,5.2,2.8
Klk11,0.0,0.0,1.7,0.9
Klk12,0.0,0.0,0.0,3.8
Klk13,0.0,0.0,0.0,1.9
Klk14,0.0,0.0,0.0,7.6
Klk15,26.9,40.4,0.0,1.9
Klk1b1,1558.8,1514.1,2.6,1.9
Klk1b11,7808.1,7298.1,39.2,65.6
Klk1b16,0.0,2.3,0.0,1.9
Klk1b21,5.4,7.9,0.9,1.9
Klk1b22,1.1,0.0,0.0,2.8
Klk1b24,12.9,15.7,0.0,0.9
Klk1b26,25.8,11.2,0.0,0.9
Klk1b27,99.0,65.1,3.5,4.8
Klk1b3,0.0,1.1,0.0,0.0
Klk1b4,0.0,0.0,0.0,0.0
Klk1b5,0.0,2.3,0.0,2.8
Klk1b7-ps,1.1,7.9,0.0,0.0
Klk1b8,18.3,42.6,0.0,0.0
Klk1b9,146.3,177.2,0.0,0.9
Klk4,2.2,0.0,0.0,3.8
Klk5,0.0,0.0,0.0,3.8
Klk6,0.0,1.1,0.9,4.8
Klk7,0.0,0.0,2.6,0.0
Klk8,2.2,7.9,0.0,2.8
Klk9,0.0,0.0,4.3,3.8
Klkb1,12.9,5.6,5.2,4.8
Klra1,0.0,0.0,0.0,0.9
Klra10,30.1,29.2,2.6,5.7
Klra12,0.0,0.0,0.0,0.0
Klra13-ps,0.0,0.0,0.0,0.0
Klra14,0.0,0.0,0.0,0.0
Klra15,0.0,0.0,0.0,0.9
Klra17,64.6,66.2,25.3,20.9
Klra18,0.0,0.0,0.0,0.0
Klra19,0.0,0.0,0.0,0.0
Klra2,120.5,117.8,82.8,78.0
Klra21,0.0,0.0,0.0,0.0
Klra22,0.0,0.0,0.0,0.9
Klra23,0.0,0.0,0.0,0.0
Klra3,347.5,360.0,74.1,72.3
Klra33,0.0,0.0,0.0,0.0
Klra4,0.0,0.0,0.0,0.0
Klra5,0.0,1.1,0.0,0.0
Klra6,0.0,0.0,0.0,0.0
Klra7,1.1,0.0,0.0,0.9
Klra8,0.0,0.0,0.0,0.0
Klra9,22.6,26.9,0.9,3.8
Klraq1,2331.3,2372.1,2595.7,2558.6
Klrb1a,315.2,296.1,2.6,4.8
Klrb1b,16.1,6.7,0.0,0.9
Klrb1c,50.6,31.4,0.0,1.9
Klrb1f,12.9,10.1,13.9,15.2
Klrc1,2.2,0.0,0.0,2.8
Klrc2,0.0,0.0,0.0,0.0
Klrc3,0.0,1.1,0.0,0.0
Klrd1,7.5,0.0,7.8,8.6
Klre1,0.0,0.0,0.0,1.9
Klrg1,0.0,0.0,1.7,2.8
Klrg2,19.4,16.8,23.5,13.3
Klri1,0.0,0.0,0.9,3.8
Klri2,0.0,0.0,3.5,3.8
Klrk1,30.1,42.6,135.9,168.4
Kmo,65.6,49.4,445.2,429.9
Kncn,0.0,0.0,2.6,1.9
Kndc1,2.2,2.3,6.1,7.6
Kng1,0.0,0.0,4.3,0.0
Kng2,0.0,0.0,5.2,2.8
Kntc1,175.4,126.7,161.2,184.5
Kpna1,2955.2,2846.6,2308.2,2073.5
Kpna2,543.3,542.9,397.3,353.8
Kpna3,3318.8,3179.7,2990.4,2623.3
Kpna4,5874.9,5948.8,3837.4,3568.7
Kpna6,4362.4,4456.0,3590.8,3043.7
Kpna7,3.2,5.6,1.7,3.8
Kpnb1,5865.2,5910.7,9639.7,7856.5
Kprp,0.0,2.3,0.0,0.0
Kptn,216.2,185.1,175.1,174.1
Kras,885.4,840.1,1925.7,1559.9
Krba1,5.4,9.0,120.2,102.7
Krcc1,2794.9,2866.8,2350.9,1857.6
Kremen1,943.5,954.5,1042.1,811.3
Kremen2,0.0,2.3,1.7,4.8
Kri1,1090.9,1075.6,621.3,741.9
Krit1,1129.6,1084.6,1136.2,1072.9
Krr1,5521.0,5071.8,3133.3,3174.0
Krt1,0.0,0.0,0.0,2.8
Krt10,23.7,29.2,36.6,20.9
Krt12,0.0,0.0,1.7,2.8
Krt13,0.0,2.3,2.6,0.9
Krt14,0.0,0.0,0.9,2.8
Krt15,2.2,2.3,0.0,3.8
Krt16,0.0,0.0,1.7,2.8
Krt17,0.0,0.0,0.0,2.8
Krt18,0.0,0.0,2.6,3.8
Krt19,12.9,18.0,24.4,20.9
Krt2,0.0,0.0,2.6,3.8
Krt20,0.0,0.0,0.0,0.9
Krt222,11.8,16.8,13.9,20.0
Krt23,1.1,0.0,0.9,0.9
Krt24,0.0,2.3,4.3,3.8
Krt25,0.0,0.0,0.9,0.0
Krt26,0.0,0.0,0.0,1.9
Krt27,0.0,0.0,0.0,4.8
Krt28,0.0,0.0,0.0,4.8
Krt31,0.0,2.3,0.9,0.9
Krt32,0.0,4.5,0.9,1.9
Krt33a,0.0,1.1,1.7,0.9
Krt33b,0.0,0.0,0.0,1.9
Krt34,0.0,0.0,0.0,0.0
Krt35,0.0,0.0,1.7,3.8
Krt36,1.1,0.0,0.0,3.8
Krt39,2.2,0.0,1.7,2.8
Krt4,1.1,0.0,0.0,5.7
Krt40,0.0,1.1,0.9,0.9
Krt42,0.0,0.0,0.0,1.9
Krt5,0.0,0.0,0.0,0.0
Krt6a,1.1,0.0,2.6,4.8
Krt6b,1.1,0.0,2.6,6.7
Krt7,0.0,1.1,20.9,18.1
Krt71,0.0,0.0,2.6,6.7
Krt72-ps,0.0,0.0,0.9,1.9
Krt73,1.1,0.0,0.0,3.8
Krt74,0.0,0.0,0.9,4.8
Krt75,0.0,2.3,2.6,4.8
Krt76,2.2,2.3,0.0,4.8
Krt77,1.1,0.0,1.7,3.8
Krt78,0.0,1.1,1.7,3.8
Krt79,2.2,0.0,1.7,2.8
Krt8,0.0,0.0,1.7,0.9
Krt80,6.5,5.6,116.7,112.2
Krt81,0.0,6.7,0.9,0.9
Krt82,0.0,0.0,0.0,1.9
Krt83,0.0,0.0,0.0,0.9
Krt84,0.0,0.0,0.0,2.8
Krt85,0.0,0.0,0.0,1.9
Krt86,0.0,2.3,1.7,0.0
Krt9,0.0,0.0,0.0,2.8
Krtap1-3,0.0,0.0,0.0,0.0
Krtap1-4,0.0,0.0,0.0,1.9
Krtap1-5,0.0,0.0,0.0,3.8
Krtap10-10,0.0,0.0,0.9,1.9
Krtap10-4,0.0,0.0,0.0,0.9
Krtap11-1,0.0,0.0,1.7,1.9
Krtap12-1,0.0,0.0,1.7,0.0
Krtap13,0.0,0.0,0.0,0.0
Krtap13-1,0.0,0.0,1.7,0.0
Krtap14,0.0,0.0,0.0,0.0
Krtap15,0.0,0.0,0.0,0.0
Krtap16-1,0.0,0.0,0.9,0.0
Krtap16-10b,0.0,0.0,0.0,0.0
Krtap16-2,0.0,0.0,0.0,0.9
Krtap16-3,0.0,0.0,0.0,0.0
Krtap16-4,0.0,0.0,0.0,2.8
Krtap16-5,0.0,0.0,0.0,0.0
Krtap16-7,0.0,0.0,0.0,0.0
Krtap16-8,0.0,0.0,0.0,0.0
Krtap17-1,0.0,0.0,0.0,0.0
Krtap2-4,0.0,0.0,1.7,1.9
Krtap20-2,0.0,0.0,0.0,0.0
Krtap22-2,0.0,0.0,0.0,0.9
Krtap24-1,0.0,0.0,0.0,0.0
Krtap26-1,0.0,0.0,0.0,0.0
Krtap27-1,0.0,0.0,0.0,0.0
Krtap3-1,0.0,0.0,0.0,1.9
Krtap3-2,0.0,0.0,0.0,0.9
Krtap3-3,0.0,0.0,0.0,1.9
Krtap31-1,0.0,0.0,0.0,0.0
Krtap31-2,0.0,0.0,0.0,0.0
Krtap4-1,0.0,0.0,0.0,0.0
Krtap4-13,4.3,4.5,7.0,8.6
Krtap4-16,0.0,0.0,0.0,1.9
Krtap4-2,0.0,0.0,0.0,5.7
Krtap4-6,0.0,0.0,0.0,0.9
Krtap4-7,0.0,0.0,2.6,0.9
Krtap4-8,0.0,0.0,1.7,1.9
Krtap4-9,0.0,0.0,0.0,1.9
Krtap5-1,0.0,0.0,0.0,0.0
Krtap5-2,0.0,0.0,0.0,1.9
Krtap5-3,0.0,0.0,1.7,8.6
Krtap5-4,2.2,0.0,1.7,0.0
Krtap5-5,0.0,0.0,0.9,0.0
Krtap6-1,0.0,0.0,0.0,0.0
Krtap6-2,0.0,0.0,0.9,1.9
Krtap7-1,0.0,0.0,0.0,0.0
Krtap8-1,0.0,0.0,0.0,0.0
Krtap8-2,2.2,0.0,0.0,0.0
Krtap9-1,0.0,0.0,0.0,0.0
Krtap9-3,0.0,2.3,0.0,0.0
Krtap9-5,2.2,1.1,0.0,1.9
Krtcap2,1982.7,1763.1,773.7,732.4
Krtcap3,38.7,47.1,65.3,64.7
Krtdap,0.0,0.0,0.0,0.9
Ksr1,422.8,401.5,222.2,194.0
Ksr2,9.7,38.1,7.8,14.3
Kti12,385.1,385.8,374.7,294.9
Ktn1,1504.0,1498.4,1670.4,1418.2
Ky,2.2,0.0,2.6,8.6
Kynu,1827.8,1883.1,126.3,99.9
L1cam,480.9,527.1,102.8,121.7
L1td1,2.2,0.0,2.6,3.8
L2hgdh,62.4,70.7,110.6,88.5
L3mbtl1,1.1,1.1,0.9,2.8
L3mbtl2,717.6,694.3,478.4,496.5
L3mbtl3,191.5,183.9,204.8,228.3
L3mbtl4,0.0,2.3,0.0,2.8
LOC100038947,4495.8,4619.8,544.6,641.1
LOC100039574,0.0,0.0,0.0,0.9
LOC100039614,0.0,0.0,0.0,0.0
LOC100039753,0.0,0.0,0.0,0.0
LOC100039810,0.0,0.0,0.0,0.0
LOC100040022,0.0,0.0,0.0,1.9
LOC100040031,0.0,0.0,0.0,0.0
LOC100040160,0.0,0.0,0.0,0.0
LOC100040223,0.0,0.0,0.0,0.0
LOC100040786,0.0,0.0,0.0,1.9
LOC100040911,0.0,0.0,0.0,0.0
LOC100041014,0.0,0.0,0.0,0.0
LOC100041033,0.0,0.0,0.0,0.0
LOC100041223,0.0,0.0,0.0,0.0
LOC100041256,0.0,0.0,0.0,0.0
LOC100041346,0.0,0.0,0.0,0.0
LOC100041550,0.0,0.0,2.6,0.0
LOC100042428,0.0,0.0,0.0,0.0
LOC100043315,1.1,0.0,0.0,0.0
LOC100048884,1.1,0.0,0.0,0.9
LOC100302567,25.8,23.6,24.4,10.5
LOC100502924,0.0,0.0,21.8,34.2
LOC100503280,0.0,0.0,1.7,5.7
LOC100503496,137.7,123.4,189.1,184.5
LOC100504608,10.8,2.3,11.3,4.8
LOC100504703,24.7,21.3,29.6,36.1
LOC100642166,47.3,60.6,61.9,37.1
LOC100859962,5.4,12.3,12.2,20.0
LOC100861570,0.0,0.0,0.0,0.0
LOC100861571,0.0,0.0,0.0,0.0
LOC100861572,0.0,0.0,0.0,0.0
LOC106740,101.1,150.3,125.5,134.1
LOC171588,0.0,0.0,0.0,4.8
LOC319574,30.1,34.8,24.4,23.8
LOC329427,2.2,0.0,13.1,8.6
LOC330599,25.8,25.8,37.5,42.8
LOC380994,0.0,0.0,0.0,0.0
LOC382133,0.0,0.0,0.0,0.0
LOC432562,0.0,0.0,0.0,0.0
LOC432958,2.2,0.0,0.0,0.9
LOC433047,0.0,0.0,0.0,1.9
LOC433374,0.0,0.0,1.7,3.8
LOC433944,0.0,2.3,0.0,0.0
LOC434205,4.3,0.0,0.0,5.7
LOC434412,0.0,1.1,1.7,2.8
LOC434825,0.0,0.0,0.0,0.9
LOC434960,0.0,0.0,0.0,0.0
LOC545261,24.7,18.0,34.8,22.8
LOC545691,1.1,0.0,0.0,2.8
LOC547349,8190.0,7917.2,6780.8,7601.6
LOC622070,8.6,12.3,22.6,30.4
LOC622124,0.0,0.0,0.0,4.8
LOC622167,0.0,0.0,0.0,0.0
LOC622552,0.0,0.0,1.7,1.9
LOC624759,0.0,0.0,0.0,0.0
LOC626049,0.0,1.1,4.3,0.9
LOC626082,0.0,0.0,0.0,1.9
LOC626410,0.0,0.0,0.9,3.8
LOC626693,8.6,13.5,14.8,23.8
LOC626904,1.1,0.0,5.2,4.8
LOC627800,0.0,0.0,0.0,0.9
LOC629206,0.0,0.0,0.9,0.0
LOC629393,0.0,0.0,0.0,1.9
LOC666331,0.0,0.0,0.0,0.0
Lace1,236.7,284.9,172.5,166.4
Lactb,1330.8,1305.5,708.4,702.9
Lactb2,1023.1,1019.5,971.5,824.6
Lactbl1,0.0,1.1,0.0,1.9
Lad1,3.2,0.0,6.1,3.8
Lag3,6.5,2.3,40.9,44.7
Lage3,343.2,347.7,375.5,322.4
Lair1,2198.9,1984.1,1693.9,1987.0
Lalba,0.0,0.0,0.0,4.8
Lama1,0.0,1.1,9.6,16.2
Lama2,1.1,1.1,19.2,17.1
Lama3,2.2,0.0,265.7,198.8
Lama4,9.7,6.7,267.5,114.1
Lama5,19.4,21.3,218.7,86.6
Lamb1,10.8,5.6,743.2,349.1
Lamb2,104.4,95.3,764.2,486.0
Lamb3,19.4,7.9,5.2,3.8
Lamc1,2507.7,2634.6,2501.6,1939.4
Lamc2,0.0,3.4,13.9,24.7
Lamc3,1.1,3.4,6.1,7.6
Lamp1,83836.8,79913.3,51168.0,54668.7
Lamp2,31967.3,30659.3,21691.3,22446.3
Lamp3,21.5,24.7,60.1,29.5
Lamtor2,812.2,962.3,661.3,757.1
Lamtor3,1245.8,1292.1,514.1,496.5
Lancl1,286.2,382.5,499.3,500.3
Lancl2,632.6,602.3,639.6,714.3
Lancl3,0.0,0.0,15.7,11.4
Lao1,2.2,0.0,1.7,4.8
Lap3,1634.1,1626.3,1003.8,879.8
Laptm4a,10788.1,10849.0,14067.9,13906.9
Laptm4b,336.7,332.0,161.2,95.1
Laptm5,51307.9,47263.1,34626.4,48424.3
Large,2367.8,2314.9,628.2,428.0
Larp1,4045.0,4007.4,3787.7,3655.3
Larp1b,294.8,330.9,116.7,85.6
Larp4,3161.8,3226.8,3180.4,2730.8
Larp4b,4052.5,4288.9,2892.0,2722.2
Larp6,2.2,6.7,15.7,3.8
Larp7,483.0,509.2,677.0,614.4
Lars,777.8,813.2,699.7,588.8
Lars2,238.8,266.9,228.3,235.9
Las1l,45.2,35.9,102.8,123.6
Lasp1,6503.2,6039.7,5790.1,6301.4
Lass1,4.3,12.3,12.2,20.0
Lass2,5249.9,4957.4,4058.7,4279.2
Lass3,3.2,7.9,3.5,0.9
Lass4,8.6,3.4,121.1,104.6
Lass5,1199.5,1212.4,1031.7,952.1
Lass6,6481.7,6514.1,3119.4,3057.0
Lat,82.8,78.5,24.4,19.0
Lat2,5223.0,5298.3,2046.8,1965.1
Lats1,2597.0,2642.4,2954.7,2589.0
Lats2,441.1,415.0,1991.9,1794.8
Lax1,0.0,0.0,7.8,2.8
Layn,232.4,240.0,105.4,72.3
Lbh,673.5,660.6,2948.6,2154.4
Lbp,75.3,72.9,59.2,59.9
Lbr,672.4,618.0,1776.7,1965.1
Lbx1,0.0,0.0,2.6,0.0
Lbx2,4.3,11.2,13.9,19.0
Lca5,71.0,71.8,187.3,147.4
Lca5l,4.3,3.4,9.6,6.7
Lcat,14.0,11.2,19.2,16.2
Lce1a1,2.2,0.0,0.0,0.0
Lce1a2,0.0,0.0,0.0,0.0
Lce1b,0.0,1.1,0.0,0.9
Lce1c,0.0,0.0,0.0,0.0
Lce1d,0.0,0.0,0.0,0.0
Lce1e,0.0,0.0,0.0,0.0
Lce1f,0.0,0.0,0.0,0.9
Lce1g,0.0,0.0,0.0,3.8
Lce1h,0.0,0.0,0.0,0.0
Lce1i,0.0,0.0,0.0,0.0
Lce1k,0.0,0.0,0.0,1.9
Lce1l,0.0,0.0,0.0,1.9
Lce1m,0.0,0.0,0.9,1.9
Lce3a,0.0,0.0,0.0,0.0
Lce3b,0.0,0.0,0.0,0.0
Lce3c,0.0,0.0,0.0,0.0
Lce3f,0.0,0.0,0.0,0.0
Lce6a,0.0,0.0,1.7,0.0
Lck,37.7,39.3,9.6,12.4
Lclat1,499.2,565.3,520.2,380.5
Lcmt1,640.1,565.3,416.5,467.0
Lcmt2,426.0,512.6,448.7,448.0
Lcn10,0.0,0.0,0.0,0.0
Lcn11,0.0,0.0,0.0,0.0
Lcn12,1.1,2.3,1.7,0.9
Lcn13,0.0,0.0,0.0,0.9
Lcn14,0.0,1.1,0.0,2.8
Lcn2,47.3,35.9,740.6,823.7
Lcn3,0.0,0.0,2.6,0.0
Lcn4,0.0,0.0,0.9,0.9
Lcn5,0.0,1.1,0.9,1.9
Lcn6,0.0,0.0,0.0,2.8
Lcn8,0.0,0.0,0.0,0.0
Lcn9,0.0,0.0,0.0,1.9
Lcor,947.8,837.8,532.4,576.4
Lcorl,1201.7,1080.1,1512.6,1368.7
Lcp1,33391.6,33950.0,30668.7,31312.1
Lcp2,3248.9,2793.9,4023.0,4442.8
Lct,6.5,1.1,14.8,20.0
Lctl,5.4,11.2,18.3,17.1
Ldb1,1482.5,1533.2,2279.4,2756.4
Ldb2,1.1,0.0,2.6,4.8
Ldb3,0.0,0.0,111.5,42.8
Ldha,15245.1,15327.4,4352.4,3592.5
Ldhal6b,8.6,21.3,17.4,9.5
Ldhb,482.0,446.4,129.8,74.2
Ldhc,3.2,0.0,2.6,1.9
Ldhd,47.3,50.5,43.6,46.6
Ldlr,6519.3,6563.5,2942.5,3175.9
Ldlrad1,0.0,0.0,8.7,5.7
Ldlrad2,0.0,0.0,2.6,0.9
Ldlrad3,717.6,707.7,911.4,919.8
Ldlrap1,884.3,914.1,1295.7,1414.4
Ldoc1,0.0,0.0,0.0,0.0
Ldoc1l,23.7,11.2,38.3,53.3
Leap2,8.6,12.3,12.2,10.5
Lect1,2.2,2.3,1.7,6.7
Lect2,0.0,0.0,0.0,1.9
Lef1,2.2,0.0,15.7,5.7
Lefty1,18.3,38.1,5.2,10.5
Lefty2,2.2,0.0,5.2,2.8
Lekr1,48.4,52.7,48.8,45.7
Lelp1,0.0,0.0,0.0,0.9
Lemd1,0.0,0.0,0.0,0.0
Lemd2,1411.5,1434.5,1232.1,1286.9
Lemd3,1109.2,1186.6,911.4,794.2
Lenep,61.3,77.4,57.5,63.7
Leng1,389.4,412.7,368.6,342.4
Leng8,2678.7,2640.2,2784.8,3221.6
Leng9,188.3,135.7,183.8,201.6
Leo1,314.1,363.4,374.7,403.3
Lep,0.0,0.0,0.0,4.8
Lepr,60.3,49.4,21.8,6.7
Lepre1,719.7,699.9,684.0,444.2
Leprel1,2.2,2.3,7.0,10.5
Leprel2,159.2,206.4,614.3,410.9
Leprel4,4.3,4.5,398.2,138.9
Leprot,5372.5,5421.7,4026.5,4018.6
Leprotl1,2808.9,2916.1,2110.4,2032.6
Letm1,1442.6,1363.8,1223.4,1207.0
Letm2,43.0,18.0,90.6,107.5
Letmd1,760.6,720.1,958.5,1017.7
Lfng,1353.4,1382.9,2679.4,2844.0
Lgals1,11763.8,10634.8,13612.1,11195.1
Lgals12,0.0,0.0,5.2,8.6
Lgals2,2.2,0.0,1.7,2.8
Lgals3,171018.2,161298.0,36681.0,41207.9
Lgals3bp,18435.9,17993.4,14542.7,17353.8
Lgals4,36.6,55.0,34.0,32.3
Lgals6,30.1,40.4,23.5,28.5
Lgals7,0.0,0.0,0.0,3.8
Lgals8,5314.4,4697.2,4680.9,4777.7
Lgals9,3004.7,2920.6,2390.1,2980.0
Lgi1,0.0,1.1,1.7,4.8
Lgi2,0.0,0.0,2.6,1.9
Lgi3,78.5,88.6,0.0,1.9
Lgi4,73.2,50.5,7.0,11.4
Lgmn,16984.7,17898.1,31865.1,36573.9
Lgr4,47.3,49.4,231.8,91.3
Lgr5,0.0,2.3,0.9,7.6
Lgr6,0.0,0.0,74.1,49.5
Lgsn,0.0,1.1,1.7,2.8
Lhb,1.1,0.0,0.9,1.9
Lhcgr,0.0,0.0,2.6,3.8
Lhfp,107.6,109.9,1024.7,371.9
Lhfpl1,0.0,0.0,0.0,1.9
Lhfpl2,38112.2,37392.2,4016.9,3353.8
Lhfpl3,0.0,0.0,0.9,3.8
Lhfpl4,1.1,4.5,8.7,6.7
Lhfpl5,0.0,0.0,2.6,3.8
Lhpp,217.3,197.4,298.0,309.1
Lhx1,0.0,0.0,1.7,7.6
Lhx2,2.2,0.0,4.3,9.5
Lhx3,0.0,0.0,0.0,5.7
Lhx4,3.2,0.0,0.0,3.8
Lhx5,0.0,0.0,4.3,6.7
Lhx6,1.1,0.0,7.0,4.8
Lhx8,0.0,0.0,0.0,0.9
Lhx9,2.2,1.1,7.0,3.8
Lias,630.4,572.0,484.5,483.2
Lif,12.9,11.2,94.1,78.0
Lifr,73.2,79.6,1533.6,1420.1
Lig1,440.0,395.9,643.9,548.8
Lig3,1293.1,1353.7,1100.5,1054.8
Lig4,320.6,358.9,320.6,258.7
Lilra5,184.0,151.4,17.4,8.6
Lilra6,1462.0,1440.1,562.0,737.1
Lilrb3,10258.8,10171.6,6910.6,7850.8
Lilrb4,49407.0,47662.4,13352.5,14830.4
Lim2,0.0,0.0,0.0,3.8
Lima1,2339.9,2133.2,3930.6,3062.7
Limch1,3.2,3.4,7.0,5.7
Limd1,3332.8,3346.8,3142.1,3178.8
Limd2,812.2,827.7,5203.7,5501.5
Lime1,319.5,354.4,283.2,275.8
Limk1,462.6,434.1,399.9,488.9
Limk2,320.6,338.7,298.9,293.9
Lims1,5631.8,5896.1,4741.9,4246.0
Lims2,6.5,14.6,59.2,15.2
Lin28a,5.4,1.1,11.3,11.4
Lin28b,2.2,0.0,1.7,3.8
Lin37,214.1,255.7,210.9,216.9
Lin52,234.5,233.3,191.7,166.4
Lin54,1126.4,1025.1,689.2,701.9
Lin7a,0.0,0.0,0.0,9.5
Lin7b,8.6,9.0,6.1,9.5
Lin7c,2538.9,2549.3,2741.2,2328.4
Lin9,282.9,300.6,393.0,308.2
Lingo1,2.2,1.1,7.8,3.8
Lingo2,6.5,5.6,5.2,6.7
Lingo3,0.0,2.3,7.0,9.5
Lingo4,2.2,0.0,1.7,9.5
Lins,227.0,219.8,176.9,156.9
Lipa,54951.7,52882.2,44676.5,49850.1
Lipc,5.4,5.6,1.7,5.7
Lipe,289.4,308.4,556.8,741.9
Lipf,0.0,0.0,0.0,0.0
Lipg,6.5,6.7,11.3,9.5
Liph,66.7,41.5,3.5,6.7
Lipi,0.0,0.0,0.9,1.9
Lipk,0.0,0.0,1.7,1.9
Lipm,0.0,2.3,7.0,0.9
Lipn,646.6,642.7,3.5,4.8
Lipo1,591.7,572.0,589.0,478.4
Lipt1,64.6,47.1,61.0,67.5
Lipt2,91.4,105.4,65.3,89.4
Litaf,28988.4,28068.5,7091.0,7554.1
Lix1,23.7,18.0,0.0,6.7
Lix1l,312.0,332.0,810.3,633.5
Llgl1,829.4,753.7,931.5,1066.2
Llgl2,214.1,271.4,128.9,128.4
Llph,882.2,882.7,557.7,597.3
Lman1,2457.1,2365.4,2534.7,2243.8
Lman1l,0.0,3.4,5.2,0.9
Lman2,8093.2,8072.0,6560.3,6788.4
Lman2l,561.6,548.5,535.9,597.3
Lmbr1,315.2,334.2,178.6,150.3
Lmbr1l,371.2,338.7,274.5,331.0
Lmbrd1,3937.4,3884.0,3636.1,3249.1
Lmbrd2,1700.8,1665.5,1795.8,1721.6
Lmcd1,0.0,0.0,156.0,84.6
Lmf1,500.3,512.6,244.0,315.8
Lmf2,456.1,448.6,475.7,567.8
Lmln,133.4,140.2,202.1,184.5
Lmna,4216.1,3939.0,4852.5,3578.2
Lmnb1,163.5,200.8,269.2,264.4
Lmnb2,459.4,408.3,385.1,343.4
Lmo1,8.6,9.0,19.2,13.3
Lmo2,1823.5,1887.6,3534.2,3841.7
Lmo3,0.0,0.0,0.0,0.0
Lmo4,1447.0,1403.1,880.9,780.9
Lmo7,1.1,0.0,90.6,30.4
Lmod1,0.0,1.1,227.4,97.0
Lmod2,0.0,2.3,2.6,4.8
Lmod3,6.5,6.7,4.3,5.7
Lmtk2,618.6,590.0,372.9,428.0
Lmtk3,1.1,3.4,4.3,9.5
Lmx1a,0.0,0.0,3.5,7.6
Lmx1b,1.1,0.0,0.9,1.9
Lnp,1315.7,1268.5,1305.3,1111.9
Lnpep,9221.7,9447.0,9509.9,8433.9
Lnx1,54.9,41.5,64.5,66.6
Lnx2,269.0,254.6,407.8,462.3
Loh12cr1,176.4,177.2,135.9,131.3
Lonp1,2649.7,2738.9,1831.6,2014.5
Lonp2,1691.2,1524.2,1363.6,1356.3
Lonrf1,707.9,744.7,248.3,195.9
Lonrf2,0.0,0.0,5.2,7.6
Lonrf3,7407.9,7313.8,2794.4,2944.8
Lor,0.0,0.0,2.6,1.9
Lox,634.7,627.0,9088.1,2998.0
Loxhd1,2.2,0.0,0.9,9.5
Loxl1,4.3,0.0,695.3,319.6
Loxl2,18.3,26.9,3441.8,1208.0
Loxl3,415.3,486.8,2530.4,1711.1
Loxl4,66.7,69.5,296.2,202.6
Lpar1,74.2,53.8,339.8,147.4
Lpar2,10.8,10.1,10.4,15.2
Lpar3,2.2,2.3,2.6,1.9
Lpar4,0.0,3.4,22.6,8.6
Lpar5,165.7,149.2,454.8,670.6
Lpar6,2070.9,2028.9,6699.8,6831.2
Lpcat1,807.9,815.4,1102.2,1195.6
Lpcat2,1578.2,1581.4,3838.3,3639.1
Lpcat2b,2.2,0.0,1.7,1.9
Lpcat3,2598.1,2451.8,1357.5,1423.9
Lpcat4,75.3,59.5,84.5,77.0
Lpgat1,2394.7,2498.9,2465.0,2157.2
Lphn1,28.0,19.1,229.2,127.5
Lphn2,4340.8,4389.8,906.2,833.2
Lphn3,0.0,4.5,4.3,11.4
Lpin1,3261.8,2992.4,1102.2,1036.8
Lpin2,1214.6,1158.6,5940.0,5867.7
Lpin3,0.0,0.0,77.5,44.7
Lpl,76195.4,72708.3,31214.2,33897.3
Lpo,0.0,1.1,5.2,7.6
Lpp,7363.8,7667.1,6943.7,4491.4
Lpxn,2981.0,2980.0,3485.4,3917.8
Lrat,0.0,0.0,0.9,1.9
Lrba,720.8,745.9,698.8,775.2
Lrch1,1009.1,992.6,1014.2,1023.4
Lrch2,0.0,0.0,75.8,20.0
Lrch3,1774.0,1646.5,2970.4,2877.2
Lrch4,2544.3,2537.0,3910.6,4360.1
Lrdd,54.9,65.1,80.2,88.5
Lrfn1,15.1,7.9,111.5,95.1
Lrfn2,0.0,2.3,2.6,1.9
Lrfn3,2.2,2.3,25.3,9.5
Lrfn4,258.2,251.2,113.3,55.2
Lrfn5,0.0,2.3,3.5,0.0
Lrg1,31.2,40.4,16.5,21.9
Lrguk,2.2,0.0,4.3,2.8
Lrig1,28.0,13.5,104.6,84.6
Lrig2,1039.2,1101.4,1597.2,1551.3
Lrig3,19.4,15.7,108.9,40.9
Lrit1,0.0,0.0,0.0,1.9
Lrit2,0.0,0.0,0.0,0.9
Lrit3,0.0,0.0,1.7,8.6
Lrmp,1456.6,1502.9,2304.7,2675.6
Lrp1,9663.9,10032.5,5316.1,6774.1
Lrp10,4462.4,4448.2,3360.8,3621.0
Lrp11,201.2,148.1,151.6,98.9
Lrp12,8027.6,8398.4,1188.5,1089.1
Lrp1b,1.1,0.0,4.3,7.6
Lrp2,1.1,1.1,14.8,13.3
Lrp2bp,18.3,22.4,11.3,14.3
Lrp3,0.0,0.0,34.8,13.3
Lrp4,1144.7,1092.4,548.1,443.2
Lrp5,89.3,83.0,479.2,681.0
Lrp6,4322.6,4184.6,5091.3,4966.0
Lrp8,684.2,659.5,248.3,241.6
Lrpap1,18812.4,18826.7,1750.5,1998.4
Lrpprc,2654.0,2672.7,2137.4,1913.7
Lrr1,8.6,21.3,31.4,15.2
Lrrc1,48.4,40.4,81.9,63.7
Lrrc10,0.0,0.0,2.6,2.8
Lrrc10b,17.2,31.4,5.2,1.9
Lrrc14,326.0,309.6,378.2,370.0
Lrrc14b,1252.2,1167.6,169.9,211.2
Lrrc15,1.1,4.5,26.1,20.0
Lrrc16a,48.4,50.5,155.1,172.2
Lrrc16b,2.2,0.0,5.2,18.1
Lrrc17,0.0,0.0,7.8,4.8
Lrrc18,52.7,80.8,68.0,93.2
Lrrc19,15.1,13.5,27.0,20.9
Lrrc2,0.0,2.3,2.6,2.8
Lrrc20,436.8,422.8,224.8,192.1
Lrrc23,3.2,1.1,1.7,0.9
Lrrc24,31.2,37.0,44.4,43.7
Lrrc25,1130.7,1181.0,2999.2,3625.8
Lrrc26,0.0,0.0,3.5,2.8
Lrrc27,92.5,65.1,46.2,46.6
Lrrc28,284.0,314.1,216.1,188.3
Lrrc29,100.1,102.1,86.3,111.3
Lrrc3,18.3,24.7,22.6,23.8
Lrrc30,0.0,0.0,1.7,1.9
Lrrc32,820.8,916.3,1118.8,548.8
Lrrc33,5638.3,5587.7,12351.3,13080.3
Lrrc34,10.8,5.6,7.0,11.4
Lrrc36,0.0,1.1,8.7,9.5
Lrrc38,0.0,1.1,0.0,2.8
Lrrc39,269.0,260.2,228.3,199.7
Lrrc3b,0.0,0.0,1.7,3.8
Lrrc4,69.9,92.0,108.9,116.0
Lrrc40,575.6,546.2,736.3,730.5
Lrrc41,2465.7,2360.9,1863.8,1845.2
Lrrc42,259.3,253.5,331.1,284.4
Lrrc43,0.0,1.1,2.6,1.9
Lrrc45,505.6,538.4,507.1,588.8
Lrrc46,2.2,4.5,0.0,5.7
Lrrc47,1903.1,2022.2,1802.8,2137.2
Lrrc48,6.5,3.4,7.0,5.7
Lrrc49,203.3,199.6,323.3,243.5
Lrrc4b,2.2,0.0,1.7,1.9
Lrrc4c,0.0,0.0,5.2,7.6
Lrrc50,115.1,78.5,78.4,97.0
Lrrc51,71.0,85.2,95.8,90.4
Lrrc52,0.0,0.0,0.0,0.9
Lrrc55,0.0,0.0,7.0,0.0
Lrrc56,110.8,112.2,97.6,121.7
Lrrc57,433.6,453.1,458.3,390.9
Lrrc58,23494.3,24014.0,16232.3,17163.6
Lrrc59,5240.2,5382.4,4262.6,3715.2
Lrrc6,3.2,0.0,1.7,0.9
Lrrc61,509.9,574.3,777.2,794.2
Lrrc63,7.5,3.4,4.3,11.4
Lrrc66,29.1,22.4,7.0,5.7
Lrrc69,1.1,0.0,1.7,3.8
Lrrc7,1.1,2.3,1.7,2.8
Lrrc8a,2100.0,1991.9,1841.1,1945.1
Lrrc8b,1727.7,1880.9,241.4,261.6
Lrrc8c,1515.8,1407.6,458.3,448.0
Lrrc8d,1275.9,1249.4,494.9,532.6
Lrrc8e,2.2,2.3,7.8,11.4
Lrrc9,2.2,4.5,9.6,15.2
Lrrcc1,814.4,879.3,1015.1,899.8
Lrrfip1,5043.3,5092.0,4101.4,3994.9
Lrrfip2,2616.3,2614.4,1246.0,1149.9
Lrriq1,0.0,0.0,2.6,2.8
Lrriq3,15.1,10.1,8.7,6.7
Lrriq4,0.0,0.0,0.9,4.8
Lrrk1,1064.0,1093.5,1795.8,1989.8
Lrrk2,1474.9,1333.6,459.2,351.0
Lrrn1,3.2,0.0,1.7,3.8
Lrrn2,10.8,0.0,1.7,1.9
Lrrn3,6.5,4.5,33.1,22.8
Lrrn4,7.5,6.7,7.8,14.3
Lrrn4cl,5.4,2.3,5.2,2.8
Lrrtm1,0.0,0.0,0.0,3.8
Lrrtm2,76.4,78.5,126.3,124.6
Lrrtm3,2.2,0.0,0.0,0.9
Lrrtm4,0.0,0.0,0.0,2.8
Lrsam1,761.7,770.5,698.8,692.4
Lrtm1,0.0,0.0,3.5,2.8
Lrtm2,4.3,4.5,3.5,5.7
Lrwd1,560.5,570.9,759.8,1023.4
Lsamp,0.0,1.1,0.9,0.0
Lsg1,1053.2,1007.2,934.1,894.1
Lsm1,505.6,477.8,335.5,326.2
Lsm10,579.9,554.1,435.7,528.8
Lsm11,279.7,234.4,420.8,356.7
Lsm12,696.0,659.5,555.0,547.9
Lsm14a,2257.0,2298.1,2340.4,2265.7
Lsm14b,512.1,495.7,512.3,490.8
Lsm2,192.6,203.0,118.5,100.8
Lsm3,301.2,307.3,383.4,360.5
Lsm4,782.1,714.5,477.5,527.9
Lsm5,26.9,28.0,43.6,30.4
Lsm6,315.2,315.2,409.5,432.8
Lsm7,110.8,92.0,114.1,124.6
Lsmd1,703.6,614.6,448.7,529.8
Lsp1,19144.9,18891.8,1910.8,2586.2
Lsr,578.8,623.6,398.2,452.7
Lss,1709.4,1693.6,550.7,545.0
Lst1,432.5,415.0,1723.5,2085.9
Lta,4.3,1.1,6.1,2.8
Lta4h,3470.5,3319.9,2038.9,1853.8
Ltb,90.4,76.3,96.7,90.4
Ltb4r1,80.7,62.8,44.4,72.3
Ltb4r2,14.0,15.7,3.5,7.6
Ltbp1,6.5,2.3,1209.4,547.9
Ltbp2,5.4,3.4,440.0,173.1
Ltbp3,251.7,271.4,217.0,296.8
Ltbp4,0.0,0.0,25.3,15.2
Ltbr,2256.0,2286.9,1938.7,2006.0
Ltc4s,713.3,773.9,142.0,141.7
Ltf,15.1,13.5,1960.5,1843.3
Ltk,3.2,1.1,2.6,5.7
Ltn1,3132.7,3358.0,3111.6,2589.0
Ltv1,1113.5,1154.1,548.9,473.7
Luc7l,1715.9,1723.9,1562.3,1418.2
Luc7l2,2073.1,1905.6,2132.2,1841.4
Luc7l3,2496.9,2710.9,3073.2,2977.1
Lum,0.0,0.0,4.3,3.8
Luzp1,4410.8,4350.6,3279.7,3001.8
Luzp2,0.0,0.0,0.9,4.8
Luzp4,0.0,0.0,0.0,0.9
Lxn,647.6,592.2,562.9,553.6
Ly6a,19.4,23.6,370.3,755.2
Ly6c1,200.1,187.3,52.3,29.5
Ly6c2,3010.1,2880.2,484.5,487.9
Ly6d,0.0,0.0,35.7,24.7
Ly6e,13483.0,13368.0,13618.2,18362.1
Ly6f,0.0,0.0,1.7,1.9
Ly6g5b,12.9,2.3,3.5,16.2
Ly6g5c,0.0,1.1,0.0,0.9
Ly6g6c,0.0,0.0,0.9,0.9
Ly6g6d,0.0,2.3,0.0,4.8
Ly6g6e,3.2,0.0,0.0,6.7
Ly6g6f,2.2,0.0,7.0,0.0
Ly6h,0.0,0.0,0.9,1.9
Ly6i,131.3,157.0,6.1,20.9
Ly6k,0.0,0.0,3.5,0.0
Ly75,4231.1,4433.6,426.1,145.5
Ly86,1566.4,1477.1,6854.9,7447.5
Ly9,3863.2,3677.7,6561.2,7199.3
Ly96,306.6,274.8,327.6,348.1
Lyar,291.5,347.7,351.1,337.7
Lyg1,0.0,0.0,0.0,2.8
Lyg2,0.0,0.0,1.7,2.8
Lyl1,677.8,577.6,2014.5,2251.4
Lyn,6270.8,6144.0,13292.4,14689.7
Lynx1,36.6,35.9,131.6,69.4
Lypd1,2.2,2.3,39.2,8.6
Lypd2,0.0,0.0,0.0,0.0
Lypd3,0.0,0.0,5.2,2.8
Lypd4,0.0,0.0,2.6,0.0
Lypd5,0.0,0.0,0.0,3.8
Lypd6,3.2,0.0,0.9,4.8
Lypd6b,0.0,0.0,4.3,2.8
Lypla1,1105.9,1057.7,1093.5,873.2
Lypla2,1596.5,1572.5,1097.9,1182.3
Lyplal1,31.2,13.5,51.4,22.8
Lyrm1,135.6,97.6,47.9,82.7
Lyrm2,278.6,309.6,316.3,298.7
Lyrm4,450.8,393.7,232.6,226.4
Lyrm5,837.0,733.5,454.0,403.3
Lyrm7,111.9,116.7,102.8,90.4
Lysmd1,336.7,341.0,402.6,475.6
Lysmd2,0.0,0.0,34.0,21.9
Lysmd3,649.8,620.2,1007.3,962.6
Lysmd4,234.5,216.5,324.1,331.9
Lyst,18341.2,18592.3,7455.2,7403.8
Lyve1,2.2,11.2,0.0,1.9
Lyz1,34552.4,35129.9,13572.9,16257.2
Lyz2,621787.4,626680.5,242719.4,250023.8
Lyzl1,0.0,1.1,0.0,2.8
Lyzl4,1.1,1.1,2.6,3.8
Lyzl6,0.0,0.0,0.0,0.9
Lzic,463.7,366.8,393.8,303.4
Lztfl1,306.6,274.8,345.0,306.3
Lztr1,2112.9,2086.1,1847.2,1962.2
Lzts1,2.2,0.0,7.8,5.7
Lzts2,300.2,278.2,285.8,163.6
M6pr,10058.7,9719.6,6410.5,6494.5
MGC107098,0.0,0.0,0.0,0.0
Mab21l1,0.0,0.0,18.3,3.8
Mab21l2,14.0,16.8,55.8,45.7
Mab21l3,14.0,24.7,8.7,9.5
Macc1,0.0,0.0,10.4,3.8
Macf1,31117.4,32046.7,33058.0,33232.4
Macrod1,248.5,219.8,225.7,311.0
Macrod2,20.4,49.4,16.5,14.3
Mad1l1,578.8,527.1,728.4,694.3
Mad2l1,314.1,301.7,271.0,247.3
Mad2l1bp,563.7,531.6,348.5,353.8
Mad2l2,206.6,223.2,208.2,209.3
Madcam1,1.1,0.0,3.5,1.9
Madd,1548.1,1555.6,3166.5,3832.2
Maea,4576.4,4377.5,3135.1,3512.6
Mael,0.0,0.0,0.0,0.9
Maf,420.6,369.0,15406.2,17915.0
Maf1,2145.1,2160.2,2309.9,2602.4
Mafa,20.4,15.7,3.5,1.9
Mafb,770.3,685.3,1668.6,1890.9
Maff,242.1,203.0,53.1,40.9
Mafg,1473.8,1408.7,1291.3,1451.5
Mafk,613.2,629.2,546.3,613.5
Mag,400.2,383.6,36.6,41.8
Magea1,0.0,2.3,0.9,0.0
Magea10,0.0,0.0,0.0,0.0
Magea2,0.0,0.0,0.0,0.0
Magea3,0.0,0.0,0.0,0.0
Magea4,0.0,0.0,0.0,0.0
Magea5,0.0,0.0,0.0,0.0
Magea6,0.0,0.0,0.0,0.0
Magea8,0.0,0.0,0.0,1.9
Mageb1,0.0,0.0,0.0,0.0
Mageb16,0.0,0.0,0.0,0.9
Mageb16-ps1,0.0,0.0,0.0,0.0
Mageb18,0.0,0.0,0.0,1.9
Mageb2,0.0,0.0,0.0,0.0
Mageb3,1.1,0.0,5.2,4.8
Mageb4,0.0,0.0,0.0,1.9
Mageb5,0.0,0.0,0.0,1.9
Maged1,2784.2,2812.9,3127.2,2246.6
Maged2,234.5,263.6,754.6,484.1
Magee1,786.4,869.2,308.4,191.2
Magee2,0.0,0.0,0.0,7.6
Mageh1,2.2,0.0,36.6,27.6
Magel2,2.2,4.5,0.0,9.5
Magi1,2.2,5.6,50.5,38.0
Magi2,53.8,63.9,53.1,57.1
Magi3,147.4,186.2,244.8,145.5
Magix,25.8,14.6,5.2,7.6
Magoh,413.1,408.3,403.4,345.3
Magohb,104.4,92.0,113.3,120.8
Magt1,5136.9,5096.4,3457.5,3332.8
Mak,285.1,258.0,13.1,12.4
Mak16,1060.7,943.3,793.8,711.5
Mal,0.0,0.0,0.0,7.6
Mal2,0.0,0.0,3.5,0.9
Malat1,87931.3,87536.6,173847.4,162563.1
Mall,10.8,6.7,1.7,2.8
Malt1,7784.5,7144.4,1158.0,1113.8
Mamdc2,725.1,793.0,7.0,5.7
Mamdc4,52.7,60.6,60.1,65.6
Maml1,1145.7,1067.7,1385.4,1391.5
Maml2,2152.7,1905.6,1290.5,1506.6
Maml3,156.0,148.1,277.9,280.6
Mamld1,24.7,21.3,10.4,22.8
Mamstr,0.0,2.3,3.5,3.8
Man1a,2832.6,2838.7,8822.4,8160.9
Man1a2,1669.6,1723.9,1484.8,1251.7
Man1b1,500.3,572.0,535.0,542.2
Man1c1,1895.6,2169.1,2973.0,3148.3
Man2a1,4912.1,4777.9,8464.2,7805.2
Man2a2,3709.4,3581.2,4002.1,4374.4
Man2b1,38815.8,37518.9,29693.7,33103.1
Man2b2,8942.0,8587.9,4660.8,6025.6
Man2c1,1620.2,1662.2,1565.8,1721.6
Manba,1978.4,2044.6,1179.8,1069.1
Manbal,813.3,906.2,569.0,538.4
Manea,1007.0,1004.9,1107.5,1044.4
Maneal,33.4,32.5,28.7,38.0
Manf,4251.6,4248.5,1944.8,1699.7
Mansc1,346.4,371.3,51.4,49.5
Maoa,1343.7,1325.7,630.8,298.7
Maob,157.1,130.1,27.0,12.4
Map1lc3a,337.8,334.2,342.4,293.9
Map1lc3b,1555.6,1698.1,1250.4,1343.0
Map2k1,2268.9,2449.5,2350.0,2279.0
Map2k2,2257.0,2355.3,1834.2,2047.8
Map2k3,389.4,398.2,356.4,401.4
Map2k4,2559.3,2629.0,1997.1,1723.5
Map2k5,720.8,847.9,742.4,751.4
Map2k6,63.5,79.6,117.6,99.9
Map2k7,1057.5,956.7,1123.2,1332.6
Map3k1,5921.2,5988.1,7770.6,9228.1
Map3k10,393.7,392.6,477.5,468.0
Map3k11,2901.4,2781.5,3307.6,4165.1
Map3k12,731.5,861.4,1118.8,1100.5
Map3k13,11.8,21.3,10.4,15.2
Map3k14,147.4,179.5,491.4,637.3
Map3k15,735.9,772.8,860.0,657.2
Map3k2,4500.1,4831.7,4993.7,4348.7
Map3k3,3386.6,3347.9,4389.0,4789.1
Map3k4,847.7,859.1,803.4,835.1
Map3k5,611.1,640.4,1399.4,1474.3
Map3k6,177.5,168.2,135.0,88.5
Map3k7,2670.1,2538.1,2725.6,2498.7
Map3k8,1372.7,1253.9,1474.3,1575.1
Map3k9,120.5,103.2,423.5,473.7
Map4k1,1482.5,1462.5,198.7,270.1
Map4k2,928.4,880.4,481.8,602.1
Map4k3,2036.5,2113.1,1569.3,1536.1
Map4k4,3815.9,3838.0,5023.3,4387.7
Map4k5,342.1,293.9,583.8,413.7
Map6d1,15.1,0.0,21.8,20.9
Mapk1,5173.5,5121.1,5285.6,4830.0
Mapk10,10.8,29.2,0.9,11.4
Mapk11,0.0,0.0,102.8,78.9
Mapk12,0.0,0.0,28.7,15.2
Mapk13,21.5,2.3,13.1,15.2
Mapk14,4187.0,3993.9,7737.5,8650.8
Mapk15,0.0,0.0,2.6,3.8
Mapk1ip1,263.6,278.2,433.0,429.0
Mapk1ip1l,4296.7,4255.3,3354.7,3340.5
Mapk3,9774.7,9090.4,4917.9,5544.3
Mapk4,4.3,5.6,10.4,19.0
Mapk6,3725.5,3447.7,3257.1,3114.1
Mapk7,1139.3,1083.5,1164.1,1406.8
Mapk8,433.6,508.1,684.0,624.0
Mapk8ip1,10.8,4.5,34.0,20.9
Mapk8ip2,1.1,0.0,3.5,5.7
Mapk8ip3,1982.7,2008.7,2100.8,2513.0
Mapk9,1531.9,1597.1,1714.8,1678.8
Mapkap1,2224.8,2069.3,1436.0,1251.7
Mapkapk2,6772.1,7011.0,8145.3,9322.3
Mapkapk3,3898.7,4006.3,1881.2,2063.1
Mapkapk5,991.9,1011.7,975.9,898.8
Mapkbp1,454.0,440.8,547.2,636.3
Mapre1,4580.7,4619.8,4957.1,4128.0
Mapre2,3957.9,3812.2,2343.9,2787.8
Mapre3,326.0,335.4,111.5,122.7
Mapt,37.7,26.9,59.2,74.2
Marcks,4814.2,4735.3,20704.0,19838.3
Marcksl1,208.7,196.3,1488.2,1337.3
Marcksl1-ps4,2.2,0.0,1.7,0.0
Marco,264.7,269.2,115.0,48.5
Mark1,1.1,0.0,46.2,22.8
Mark2,1649.2,1722.7,1406.3,1607.5
Mark3,1510.4,1517.5,1647.7,1450.5
Mark4,363.6,344.3,440.9,484.1
Mars,1764.3,1799.0,1245.1,1197.5
Mars2,206.6,242.3,181.2,185.5
Marveld1,923.0,878.2,887.0,822.7
Marveld2,312.0,319.7,19.2,34.2
Marveld3,0.0,2.3,0.0,12.4
Mas1,0.0,4.5,0.9,7.6
Masp1,20.4,25.8,177.7,54.2
Masp2,402.4,416.1,590.8,483.2
Mast1,632.6,716.7,230.9,337.7
Mast2,2606.7,2577.4,1599.8,1389.6
Mast3,2046.2,1947.1,2728.2,3506.9
Mast4,687.4,742.5,586.4,440.4
Mastl,144.2,154.8,138.5,140.8
Mat1a,0.0,0.0,0.0,5.7
Mat2a,5259.6,5085.2,4367.2,3733.3
Mat2b,1920.3,1898.8,2022.4,1900.4
Matk,629.3,655.0,379.0,433.7
Matn1,5.4,0.0,5.2,3.8
Matn2,117.3,177.2,103.7,90.4
Matn3,0.0,0.0,4.3,1.9
Matn4,0.0,1.1,0.9,1.9
Matr3,4524.8,4370.8,5593.2,4743.4
Mau2,3168.2,3116.9,2976.5,3399.4
Mavs,1948.3,1891.0,1436.8,1784.4
Max,862.8,897.3,940.2,1129.0
Maz,2307.6,2257.7,1977.9,2253.3
Mb,0.0,0.0,0.9,2.8
Mbd1,1315.7,1220.3,1180.7,1145.2
Mbd2,3216.6,3057.4,2503.4,2576.7
Mbd3,1496.4,1458.1,1117.1,1249.8
Mbd3l1,0.0,0.0,0.0,0.0
Mbd3l2,0.0,1.1,0.0,0.0
Mbd4,441.1,418.4,633.5,582.1
Mbd5,611.1,573.1,588.1,629.7
Mbd6,367.9,327.5,356.4,478.4
Mbip,389.4,356.7,375.5,370.0
Mbl1,0.0,0.0,0.0,0.0
Mbl2,0.0,0.0,0.0,0.0
Mblac1,218.4,187.3,186.5,256.8
Mblac2,255.0,227.7,388.6,427.1
Mbnl1,17749.6,17373.2,26542.0,28844.8
Mbnl2,6660.3,6265.1,5800.5,4848.0
Mbnl3,236.7,271.4,332.8,233.0
Mboat1,123.7,149.2,39.2,43.7
Mboat2,5.4,5.6,33.1,8.6
Mboat4,2.2,0.0,0.9,3.8
Mboat7,1580.4,1676.8,1110.1,1156.6
Mbp,2933.7,2740.0,2573.1,2760.3
Mbtd1,1755.7,1829.3,1589.3,1487.6
Mbtps1,2910.0,2955.4,3014.8,2873.4
Mbtps2,2328.0,2434.9,1887.3,1827.2
Mc1r,0.0,0.0,1.7,3.8
Mc2r,0.0,2.3,1.7,0.0
Mc3r,0.0,0.0,0.0,0.9
Mc4r,0.0,0.0,2.6,3.8
Mc5r,2.2,6.7,2.6,0.0
Mcam,270.0,224.3,172.5,99.9
Mcart1,3998.7,3771.9,2921.6,2903.9
Mcart6,54.9,51.6,80.2,70.4
Mcat,343.2,372.4,318.9,309.1
Mcc,35.5,28.0,190.8,117.0
Mccc1,643.3,660.6,651.8,575.4
Mccc2,137.7,154.8,274.5,266.3
Mcee,577.7,496.9,404.3,388.1
Mcf2,0.0,2.3,0.9,1.9
Mcf2l,825.1,762.7,88.0,78.9
Mcfd2,5780.3,5632.6,3242.3,2897.2
Mchr1,0.0,2.3,0.9,4.8
Mcl1,36245.7,35990.2,22926.0,21603.6
Mcm10,116.2,81.9,149.0,85.6
Mcm2,526.1,616.9,642.2,555.5
Mcm3,493.8,500.2,496.7,385.2
Mcm3ap,2075.2,2202.8,2221.0,2176.2
Mcm4,458.3,515.9,641.3,591.6
Mcm5,322.7,415.0,559.4,586.9
Mcm6,916.6,950.0,1342.7,1182.3
Mcm7,214.1,203.0,255.3,230.2
Mcm8,80.7,75.2,115.9,65.6
Mcm9,407.7,339.8,440.9,434.7
Mcmbp,1950.4,1980.7,2187.1,2228.6
Mcoln1,2767.0,2749.0,1357.5,1494.3
Mcoln2,1505.0,1670.0,736.3,666.8
Mcoln3,3027.3,3147.1,21.8,21.9
Mcph1,447.5,420.6,557.7,526.9
Mcpt-ps1,0.0,0.0,0.0,5.7
Mcpt1,0.0,0.0,1.7,0.9
Mcpt2,1.1,2.3,0.0,0.9
Mcpt4,0.0,0.0,0.0,3.8
Mcpt8,0.0,1.1,86.3,73.2
Mcpt9,0.0,1.1,0.0,0.0
Mcrs1,204.4,223.2,173.4,258.7
Mctp1,3625.4,3346.8,649.1,638.2
Mctp2,54.9,70.7,76.7,56.1
Mcts1,939.2,886.1,670.9,594.5
Mcts2,44.1,56.1,55.8,40.9
Mdc1,665.9,673.0,688.4,737.1
Mdfi,0.0,1.1,7.8,13.3
Mdfic,7217.5,7286.9,5991.4,5895.3
Mdga1,28.0,37.0,46.2,47.6
Mdga2,2.2,0.0,0.9,8.6
Mdh1,4775.5,4749.9,3091.5,2995.2
Mdh1b,0.0,1.1,0.0,3.8
Mdh2,3322.1,3260.4,2255.9,2296.1
Mdk,26.9,28.0,32.2,20.9
Mdm1,149.5,130.1,183.0,140.8
Mdm2,3681.4,3427.5,2601.0,2463.5
Mdm4,1618.0,1658.8,2096.4,1837.6
Mdn1,1501.8,1477.1,1589.3,1254.6
Mdp1,726.2,627.0,657.0,653.4
Me1,26.9,31.4,193.4,98.0
Me2,863.9,826.6,906.2,729.5
Me3,0.0,0.0,1.7,4.8
Mea1,782.1,838.9,763.3,814.2
Meaf6,365.8,343.2,291.9,291.0
Mecom,0.0,0.0,8.7,10.5
Mecp2,1758.9,1840.5,2010.2,1853.8
Mecr,313.1,320.8,296.2,268.2
Med1,3620.1,3365.9,3536.8,3445.1
Med10,539.0,517.1,481.8,466.1
Med11,227.0,245.6,264.9,286.3
Med12,1850.4,1823.7,1616.3,2003.1
Med12l,100.1,126.7,142.9,176.0
Med13,5646.9,5626.9,6138.6,6066.5
Med13l,2656.1,2552.7,3057.5,3491.7
Med14,2104.3,1969.5,1998.9,1789.1
Med15,1377.0,1262.9,1151.0,1493.3
Med16,855.3,706.6,1156.3,1502.8
Med17,1641.7,1646.5,1799.3,1700.7
Med18,143.1,142.4,140.3,167.4
Med19,476.6,559.7,559.4,466.1
Med20,967.1,873.7,856.5,789.5
Med21,327.0,366.8,475.7,326.2
Med22,2317.3,2240.9,2340.4,2288.5
Med23,2500.2,2443.9,1679.1,1721.6
Med24,1000.5,963.4,991.6,1059.6
Med25,607.8,518.2,636.1,690.5
Med26,313.1,280.4,381.6,400.4
Med27,217.3,238.9,269.2,232.1
Med28,1421.1,1459.2,1341.9,1427.7
Med29,209.8,171.6,199.5,236.8
Med30,227.0,268.1,241.4,245.4
Med31,93.6,76.3,84.5,80.8
Med4,299.1,287.1,260.5,292.0
Med6,353.9,392.6,494.9,370.9
Med7,493.8,443.0,649.1,536.4
Med8,1097.3,1200.1,853.9,928.3
Med9,359.3,385.8,342.4,295.8
Mef2a,6419.3,5873.7,6254.5,6723.7
Mef2b,5.4,5.6,10.4,17.1
Mef2c,461.5,448.6,5127.9,5187.6
Mef2d,545.4,509.2,785.9,925.5
Mefv,9.7,10.1,328.5,363.3
Meg3,0.0,5.6,18.3,28.5
Megf10,2.2,5.6,60.1,29.5
Megf11,166.8,149.2,266.6,336.7
Megf6,0.0,0.0,59.2,19.0
Megf8,1335.1,1351.5,1571.0,1852.8
Megf9,480.9,495.7,301.5,229.2
Mei1,0.0,1.1,1.7,11.4
Mei4,0.0,0.0,4.3,3.8
Meig1,1.1,5.6,2.6,16.2
Meis1,73.2,41.5,207.4,156.0
Meis2,4.3,0.0,40.1,19.0
Meis3,186.1,179.5,170.8,117.0
Melk,101.1,97.6,127.2,94.2
Memo1,975.8,956.7,826.0,708.6
Men1,1141.4,913.0,805.1,863.6
Meox1,0.0,0.0,7.0,14.3
Meox2,0.0,0.0,7.8,9.5
Mep1a,8.6,4.5,3.5,5.7
Mep1b,0.0,1.1,0.9,0.9
Mepce,715.4,657.3,822.5,892.2
Mepe,2.2,0.0,0.0,0.9
Mertk,2205.4,2123.1,2235.9,2343.6
Mesdc1,2754.0,2576.3,989.0,1029.1
Mesdc2,2747.6,3024.9,1260.8,1311.6
Mesp1,0.0,0.0,0.0,0.0
Mesp2,3.2,2.3,0.0,3.8
Mest,64.6,57.2,150.7,107.5
Met,6119.1,6046.4,154.2,183.6
Metap1,1933.2,1907.8,1177.2,1132.8
Metap1d,395.9,400.4,419.1,429.9
Metap2,2016.0,2160.2,2033.7,1819.6
Metrn,208.7,159.3,195.2,207.3
Metrnl,4501.1,4474.0,3253.6,3784.6
Mettl1,165.7,196.3,101.9,67.5
Mettl10,190.4,151.4,240.5,193.1
Mettl11a,300.2,266.9,265.7,244.4
Mettl11b,0.0,0.0,0.0,2.8
Mettl13,442.2,381.3,280.6,350.0
Mettl14,639.0,592.2,465.3,434.7
Mettl15,91.4,65.1,81.9,55.2
Mettl16,411.0,454.2,483.6,426.1
Mettl17,1046.8,1139.5,237.9,253.0
Mettl2,431.4,399.3,487.9,410.9
Mettl21a,564.8,496.9,427.8,429.0
Mettl21d,380.8,299.5,285.8,244.4
Mettl22,114.0,138.0,61.0,85.6
Mettl3,602.5,577.6,618.6,556.4
Mettl4,287.2,286.0,301.5,328.1
Mettl5,298.0,273.7,332.0,254.9
Mettl6,423.9,383.6,359.9,408.0
Mettl7a1,1530.9,1544.4,829.5,932.1
Mettl7a2,61.3,32.5,16.5,33.3
Mettl7a3,19.4,6.7,7.8,9.5
Mettl7b,0.0,3.4,1.7,0.0
Mettl8,81.8,102.1,81.9,76.1
Mettl9,1593.3,1515.3,1430.7,1234.6
Mex3a,6.5,2.3,94.1,41.8
Mex3b,123.7,138.0,1001.2,1181.3
Mex3c,1988.1,2043.5,1558.0,1248.9
Mex3d,267.9,203.0,229.2,215.9
Mfap1a,1893.4,1838.3,2159.2,2084.0
Mfap1b,1259.8,1221.4,1456.0,1459.1
Mfap2,2.2,2.3,1.7,1.9
Mfap3,3063.9,2982.3,2998.3,2909.6
Mfap3l,539.0,518.2,239.6,185.5
Mfap4,10.8,5.6,3.5,6.7
Mfap5,0.0,0.0,32.2,9.5
Mff,2250.6,2228.6,1932.6,1631.2
Mfge8,77124.9,75594.1,3495.0,2018.3
Mfhas1,3198.3,3287.3,2082.5,2045.0
Mfi2,1.1,0.0,1.7,4.8
Mfn1,1044.6,1035.2,840.8,701.9
Mfn2,1615.9,1634.1,1456.0,1649.3
Mfng,213.0,249.0,310.2,323.4
Mfrp,11.8,14.6,71.4,37.1
Mfsd1,6429.0,6267.4,12555.2,11330.2
Mfsd10,1197.4,1320.1,813.0,849.4
Mfsd11,3231.7,3132.6,3426.1,3876.9
Mfsd12,8953.9,8552.0,2269.0,2723.2
Mfsd2a,7.5,6.7,8.7,2.8
Mfsd2b,14.0,18.0,20.9,31.4
Mfsd3,203.3,256.9,183.0,241.6
Mfsd4,231.3,209.7,204.8,211.2
Mfsd5,2165.6,2221.8,1919.6,2012.6
Mfsd6,848.8,778.4,2133.0,2061.2
Mfsd6l,34.4,23.6,24.4,34.2
Mfsd7a,1007.0,859.1,140.3,165.5
Mfsd7b,6680.7,6744.0,2086.9,2032.6
Mfsd7c,775.7,768.3,17.4,17.1
Mfsd8,383.0,375.7,454.8,378.6
Mfsd9,146.3,152.5,121.1,158.8
Mga,3939.6,3979.4,3605.6,3342.4
Mgam,431.4,473.3,40.9,59.9
Mgat1,3622.2,3709.1,3347.7,3336.7
Mgat2,2677.7,2735.5,2530.4,2297.0
Mgat3,2.2,4.5,39.2,12.4
Mgat4a,4230.0,4028.7,2565.2,2578.6
Mgat4b,888.6,812.0,683.1,730.5
Mgat4c,0.0,0.0,0.0,3.8
Mgat5,1860.1,1971.7,1947.4,1922.3
Mgat5b,0.0,1.1,5.2,4.8
Mgea5,4578.6,4627.6,5197.6,4840.4
Mgl2,2340.9,2438.3,308.4,240.6
Mgll,17551.6,17116.3,165.5,138.9
Mgmt,57.0,69.5,140.3,134.1
Mgp,4.3,2.3,603.0,176.9
Mgrn1,3197.3,3046.2,3244.9,3895.9
Mgst1,6541.9,6439.0,3609.1,3586.8
Mgst2,77.5,80.8,5.2,8.6
Mgst3,556.2,545.1,294.5,393.8
Mia1,3.2,0.0,3.5,2.8
Mia2,7.5,7.9,27.0,32.3
Mia3,5238.1,5140.2,3852.2,3506.9
Miat,2.2,0.0,3.5,13.3
Mib1,3282.3,3393.9,3657.9,3915.9
Mib2,1202.7,1293.2,1321.8,1636.0
Mical1,4389.3,4401.1,850.4,853.2
Mical2,3316.7,3207.7,2482.5,1743.5
Mical3,120.5,93.1,92.4,59.9
Micalcl,86.1,90.9,52.3,42.8
Micall1,799.3,799.7,629.1,614.4
Micall2,299.1,265.8,156.8,129.4
Micu1,2175.3,2016.6,1664.3,1663.6
Mid1,28.0,63.9,87.1,44.7
Mid1ip1,2211.8,2169.1,831.3,990.1
Mid2,2.2,0.0,107.2,60.9
Midn,674.5,708.8,841.7,827.5
Mier1,3828.8,3755.0,3745.0,3448.9
Mier2,397.0,371.3,401.7,402.3
Mier3,387.3,384.7,648.3,627.8
Mif,1589.0,1584.8,448.7,492.7
Mif4gd,1355.5,1287.6,1449.9,1705.4
Miip,686.4,662.9,458.3,534.5
Mill1,0.0,0.0,3.5,3.8
Mill2,33.4,23.6,37.5,27.6
Mina,602.5,574.3,429.6,383.3
Mink1,3216.6,3178.5,2178.4,2463.5
Minos1,1926.8,1809.1,1720.0,1710.2
Minpp1,1171.5,1234.9,738.0,609.7
Mios,603.5,566.4,636.9,596.4
Miox,0.0,0.0,0.0,3.8
Mip,2.2,3.4,2.6,5.7
Mipep,316.3,278.2,297.1,325.3
Mipol1,55.9,39.3,83.6,71.3
Mis12,983.3,874.8,904.4,870.3
Mis18bp1,444.3,352.2,324.1,306.3
Mitd1,281.9,256.9,303.2,335.8
Mitf,5276.8,4950.6,3662.3,3911.2
Mixl1,0.0,0.0,3.5,1.9
Mki67,3536.1,3346.8,2381.4,2284.7
Mki67ip,883.2,981.4,837.4,587.8
Mkks,740.2,796.3,507.1,422.3
Mkl1,1116.7,1015.0,1009.0,1143.3
Mkl2,2020.4,2053.6,738.9,724.8
Mkln1,1882.6,1924.6,2431.9,2147.7
Mknk1,3154.2,3073.1,3670.1,3937.8
Mknk2,8754.8,8063.0,4562.4,5525.3
Mkrn1,3115.5,3009.2,2756.1,2798.3
Mkrn2,639.0,560.8,608.2,624.9
Mkrn3,3.2,0.0,7.0,11.4
Mks1,161.4,130.1,130.7,124.6
Mkx,131.3,140.2,29.6,5.7
Mlana,2.2,1.1,0.0,1.9
Mlc1,0.0,0.0,4.3,3.8
Mlec,13714.3,14090.3,6720.7,6445.0
Mlf1,1.1,0.0,12.2,2.8
Mlf1ip,110.8,124.5,160.3,175.0
Mlf2,4359.1,4249.7,4029.1,3922.6
Mlh1,364.7,397.0,371.2,320.5
Mlh3,940.3,1055.4,767.6,752.4
Mlkl,597.1,635.9,410.4,422.3
Mll1,1737.4,1771.0,1729.6,1982.2
Mll2,1101.6,1204.6,1427.3,1836.7
Mll3,5476.9,5695.4,6052.4,6459.3
Mll5,3113.4,3061.9,3109.8,3340.5
Mllt1,614.3,623.6,760.7,809.4
Mllt10,1311.4,1387.4,1240.8,1300.2
Mllt11,282.9,301.7,421.7,379.5
Mllt3,1007.0,883.8,287.5,236.8
Mllt4,3531.8,3926.6,909.7,764.7
Mllt6,2683.0,2650.3,2157.4,2425.4
Mlph,59.2,65.1,13.9,15.2
Mlst8,505.6,526.0,457.4,493.6
Mlx,1352.3,1369.5,808.6,848.4
Mlxip,4546.3,4279.9,2809.2,3039.9
Mlxipl,1.1,3.4,3.5,4.8
Mlycd,646.6,677.4,571.6,524.1
Mmaa,209.8,177.2,243.1,178.8
Mmab,349.6,339.8,273.6,253.0
Mmachc,277.6,251.2,218.7,191.2
Mmadhc,1060.7,1091.3,874.8,809.4
Mmd,402.4,474.4,1163.2,1138.5
Mmd2,0.0,0.0,0.0,0.0
Mme,1.1,1.1,48.8,15.2
Mmel1,2.2,6.7,9.6,19.0
Mmgt1,1946.1,1926.9,1042.1,830.4
Mmgt2,657.3,560.8,366.0,390.9
Mmp10,5.4,4.5,6.1,2.8
Mmp11,25.8,25.8,102.8,39.0
Mmp12,426470.2,401958.6,4490.9,4085.2
Mmp13,5985.7,6071.1,794.7,606.8
Mmp14,4141.8,3970.4,2555.6,1541.8
Mmp15,0.0,0.0,8.7,11.4
Mmp16,3.2,2.3,94.1,28.5
Mmp17,4.3,7.9,62.7,27.6
Mmp19,13618.5,13366.9,1670.4,1637.9
Mmp1a,0.0,0.0,0.0,6.7
Mmp1b,2.2,5.6,2.6,0.0
Mmp2,1416.8,1404.2,2129.6,821.8
Mmp20,0.0,0.0,3.5,0.9
Mmp21,17.2,10.1,10.4,11.4
Mmp23,8.6,15.7,416.5,144.6
Mmp24,387.3,371.3,440.0,392.8
Mmp25,30.1,34.8,21.8,8.6
Mmp27,196.9,169.4,499.3,472.7
Mmp28,11.8,12.3,14.8,4.8
Mmp3,53.8,38.1,13.9,4.8
Mmp7,0.0,0.0,1.7,0.0
Mmp8,24135.5,22756.7,1272.2,1283.1
Mmp9,53.8,46.0,402.6,490.8
Mmrn1,24.7,28.0,176.0,65.6
Mmrn2,6.5,2.3,7.8,16.2
Mms19,2062.3,2025.6,1795.8,1903.3
Mms22l,302.3,351.1,315.4,261.6
Mn1,2.2,5.6,14.8,19.0
Mnat1,491.6,445.3,489.7,408.0
Mnd1,2.2,4.5,2.6,0.9
Mnda,484.1,526.0,3876.6,4337.3
Mndal,1143.6,1127.2,3434.8,3816.0
Mns1,7.5,3.4,18.3,12.4
Mnt,321.7,397.0,447.9,494.6
Mnx1,0.0,0.0,5.2,4.8
Moap1,236.7,304.0,294.5,268.2
Mob1a,5510.2,5779.5,5030.3,4826.2
Mob1b,1374.9,1398.6,1284.4,1105.2
Mob2,819.8,868.1,718.0,663.0
Mob3a,2327.0,2421.5,1929.1,1996.5
Mob3b,803.6,836.7,506.2,587.8
Mob3c,631.5,695.4,1137.1,1040.6
Mob4,1291.0,1282.0,1501.3,1244.1
Mobp,2.2,2.3,5.2,9.5
Mocos,1843.9,1755.3,1321.8,1575.1
Mocs1,1563.1,1542.2,897.5,1198.5
Mocs2,1264.1,1164.2,989.0,992.1
Mocs3,177.5,222.1,181.2,219.7
Mog,0.0,0.0,3.5,3.8
Mogat1,0.0,1.1,0.0,0.0
Mogat2,2.2,4.5,45.3,20.0
Mogs,1368.4,1446.8,817.3,728.6
Mon1a,372.2,392.6,311.9,373.8
Mon1b,369.0,321.9,362.5,378.6
Mon2,2100.0,2070.4,3474.9,3137.9
Morc1,0.0,0.0,1.7,7.6
Morc2a,985.4,976.9,1334.9,1187.0
Morc2b,0.0,0.0,0.9,0.0
Morc3,4053.6,3996.2,5229.8,5136.2
Morc4,0.0,4.5,97.6,51.4
Morf4l1,2855.2,2902.6,3106.3,2734.6
Morf4l2,5831.9,5596.7,4130.2,3569.7
Morn1,26.9,29.2,40.9,38.0
Morn2,38.7,53.8,27.9,26.6
Morn3,2.2,0.0,3.5,6.7
Morn4,39.8,65.1,35.7,24.7
Morn5,2.2,4.5,0.0,2.8
Mos,2.2,0.0,0.0,7.6
Mosc1,1.1,1.1,8.7,3.8
Mosc2,1365.2,1342.5,1375.0,1371.6
Mospd1,776.7,711.1,372.1,310.1
Mospd2,2006.4,2124.3,1540.5,1437.2
Mospd3,474.4,428.5,392.1,711.5
Mospd4,2.2,0.0,3.5,1.9
Mov10,292.6,292.7,687.5,858.9
Mov10l1,0.0,0.0,1.7,3.8
Moxd1,0.0,0.0,2.6,4.8
Moxd2,2.2,1.1,0.0,3.8
Mpdu1,1581.4,1423.3,864.4,1041.5
Mpdz,0.0,0.0,244.0,76.1
Mpeg1,144599.9,142656.3,136574.7,148015.1
Mpg,211.9,195.2,186.5,182.6
Mphosph10,973.6,1058.8,734.5,605.9
Mphosph6,214.1,188.4,113.3,153.1
Mphosph8,472.3,514.8,542.0,483.2
Mphosph9,209.8,253.5,213.5,160.7
Mpi,352.9,339.8,370.3,366.2
Mpl,4.3,6.7,34.0,21.9
Mpnd,1443.7,1465.9,968.1,953.1
Mpo,0.0,1.1,1373.2,1447.7
Mpp1,8598.8,8684.4,7680.0,8242.7
Mpp2,37.7,30.3,39.2,28.5
Mpp3,0.0,0.0,2.6,12.4
Mpp4,90.4,84.1,66.2,76.1
Mpp5,1221.0,1137.3,1389.8,1266.0
Mpp6,3947.1,3857.1,1120.5,1047.2
Mpp7,458.3,463.2,198.7,183.6
Mppe1,542.2,560.8,435.7,402.3
Mpped1,0.0,0.0,0.9,4.8
Mpped2,0.0,0.0,2.6,4.8
Mprip,690.7,714.5,1337.5,1096.7
Mpst,1202.7,1331.3,351.1,388.1
Mpv17,1666.4,1651.0,1026.4,1205.1
Mpv17l,124.8,108.8,209.1,168.4
Mpv17l2,649.8,609.0,393.0,347.2
Mpz,9.7,9.0,1.7,4.8
Mpzl1,749.8,877.1,277.1,147.4
Mpzl2,3.2,3.4,1.7,4.8
Mpzl3,42.0,41.5,9.6,17.1
Mr1,2578.7,2497.8,488.8,479.4
Mrap,17.2,30.3,23.5,8.6
Mrap2,2.2,2.3,5.2,6.7
Mras,748.8,739.1,494.0,361.4
Mrc1,7951.2,8661.9,22021.5,20069.4
Mrc2,2.2,2.3,1131.9,409.9
Mre11a,575.6,544.0,587.3,427.1
Mreg,3056.3,3074.2,37.5,23.8
Mrfap1,6115.9,6369.4,5788.3,5136.2
Mrgpra1,0.0,0.0,0.0,0.0
Mrgpra2a,0.0,0.0,21.8,28.5
Mrgpra2b,0.0,0.0,30.5,37.1
Mrgpra3,0.0,0.0,1.7,0.0
Mrgpra4,0.0,0.0,0.0,1.9
Mrgpra6,0.0,0.0,0.0,1.9
Mrgpra9,0.0,0.0,1.7,0.0
Mrgprb1,0.0,0.0,0.0,1.9
Mrgprb2,0.0,2.3,0.0,0.0
Mrgprb3,0.0,0.0,1.7,0.0
Mrgprb4,0.0,0.0,0.0,0.0
Mrgprb5,0.0,0.0,0.0,1.9
Mrgprb8,0.0,0.0,0.0,0.0
Mrgprd,0.0,0.0,0.9,1.9
Mrgpre,827.3,909.6,61.0,45.7
Mrgprf,0.0,0.0,2.6,8.6
Mrgprg,9.7,6.7,0.0,4.8
Mrgprh,0.0,0.0,0.0,1.9
Mrgprx1,0.0,0.0,0.0,0.9
Mrgprx2,0.0,0.0,0.0,3.8
Mri1,274.3,305.1,271.8,289.1
Mrm1,458.3,537.2,345.0,383.3
Mro,0.0,0.0,9.6,4.8
Mrp63,275.4,306.2,389.5,357.6
Mrpl1,585.2,602.3,604.7,631.6
Mrpl10,954.2,1053.2,907.9,863.6
Mrpl11,544.4,536.1,475.7,429.0
Mrpl12,917.7,1017.3,661.3,632.5
Mrpl13,600.3,546.2,566.4,529.8
Mrpl14,492.7,489.0,381.6,445.1
Mrpl15,575.6,614.6,462.7,469.9
Mrpl16,498.1,509.2,403.4,419.5
Mrpl17,1168.3,1221.4,937.6,898.8
Mrpl18,996.2,1006.1,697.9,570.7
Mrpl19,967.1,835.6,833.0,746.7
Mrpl2,679.9,597.8,460.9,509.8
Mrpl20,857.4,879.3,670.1,500.3
Mrpl21,111.9,123.4,104.6,94.2
Mrpl22,122.6,161.5,125.5,125.5
Mrpl23,150.6,179.5,136.8,104.6
Mrpl24,1243.6,1237.1,968.9,1042.5
Mrpl27,435.7,469.9,479.2,429.0
Mrpl28,804.7,834.5,949.8,966.4
Mrpl3,303.4,266.9,393.8,357.6
Mrpl30,618.6,603.4,491.4,522.2
Mrpl32,546.5,573.1,430.4,358.6
Mrpl33,787.5,584.3,444.4,422.3
Mrpl34,341.0,300.6,259.6,203.5
Mrpl35,529.3,564.2,434.8,412.8
Mrpl36,867.1,779.5,564.6,489.8
Mrpl37,916.6,1013.9,732.8,713.4
Mrpl38,127.0,175.0,121.1,129.4
Mrpl39,584.2,616.9,551.6,477.5
Mrpl4,1170.5,1175.4,711.9,839.9
Mrpl40,338.9,355.5,316.3,297.7
Mrpl41,722.9,803.1,329.4,326.2
Mrpl42,344.3,349.9,338.9,358.6
Mrpl43,706.8,735.8,758.1,852.2
Mrpl44,587.4,666.2,377.3,431.8
Mrpl45,981.1,1093.5,726.7,759.0
Mrpl46,358.2,362.3,277.9,274.9
Mrpl47,147.4,179.5,166.4,116.0
Mrpl48,258.2,280.4,264.0,255.9
Mrpl49,490.6,527.1,464.4,477.5
Mrpl50,255.0,282.6,215.2,174.1
Mrpl51,953.2,1033.0,541.1,526.0
Mrpl52,651.9,637.1,669.2,592.6
Mrpl53,369.0,339.8,258.8,302.5
Mrpl54,454.0,439.7,544.6,534.5
Mrpl55,214.1,227.7,197.8,195.9
Mrpl9,1086.6,1079.0,848.7,913.1
Mrps10,210.9,167.1,180.4,169.3
Mrps11,224.8,222.1,223.9,235.9
Mrps12,362.5,347.7,265.7,277.7
Mrps14,762.7,722.3,613.4,608.7
Mrps15,440.0,499.1,339.8,347.2
Mrps16,415.3,380.2,406.9,383.3
Mrps17,887.5,739.1,742.4,665.8
Mrps18a,446.5,393.7,580.3,523.1
Mrps18b,647.6,577.6,430.4,355.7
Mrps18c,400.2,389.2,346.8,311.0
Mrps2,882.2,856.9,835.6,791.4
Mrps21,942.4,914.1,661.3,686.7
Mrps22,290.5,278.2,278.8,268.2
Mrps23,843.4,818.8,636.1,627.8
Mrps24,513.2,557.4,564.6,556.4
Mrps25,1776.1,1833.8,1968.4,1702.6
Mrps26,533.6,542.9,415.6,358.6
Mrps27,491.6,447.5,396.5,375.7
Mrps28,273.3,259.1,188.2,161.7
Mrps30,639.0,586.6,624.7,554.5
Mrps31,319.5,341.0,334.6,323.4
Mrps33,611.1,476.7,416.5,405.2
Mrps34,414.2,426.2,396.5,417.6
Mrps35,404.5,378.0,335.5,310.1
Mrps36,232.4,182.8,113.3,110.3
Mrps5,239.9,269.2,291.9,261.6
Mrps6,342.1,289.4,264.9,177.9
Mrps7,832.7,738.0,714.5,665.8
Mrps9,720.8,639.3,597.7,642.0
Mrrf,335.7,291.6,200.4,235.9
Mrs2,631.5,742.5,466.2,430.9
Mrto4,203.3,207.5,112.4,89.4
Mrvi1,3.2,16.8,40.1,25.7
Ms4a1,0.0,0.0,27.9,11.4
Ms4a10,0.0,0.0,0.9,0.0
Ms4a13,0.0,0.0,0.0,0.9
Ms4a15,0.0,2.3,1.7,0.9
Ms4a18,0.0,0.0,0.0,0.0
Ms4a2,1.1,0.0,4.3,4.8
Ms4a3,0.0,0.0,51.4,48.5
Ms4a4b,3.2,6.7,114.1,146.5
Ms4a4c,11.8,12.3,532.4,757.1
Ms4a4d,0.0,0.0,7.8,17.1
Ms4a5,0.0,0.0,0.0,0.0
Ms4a6b,28.0,29.2,5082.5,5319.8
Ms4a6c,195.8,159.3,9359.1,9646.6
Ms4a6d,2239.8,2119.8,4115.4,3789.4
Ms4a7,1245.8,1211.3,17429.5,16787.0
Ms4a8a,29.1,23.6,1.7,4.8
Msc,0.0,0.0,3.5,1.9
Msgn1,0.0,0.0,0.0,0.0
Msh2,387.3,384.7,756.3,663.0
Msh3,328.1,299.5,318.9,294.9
Msh4,14.0,11.2,18.3,21.9
Msh5,125.9,132.4,825.2,991.1
Msh6,336.7,352.2,667.4,590.7
Msi1,4.3,2.3,24.4,4.8
Msi2,200.1,167.1,443.5,380.5
Msl1,2264.6,2312.7,2239.3,2108.7
Msl2,1714.8,1610.6,2101.7,2056.4
Msl3,1155.4,1205.7,1405.5,1273.6
Msl3l2,69.9,55.0,128.1,115.1
Msln,0.0,0.0,1.7,8.6
Mslnl,1.1,1.1,0.0,2.8
Msmb,0.0,0.0,0.0,0.9
Msmp,192.6,217.6,194.3,192.1
Msn,67456.7,67276.5,32475.9,29620.9
Msr1,15644.2,14995.5,8535.7,8250.3
Msra,780.0,822.1,568.1,608.7
Msrb2,489.5,495.7,176.9,215.0
Msrb3,0.0,9.0,1083.1,427.1
Mst1,80.7,69.5,18.3,26.6
Mst1r,2.2,4.5,5.2,3.8
Mstn,0.0,0.0,0.0,3.8
Msto1,393.7,392.6,440.9,531.7
Msx1,0.0,0.0,18.3,1.9
Msx1as,0.0,0.0,11.3,3.8
Msx2,0.0,0.0,7.8,4.8
Msx3,0.0,0.0,1.7,4.8
Mt1,6681.8,6642.0,2068.6,2097.3
Mt2,972.5,980.3,121.1,95.1
Mt3,0.0,0.0,1.7,0.0
Mt4,0.0,0.0,0.0,0.0
Mta1,455.1,489.0,817.3,929.3
Mta2,783.2,899.5,888.8,867.5
Mta3,853.1,817.6,1493.5,1571.3
Mtag2,2.2,0.0,0.0,5.7
Mtap,336.7,337.6,501.0,420.4
Mtap1a,36.6,19.1,163.8,101.8
Mtap1b,28.0,13.5,231.8,117.9
Mtap1s,490.6,538.4,658.7,944.5
Mtap2,1.1,0.0,9.6,21.9
Mtap4,3305.9,3389.4,2618.4,2564.3
Mtap6,413.1,357.8,102.8,49.5
Mtap7,33.4,23.6,27.9,18.1
Mtap7d1,2368.9,2418.1,2169.6,2394.1
Mtap7d2,1.1,1.1,4.3,8.6
Mtap7d3,2.2,3.4,19.2,11.4
Mtap9,0.0,0.0,33.1,11.4
Mtbp,194.7,237.8,177.7,159.8
Mtch1,3372.6,3273.9,2930.3,3114.1
Mtch2,2279.6,2227.5,1395.0,1320.2
Mtcp1,227.0,240.0,277.9,268.2
Mtdh,5597.4,5551.8,3456.6,3018.0
Mterf,101.1,111.0,167.3,106.5
Mterfd1,572.3,659.5,612.5,528.8
Mterfd2,272.2,270.3,297.1,283.4
Mterfd3,18.3,14.6,39.2,20.9
Mtf1,1151.1,1172.1,1040.4,1044.4
Mtf2,1611.5,1509.6,1031.7,869.4
Mtfmt,257.1,235.5,227.4,246.3
Mtfp1,67.8,77.4,21.8,23.8
Mtfr1,800.4,772.8,804.2,681.0
Mtg1,236.7,226.6,156.8,163.6
Mthfd1,1158.6,1036.3,896.6,795.2
Mthfd1l,796.1,731.3,499.3,281.5
Mthfd2,2494.8,2336.2,711.9,492.7
Mthfd2l,48.4,56.1,73.2,42.8
Mthfr,1918.2,1846.1,3165.6,3369.0
Mthfs,894.0,957.8,979.4,1026.3
Mthfsd,356.1,362.3,340.7,433.7
Mtif2,1133.9,1063.3,1001.2,920.7
Mtif3,629.3,658.4,728.4,736.2
Mtl5,50.6,42.6,63.6,73.2
Mtm1,2414.1,2727.7,884.4,786.6
Mtmr1,898.3,997.1,667.4,672.5
Mtmr10,1323.2,1408.7,2002.3,1875.7
Mtmr11,144.2,155.9,285.8,215.9
Mtmr12,772.4,798.6,1412.4,1382.0
Mtmr14,1706.2,1739.6,1510.9,1583.7
Mtmr2,1309.2,1307.8,1528.3,1286.0
Mtmr3,5330.6,5612.4,5147.0,5297.0
Mtmr4,2060.2,2076.0,1776.7,1805.3
Mtmr6,6033.1,6004.9,6717.2,6582.9
Mtmr7,427.1,403.8,158.6,165.5
Mtmr9,3112.3,2893.7,1354.9,1485.7
Mtnr1a,0.0,0.0,0.0,1.9
Mtnr1b,0.0,0.0,0.0,0.9
Mto1,826.2,804.2,669.2,684.8
Mtor,2540.0,2451.8,1992.8,2072.6
Mtpap,884.3,915.2,994.2,913.1
Mtpn,26639.9,26353.6,10917.9,9411.7
Mtr,1194.1,1303.3,2666.3,2757.4
Mtrf1,187.2,162.6,217.0,163.6
Mtrf1l,129.1,132.4,146.4,128.4
Mtrr,493.8,474.4,504.5,437.5
Mtss1,7718.8,7423.7,3919.3,3881.7
Mtss1l,9.7,16.8,130.7,58.0
Mttp,30.1,40.4,64.5,45.7
Mtus1,1728.8,1679.0,2095.6,2008.8
Mtus2,4.3,5.6,34.8,24.7
Mtx1,695.0,685.3,704.0,688.6
Mtx2,633.6,657.3,562.0,469.9
Mtx3,434.6,404.9,562.0,512.7
Muc1,2.2,5.6,3.5,7.6
Muc13,1.1,2.3,28.7,21.9
Muc15,0.0,0.0,1.7,0.0
Muc19,0.0,0.0,6.1,41.8
Muc20,1.1,0.0,1.7,1.9
Muc4,0.0,4.5,16.5,28.5
Muc5ac,4.3,2.3,10.4,16.2
Muc5b,26.9,15.7,56.6,100.8
Muc6,7.5,25.8,102.8,144.6
Mucl1,262.5,252.4,0.0,4.8
Mudeng,1166.2,1094.7,1002.0,991.1
Mug-ps1,2.2,2.3,0.0,3.8
Mug1,0.0,1.1,3.5,0.9
Mug2,1.1,2.3,1.7,1.9
Mul1,841.3,708.8,667.4,740.0
Mum1,554.0,466.6,519.3,518.4
Mum1l1,6.5,1.1,109.8,38.0
Mup1,0.0,0.0,0.0,0.0
Mup10,0.0,1.1,0.0,0.0
Mup11,0.0,0.0,0.0,0.0
Mup12,0.0,0.0,0.0,0.0
Mup13,0.0,0.0,0.0,0.0
Mup14,0.0,0.0,0.0,0.0
Mup15,0.0,0.0,0.0,0.0
Mup16,1.1,0.0,0.0,0.0
Mup17,0.0,0.0,0.0,0.0
Mup19,0.0,0.0,0.0,0.0
Mup2,0.0,0.0,0.9,0.0
Mup20,0.0,0.0,0.0,0.0
Mup21,0.0,0.0,0.9,0.0
Mup3,0.0,0.0,0.0,0.0
Mup4,0.0,0.0,0.0,0.9
Mup5,0.0,0.0,0.0,0.9
Mup6,0.0,0.0,0.0,0.0
Mup7,0.0,0.0,0.0,1.9
Mup8,0.0,0.0,0.0,0.0
Mup9,0.0,0.0,0.0,0.0
Murc,22.6,23.6,67.1,22.8
Mus81,375.5,375.7,342.4,332.9
Musk,0.0,0.0,6.1,1.9
Mustn1,8.6,5.6,118.5,39.0
Mut,1796.6,1691.3,1231.2,1172.8
Muted,592.8,510.3,399.9,369.0
Mutyh,18.3,23.6,38.3,25.7
Mvd,3163.9,3042.8,386.0,417.6
Mvk,541.1,541.7,344.2,346.2
Mvp,5020.7,4957.4,5079.1,5549.0
Mx1,185.0,197.4,1118.8,1332.6
Mx2,58.1,50.5,513.2,561.2
Mxd1,926.3,987.0,988.1,1088.1
Mxd3,740.2,614.6,339.8,357.6
Mxd4,947.8,808.7,1333.1,1533.3
Mxi1,2097.8,2033.4,797.3,919.8
Mxra7,8.6,0.0,62.7,28.5
Mxra8,3.2,4.5,745.0,230.2
Myadm,8078.2,7906.0,4890.0,4267.8
Myadml2,2.2,4.5,18.3,11.4
Myb,5.4,10.1,106.3,96.1
Mybbp1a,2533.5,2636.8,3054.1,2904.8
Mybl1,36.6,41.5,88.0,48.5
Mybl2,21.5,33.7,79.3,56.1
Mybpc1,0.0,0.0,0.9,7.6
Mybpc2,1.1,1.1,0.0,9.5
Mybpc3,57.0,51.6,23.5,29.5
Mybph,0.0,1.1,9.6,15.2
Mybphl,5.4,1.1,5.2,5.7
Myc,492.7,495.7,426.1,272.0
Mycbp,476.6,482.3,496.7,455.6
Mycbp2,10263.1,10549.5,7032.6,7958.3
Mycbpap,0.0,4.5,1.7,6.7
Mycl1,53.8,35.9,83.6,92.3
Mycn,0.0,1.1,9.6,10.5
Mycs,0.0,0.0,0.0,0.0
Myct1,2.2,4.5,8.7,11.4
Myd88,1281.3,1331.3,1343.6,1265.0
Myef2,253.9,222.1,496.7,422.3
Myeov2,1318.9,1371.7,836.5,883.6
Myf5,3.2,0.0,1.7,1.9
Myf6,0.0,0.0,0.0,1.9
Myg1,460.4,446.4,470.5,479.4
Myh1,0.0,2.3,2.6,1.9
Myh10,164.6,158.2,329.4,139.8
Myh11,8.6,0.0,19.2,18.1
Myh13,0.0,4.5,4.3,8.6
Myh14,0.0,0.0,1.7,5.7
Myh15,0.0,0.0,75.8,66.6
Myh2,0.0,0.0,2.6,1.9
Myh3,2.2,3.4,2.6,9.5
Myh4,0.0,2.3,4.3,4.8
Myh6,3.2,1.1,4.3,11.4
Myh7,0.0,3.4,9.6,14.3
Myh7b,9.7,7.9,18.3,21.9
Myh8,2.2,0.0,4.3,13.3
Myh9,19776.4,19699.3,18361.9,16194.4
Myl1,0.0,0.0,0.0,0.0
Myl10,7.5,0.0,20.0,26.6
Myl12a,5154.1,4985.4,4402.9,3420.4
Myl12b,5666.2,5399.3,3353.8,4084.3
Myl2,0.0,0.0,3.5,4.8
Myl3,0.0,0.0,1.7,1.9
Myl4,0.0,4.5,0.9,10.5
Myl6,2143.0,1926.9,1843.8,1856.7
Myl6b,61.3,43.8,23.5,34.2
Myl7,0.0,0.0,1.7,0.9
Myl9,2.2,0.0,1858.6,722.9
Mylip,1649.2,1635.3,2553.9,2849.7
Mylk,8.6,16.8,1235.6,522.2
Mylk2,4.3,4.5,3.5,5.7
Mylk3,2.2,0.0,2.6,6.7
Mylk4,0.0,0.0,0.9,8.6
Mylpf,11.8,12.3,3.5,13.3
Mynn,685.3,646.0,796.4,724.8
Myo10,2101.0,2132.1,2658.5,2027.9
Myo15,5.4,10.1,18.3,17.1
Myo16,5.4,3.4,2.6,4.8
Myo18a,1132.8,1140.7,1858.6,2196.2
Myo18b,3.2,2.3,8.7,32.3
Myo19,143.1,124.5,193.4,122.7
Myo1a,3.2,4.5,0.9,1.9
Myo1b,229.2,214.2,724.1,224.5
Myo1c,6591.4,6575.8,8229.8,6960.6
Myo1d,157.1,126.7,281.4,109.4
Myo1e,7442.4,7506.7,4244.3,4371.5
Myo1f,21320.1,21120.4,15371.4,18402.0
Myo1g,5505.9,5862.5,2535.6,3197.8
Myo1h,824.1,740.2,799.9,693.4
Myo3a,0.0,0.0,3.5,8.6
Myo3b,3.2,4.5,7.0,3.8
Myo5a,31989.9,31830.3,19833.6,20346.2
Myo5b,22.6,24.7,8.7,18.1
Myo5c,2.2,2.3,1.7,6.7
Myo6,415.3,398.2,108.9,82.7
Myo7a,4593.7,4377.5,1356.7,1383.0
Myo7b,0.0,2.3,3.5,10.5
Myo9a,2968.1,2895.9,2896.3,2648.0
Myo9b,3202.7,3130.3,2921.6,3607.7
Myoc,0.0,0.0,0.0,7.6
Myocd,0.0,0.0,17.4,11.4
Myod1,0.0,0.0,0.0,5.7
Myof,33423.9,33643.9,8022.5,7935.5
Myog,0.0,0.0,0.0,0.9
Myom1,15.1,14.6,452.2,345.3
Myom2,0.0,0.0,0.9,6.7
Myom3,18.3,24.7,2.6,13.3
Myot,0.0,3.4,0.0,1.9
Myoz1,1.1,6.7,2.6,4.8
Myoz2,0.0,2.3,0.0,1.9
Myoz3,3.2,1.1,3.5,4.8
Mypn,0.0,0.0,1.7,6.7
Mypop,44.1,49.4,54.9,81.8
Myrip,1.1,0.0,5.2,7.6
Mysm1,2732.5,2584.1,2638.4,2444.5
Myst1,436.8,474.4,425.2,501.3
Myst2,2916.5,2846.6,2695.9,2738.4
Myst3,1391.0,1413.2,2251.5,2256.1
Myst4,602.5,539.5,578.6,630.6
Myt1,2.2,0.0,0.9,10.5
Myt1l,0.0,0.0,4.3,9.5
Myzap,2.2,5.6,7.0,2.8
Mzf1,43.0,24.7,53.1,67.5
Mzt1,1162.9,1070.0,813.0,704.8
Mzt2,198.0,203.0,149.9,192.1
N28178,17.2,9.0,13.1,23.8
N4bp1,1467.4,1559.0,1235.6,1411.5
N4bp2,701.4,717.8,971.5,931.2
N4bp2l1,625.0,643.8,1165.0,1263.1
N4bp2l2,1657.8,1740.7,2349.1,2177.2
N4bp3,579.9,573.1,343.3,449.9
N6amt1,371.2,315.2,360.7,312.0
N6amt2,263.6,269.2,222.2,193.1
Naa10,260.3,199.6,353.8,334.8
Naa11,1.1,2.3,3.5,1.9
Naa15,2676.6,2431.6,2634.1,2290.4
Naa16,532.5,526.0,483.6,423.3
Naa20,1187.7,1216.9,565.5,565.0
Naa25,1146.8,1196.7,1151.9,999.7
Naa30,892.9,989.2,1174.6,1076.7
Naa35,672.4,853.5,643.0,545.0
Naa38,440.0,465.5,338.1,301.5
Naa40,1487.8,1611.7,1070.9,1122.4
Naa50,1707.3,1847.2,1849.0,1595.1
Naaa,21723.6,21388.4,1535.3,1981.3
Naalad2,22.6,7.9,22.6,22.8
Naaladl1,6.5,6.7,7.8,11.4
Nab1,1695.5,1627.4,2755.2,2440.7
Nab2,1694.4,1768.7,1501.3,1474.3
Naca,487.3,398.2,379.0,330.0
Nacad,79.6,74.0,101.9,113.2
Nacc1,2177.4,1998.7,2170.5,2417.8
Nacc2,724.0,707.7,2263.7,2311.3
Nadk,4480.7,4147.6,7827.3,8573.7
Nadsyn1,395.9,410.5,176.9,242.5
Nae1,760.6,689.8,762.4,517.4
Naf1,139.9,138.0,183.0,178.8
Naga,5213.3,5347.7,2237.6,2329.4
Nagk,927.3,863.6,616.9,734.3
Naglu,8924.8,8802.1,2810.1,3145.5
Nagpa,2878.8,2660.4,1424.6,1847.1
Nags,128.0,111.0,1.7,1.9
Naif1,185.0,182.8,201.3,248.2
Naip1,812.2,772.8,131.6,146.5
Naip2,4907.8,4817.2,2056.4,2130.6
Naip5,2655.1,2755.7,1420.3,1549.4
Naip6,3473.8,3498.2,820.8,1615.1
Naip7,2672.3,2735.5,709.3,1269.8
Nalcn,1.1,0.0,3.5,2.8
Nampt,11422.8,10821.0,6156.0,6119.7
Nanog,2.2,0.0,2.6,4.8
Nanos1,145.2,140.2,208.2,214.0
Nanos2,0.0,4.5,2.6,12.4
Nanos3,2.2,4.5,1.7,0.9
Nanp,241.0,209.7,296.2,257.8
Nans,2609.9,2700.8,1096.1,1141.4
Nap1l1,1336.1,1368.3,2335.2,2035.5
Nap1l2,8.6,2.3,13.9,7.6
Nap1l3,0.0,5.6,7.0,1.9
Nap1l4,2225.8,2122.0,2214.9,2129.6
Nap1l5,2.2,6.7,19.2,27.6
Napa,3704.0,3755.0,2302.1,2460.6
Napb,100.1,115.5,135.9,122.7
Napepld,202.3,180.6,94.1,66.6
Napg,1633.1,1689.1,1339.2,1297.4
Naprt1,60.3,105.4,252.7,315.8
Napsa,5510.2,5481.1,868.7,1175.6
Narf,3138.1,3130.3,1262.6,1252.7
Narfl,1047.8,1119.3,1009.0,1013.0
Narg2,462.6,461.0,572.5,585.0
Nars,4111.7,4050.0,4573.7,4121.4
Nars2,362.5,316.3,252.7,209.3
Nasp,525.0,523.8,354.6,371.9
Nat1,0.0,0.0,0.0,1.9
Nat10,1241.5,1278.6,793.8,693.4
Nat14,8.6,9.0,11.3,20.0
Nat15,2176.3,1977.3,1793.2,1911.8
Nat2,274.3,231.1,297.1,237.8
Nat3,1.1,0.0,2.6,0.0
Nat6,411.0,371.3,324.1,413.7
Nat8,0.0,2.3,0.0,0.0
Nat8l,153.8,134.6,168.2,198.8
Nat9,331.4,392.6,267.5,300.6
Nav1,735.9,748.1,1948.3,2162.0
Nav2,748.8,721.2,542.0,682.0
Nav3,5.4,2.3,41.8,22.8
Nbas,1906.3,1834.9,1141.5,1152.8
Nbea,1.1,6.7,109.8,44.7
Nbeal1,3599.6,3589.0,3572.5,2974.3
Nbeal2,1756.8,1756.4,1232.9,1558.9
Nbl1,18.3,4.5,292.8,157.9
Nbn,730.5,649.4,868.7,760.0
Nbr1,4609.8,4699.4,4710.5,4492.3
Ncald,7.5,3.4,17.4,9.5
Ncam1,35.5,39.3,711.0,309.1
Ncam2,1.1,3.4,7.0,11.4
Ncan,2.2,1.1,3.5,15.2
Ncapd2,392.7,416.1,412.1,419.5
Ncapd3,812.2,722.3,947.1,844.6
Ncapg,274.3,249.0,354.6,242.5
Ncapg2,2473.3,2613.3,5021.6,5025.9
Ncaph,165.7,185.1,325.0,323.4
Ncaph2,1798.7,1949.3,1856.0,1986.0
Ncbp1,1711.6,1821.4,1246.0,1046.3
Ncbp2,876.8,929.8,955.9,866.5
Nccrp1,0.0,0.0,0.9,4.8
Ncdn,937.0,872.6,775.5,818.0
Nceh1,17771.1,17182.5,15135.3,15548.5
Ncf1,15292.4,15263.5,8628.1,9886.3
Ncf2,4388.2,4343.9,2865.8,3316.7
Ncf4,5968.5,5582.1,5027.7,5346.4
Nck1,1973.0,1827.1,963.7,888.4
Nck2,37.7,20.2,149.0,132.2
Nckap1,264.7,261.3,992.5,323.4
Nckap1l,19641.9,19707.2,17098.4,19000.3
Nckap5,1.1,1.1,4.3,12.4
Nckap5l,1214.6,1224.8,158.6,161.7
Nckipsd,348.6,290.5,562.0,593.5
Ncl,612.1,712.2,1378.5,1169.0
Ncln,3390.9,3213.3,2200.1,2401.7
Ncoa1,2666.9,2380.0,3305.9,3716.2
Ncoa2,1611.5,1528.7,2831.0,2968.6
Ncoa3,7307.9,7487.6,10734.1,12927.2
Ncoa4,16961.0,16848.3,9423.6,9601.0
Ncoa5,800.4,859.1,1035.1,1067.2
Ncoa6,1954.7,2025.6,1662.5,2026.0
Ncoa7,722.9,731.3,1578.9,1383.0
Ncor1,5383.3,5399.3,5462.5,5775.4
Ncor2,267.9,264.7,529.8,690.5
Ncr1,0.0,0.0,2.6,0.9
Ncrna00085,6.5,23.6,33.1,32.3
Ncrna00086,0.0,2.3,21.8,23.8
Ncs1,139.9,114.4,437.4,175.0
Ncstn,9634.8,9029.8,6118.6,5995.1
Nctc1,0.0,5.6,7.0,8.6
Ndc80,71.0,94.2,189.1,114.1
Nde1,1030.6,1095.8,1374.1,1364.0
Ndel1,3289.8,3175.2,2216.7,1926.1
Ndfip1,2292.5,2332.9,2730.8,2376.9
Ndfip2,2042.9,1833.8,1356.7,1227.9
Ndn,0.0,0.0,162.9,42.8
Ndnl2,461.5,393.7,538.5,485.1
Ndor1,575.6,647.2,659.6,634.4
Ndp,0.0,0.0,3.5,0.0
Ndrg1,2518.4,2507.8,1629.4,1964.1
Ndrg2,53.8,37.0,9.6,18.1
Ndrg3,1660.0,1703.7,1536.2,1563.7
Ndrg4,60.3,67.3,197.8,55.2
Ndst1,6013.7,5736.9,1592.8,1766.3
Ndst2,1966.6,2107.4,2268.1,2481.6
Ndst3,0.0,0.0,1.7,0.9
Ndst4,0.0,0.0,0.9,0.0
Ndufa1,1027.4,992.6,382.5,449.9
Ndufa10,2081.7,1937.0,1400.2,1351.6
Ndufa11,742.3,702.1,562.9,511.7
Ndufa12,163.5,167.1,142.9,169.3
Ndufa13,1622.3,1745.2,1158.0,1344.9
Ndufa2,2029.0,2152.3,1377.6,1649.3
Ndufa3,1318.9,1314.5,840.8,896.9
Ndufa4,604.6,587.7,1768.8,1640.7
Ndufa4l2,0.0,4.5,6.1,6.7
Ndufa5,108.7,77.4,95.0,71.3
Ndufa6,2027.9,1897.7,1642.5,1979.4
Ndufa7,1128.5,1015.0,942.8,1133.8
Ndufa8,1261.9,1247.2,984.6,1039.6
Ndufa9,1684.7,1763.1,1155.4,1259.3
Ndufab1,136.6,142.4,104.6,88.5
Ndufaf1,214.1,243.4,200.4,134.1
Ndufaf2,178.6,182.8,141.1,117.9
Ndufaf3,346.4,337.6,209.1,254.0
Ndufaf4,370.1,364.5,296.2,209.3
Ndufb10,1626.6,1664.4,1246.9,1426.7
Ndufb11,1149.0,1068.9,958.5,978.7
Ndufb2,681.0,660.6,409.5,374.8
Ndufb3,592.8,583.2,488.8,465.1
Ndufb4,248.5,168.2,170.8,123.6
Ndufb5,1486.8,1474.9,1053.4,1042.5
Ndufb6,700.3,680.8,529.8,413.7
Ndufb7,1904.2,1911.2,1002.9,1231.7
Ndufb8,1780.4,1793.4,1413.3,1614.1
Ndufb9,1744.9,1679.0,1458.6,1365.9
Ndufc1,277.6,324.1,169.0,141.7
Ndufc2,1052.1,973.5,1117.9,1024.4
Ndufs1,3143.5,3208.8,2090.3,1808.1
Ndufs2,2290.4,2375.5,1886.5,2100.1
Ndufs3,264.7,277.0,264.0,288.2
Ndufs4,1155.4,1169.8,775.5,739.0
Ndufs5,209.8,227.7,108.9,152.2
Ndufs6,489.5,492.4,307.6,353.8
Ndufs7,1293.1,1334.7,927.1,1114.8
Ndufs8,1456.6,1328.0,1285.2,1539.0
Ndufv1,2152.7,2072.7,1133.6,1214.6
Ndufv2,1669.6,1643.1,1327.9,1378.2
Ndufv3,1813.8,1672.3,993.3,1105.2
Neat1,12666.4,12476.4,9040.2,10535.0
Neb,23.7,13.5,35.7,38.0
Nebl,2.2,2.3,6.1,1.9
Necab1,0.0,0.0,0.9,1.9
Necab2,0.0,0.0,1.7,3.8
Necab3,7.5,5.6,7.8,10.5
Necap1,2171.0,2263.3,2072.0,1934.6
Necap2,1991.3,2027.8,2746.5,2899.1
Nedd1,820.8,727.9,823.4,726.7
Nedd4,649.8,678.6,5906.8,1972.7
Nedd4l,749.8,703.2,791.2,749.5
Nedd8,2134.4,2053.6,1807.2,1983.2
Nedd9,2780.9,2692.9,1065.6,1089.1
Nefh,2.2,0.0,1.7,11.4
Nefl,0.0,0.0,0.0,0.9
Nefm,0.0,1.1,4.3,10.5
Negr1,2.2,2.3,141.1,145.5
Neil1,186.1,130.1,118.5,97.0
Neil2,137.7,127.9,49.7,59.9
Neil3,36.6,48.2,85.4,75.1
Nek1,494.9,499.1,383.4,358.6
Nek10,40.9,31.4,15.7,15.2
Nek11,1.1,1.1,3.5,0.9
Nek2,85.0,123.4,110.6,123.6
Nek3,46.3,33.7,36.6,49.5
Nek4,391.6,348.8,379.9,299.6
Nek5,0.0,6.7,2.6,3.8
Nek6,8947.4,8884.0,2194.0,2188.6
Nek7,5310.1,5376.8,4585.9,3935.9
Nek8,113.0,87.5,89.7,109.4
Nek9,7452.0,7351.9,6338.2,6602.9
Nelf,403.4,402.7,405.2,364.3
Nell1,0.0,1.1,6.1,3.8
Nell2,0.0,0.0,1.7,6.7
Nemf,2002.1,1773.2,1774.9,1647.4
Nenf,432.5,524.9,536.7,437.5
Neo1,6.5,4.5,715.4,315.8
Nepn,0.0,0.0,1.7,0.0
Nes,9.7,16.8,776.4,268.2
Nespas,16.1,11.2,9.6,10.5
Net1,592.8,572.0,176.9,123.6
Neto1,0.0,1.1,1.7,2.8
Neto2,459.4,421.7,42.7,39.9
Neu1,4937.9,4939.4,2472.9,2588.1
Neu2,0.0,0.0,0.0,4.8
Neu3,62.4,86.4,32.2,42.8
Neu4,0.0,0.0,3.5,6.7
Neurl1a,0.0,12.3,100.2,144.6
Neurl1b,73.2,46.0,83.6,121.7
Neurl2,441.1,415.0,337.2,358.6
Neurl3,2306.5,2267.8,7021.3,8296.0
Neurl4,1169.4,1120.5,1058.7,1138.5
Neurod1,0.0,2.3,4.3,0.0
Neurod2,0.0,4.5,2.6,5.7
Neurod4,0.0,0.0,0.0,1.9
Neurod6,0.0,0.0,0.9,1.9
Neurog1,0.0,0.0,0.0,1.9
Neurog2,0.0,0.0,2.6,4.8
Neurog3,0.0,0.0,1.7,1.9
Nexn,61.3,66.2,111.5,118.9
Nf1,4619.5,4668.0,3975.9,3647.7
Nf2,2021.4,1860.7,2395.3,2492.0
Nfam1,5609.2,5595.5,6023.6,6803.6
Nfasc,0.0,0.0,9.6,24.7
Nfat5,2245.2,2411.4,3402.6,3274.8
Nfatc1,904.8,1016.2,1172.8,1247.0
Nfatc2,159.2,177.2,993.3,1182.3
Nfatc2ip,381.9,380.2,279.7,297.7
Nfatc3,2783.1,2839.8,2634.9,2470.1
Nfatc4,14.0,9.0,138.5,41.8
Nfe2,761.7,741.4,95.0,115.1
Nfe2l1,8463.3,8528.5,5526.9,4987.9
Nfe2l2,13698.1,13392.7,10302.8,10348.6
Nfe2l3,104.4,95.3,156.8,214.0
Nfia,172.1,145.8,789.4,804.7
Nfib,0.0,0.0,414.7,138.9
Nfic,137.7,201.9,543.7,604.0
Nfil3,209.8,284.9,264.9,209.3
Nfix,172.1,155.9,247.5,245.4
Nfkb1,2301.1,2209.5,3497.6,3825.5
Nfkb2,1095.2,1167.6,2256.8,2318.0
Nfkbia,1309.2,1365.0,1790.6,2166.7
Nfkbib,398.1,412.7,352.0,376.7
Nfkbid,454.0,483.4,412.1,467.0
Nfkbie,406.7,366.8,792.9,886.5
Nfkbil1,280.8,270.3,305.8,339.6
Nfkbiz,249.6,244.5,1856.0,1766.3
Nfrkb,1070.4,1053.2,1122.3,1306.9
Nfs1,1323.2,1278.6,775.5,799.9
Nfu1,398.1,366.8,426.9,360.5
Nfx1,2555.0,2480.9,2107.8,2035.5
Nfxl1,308.8,344.3,2162.7,2319.9
Nfya,3792.2,3538.6,2732.5,2930.5
Nfyb,446.5,325.3,467.9,450.8
Nfyc,560.5,517.1,458.3,450.8
Ng23,6.5,0.0,20.9,32.3
Ngb,2.2,6.7,2.6,4.8
Ngdn,795.0,845.7,646.5,617.3
Ngef,0.0,1.1,2.6,3.8
Ngf,0.0,0.0,162.1,62.8
Ngfr,0.0,2.3,2.6,7.6
Ngfrap1,516.4,465.5,592.5,691.5
Ngly1,484.1,487.9,570.7,564.0
Ngp,45.2,35.9,3367.7,3536.4
Ngrn,488.4,556.3,496.7,456.6
Nhedc1,3.2,3.4,1.7,7.6
Nhedc2,20.4,5.6,11.3,21.9
Nhej1,69.9,69.5,40.9,78.9
Nhlh1,2.2,4.5,0.0,2.8
Nhlh2,0.0,0.0,0.0,3.8
Nhlrc1,100.1,107.7,81.0,73.2
Nhlrc2,1202.7,1101.4,1008.1,952.1
Nhlrc3,1303.9,1238.2,806.9,762.8
Nhlrc4,2.2,3.4,2.6,2.8
Nhp2,1097.3,1037.5,585.5,490.8
Nhp2l1,817.6,849.0,934.1,745.7
Nhs,0.0,0.0,29.6,5.7
Nhsl1,10.8,15.7,34.8,14.3
Nhsl2,179.7,175.0,587.3,479.4
Niacr1,646.6,664.0,79.3,99.9
Nicn1,301.2,235.5,264.9,276.8
Nid1,64.6,52.7,2058.1,856.0
Nid2,3.2,5.6,162.1,99.9
Nif3l1,356.1,326.4,296.2,286.3
Nin,6546.2,7032.3,3806.9,3445.1
Ninj1,3724.4,3620.4,7636.5,9966.2
Ninj2,0.0,0.0,0.9,2.8
Ninl,52.7,84.1,159.4,131.3
Nip7,715.4,714.5,494.9,508.9
Nipa1,403.4,457.6,233.5,213.1
Nipa2,2478.6,2357.6,2753.4,2444.5
Nipal1,2.2,4.5,101.1,32.3
Nipal2,0.0,2.3,2.6,1.9
Nipal3,2040.8,1986.3,824.3,1025.3
Nipal4,7.5,0.0,3.5,9.5
Nipbl,5671.6,5592.2,6394.8,6509.7
Nipsnap1,153.8,139.1,81.9,123.6
Nipsnap3a,0.0,0.0,0.0,0.9
Nipsnap3b,1257.6,1224.8,874.8,1031.0
Nisch,3029.4,3003.6,4761.0,5215.2
Nit1,741.2,699.9,501.9,495.5
Nit2,313.1,320.8,487.1,471.8
Nkain1,414.2,342.1,115.0,63.7
Nkain2,0.0,0.0,1.7,4.8
Nkain3,2.2,0.0,1.7,0.9
Nkain4,0.0,0.0,0.0,0.0
Nkap,482.0,440.8,476.6,450.8
Nkapl,28.0,10.1,24.4,24.7
Nkd1,0.0,1.1,1.7,6.7
Nkd2,4.3,6.7,109.8,56.1
Nkg7,0.0,0.0,7.0,0.0
Nkiras1,782.1,771.7,606.4,639.2
Nkiras2,1949.3,1876.4,1656.4,1887.1
Nkpd1,0.0,0.0,3.5,6.7
Nkrf,153.8,141.3,142.9,85.6
Nktr,5576.9,5382.4,3089.8,3077.9
Nkx1-2,0.0,0.0,1.7,2.8
Nkx2-1,0.0,0.0,2.6,2.8
Nkx2-2,0.0,0.0,0.0,5.7
Nkx2-2as,0.0,1.1,3.5,13.3
Nkx2-3,0.0,0.0,3.5,3.8
Nkx2-4,0.0,0.0,1.7,1.9
Nkx2-5,0.0,2.3,1.7,1.9
Nkx2-6,2.2,0.0,0.0,3.8
Nkx2-9,0.0,0.0,0.0,1.9
Nkx3-1,1.1,0.0,1.7,1.9
Nkx3-2,0.0,0.0,0.0,1.9
Nkx6-1,0.0,0.0,1.7,1.9
Nkx6-2,43.0,47.1,54.0,61.8
Nkx6-3,1.1,2.3,2.6,1.9
Nle1,205.5,216.5,164.7,165.5
Nlgn1,1.1,0.0,4.3,1.9
Nlgn2,59.2,47.1,187.3,173.1
Nlgn3,4.3,0.0,1.7,4.8
Nlk,1048.9,973.5,1129.3,1162.3
Nln,2786.3,2902.6,1287.8,1155.7
Nlrc3,468.0,459.9,142.0,165.5
Nlrc4,903.7,923.1,1225.1,1111.9
Nlrc5,888.6,923.1,1133.6,1370.6
Nlrp10,120.5,122.3,201.3,179.8
Nlrp12,0.0,0.0,21.8,14.3
Nlrp14,0.0,0.0,0.0,2.8
Nlrp1a,78.5,105.4,502.8,556.4
Nlrp1b,120.5,150.3,200.4,206.4
Nlrp1c-ps,4.3,1.1,11.3,7.6
Nlrp2,0.0,2.3,0.9,5.7
Nlrp3,2304.4,2400.2,3738.1,4093.8
Nlrp4a,1.1,0.0,0.0,0.0
Nlrp4b,2.2,0.0,0.9,0.9
Nlrp4c,0.0,0.0,1.7,0.0
Nlrp4e,2.2,0.0,0.0,1.9
Nlrp4f,0.0,2.3,0.9,4.8
Nlrp4g,0.0,0.0,0.0,0.0
Nlrp5,2.2,0.0,7.8,4.8
Nlrp6,0.0,0.0,0.0,10.5
Nlrp9a,2.2,0.0,0.9,3.8
Nlrp9b,0.0,2.3,1.7,6.7
Nlrp9c,0.0,0.0,0.9,1.9
Nlrx1,880.0,1004.9,405.2,470.8
Nmb,55.9,65.1,27.9,18.1
Nmbr,0.0,0.0,0.0,0.0
Nmd3,442.2,465.5,876.6,726.7
Nme1,1782.6,1860.7,1037.8,768.5
Nme2,2134.4,2218.5,1144.1,817.0
Nme3,428.2,415.0,344.2,392.8
Nme4,11.8,18.0,358.1,336.7
Nme5,0.0,6.7,4.3,0.0
Nme6,223.8,203.0,132.4,156.9
Nme7,261.4,259.1,255.3,216.9
Nmi,313.1,292.7,388.6,420.4
Nmnat1,125.9,155.9,107.2,116.0
Nmnat2,1.1,1.1,58.4,35.2
Nmnat3,484.1,455.4,273.6,272.0
Nmral1,82.8,107.7,265.7,321.5
Nms,0.0,0.0,0.0,0.0
Nmt1,3272.6,3186.4,3218.7,3354.7
Nmt2,871.4,828.9,457.4,434.7
Nmu,0.0,0.0,0.9,0.0
Nmur1,0.0,0.0,1.7,0.0
Nmur2,1.1,1.1,0.9,3.8
Nnat,68.9,53.8,33.1,74.2
Nnmt,37.7,30.3,40.1,12.4
Nnt,1665.3,1683.5,1670.4,1616.0
Noa1,423.9,454.2,403.4,380.5
Nob1,442.2,495.7,490.6,461.3
Nobox,0.0,1.1,3.5,0.0
Noc3l,459.4,508.1,498.4,412.8
Noc4l,490.6,518.2,347.7,418.5
Nod1,692.8,661.7,1181.5,1330.7
Nod2,171.1,158.2,173.4,233.0
Nodal,2.2,0.0,4.3,4.8
Nog,0.0,0.0,3.5,6.7
Nol10,611.1,561.9,636.1,488.9
Nol11,931.6,1025.1,1006.4,786.6
Nol12,630.4,627.0,395.6,415.7
Nol3,25.8,29.2,54.9,38.0
Nol4,0.0,0.0,3.5,5.7
Nol6,932.7,1043.1,875.7,872.2
Nol7,1012.3,1100.3,969.8,1005.4
Nol8,892.9,872.6,643.9,551.7
Nol9,490.6,587.7,598.6,582.1
Nolc1,990.8,917.5,941.0,677.2
Nom1,1099.5,1142.9,1263.4,1056.7
Nomo1,1279.1,1179.9,1063.9,971.1
Nono,1982.7,1855.1,2188.8,2391.2
Nop10,754.1,673.0,826.0,677.2
Nop14,1160.8,1082.3,916.6,799.0
Nop16,479.8,556.3,341.6,325.3
Nop2,707.9,828.9,818.2,642.0
Nop56,935.9,1056.5,1090.9,892.2
Nop58,748.8,694.3,957.6,748.6
Nos1,0.0,0.0,1.7,13.3
Nos1ap,32.3,26.9,39.2,40.9
Nos2,47.3,43.8,4.3,7.6
Nos3,11.8,10.1,7.8,12.4
Nosip,958.5,868.1,1138.8,1292.6
Nostrin,447.5,383.6,284.9,299.6
Notch1,3413.5,3397.3,3593.4,4711.1
Notch2,11536.8,11560.1,17084.5,21982.2
Notch3,3.2,2.3,54.9,34.2
Notch4,63.5,74.0,107.2,112.2
Noto,0.0,0.0,1.7,1.9
Notum,7.5,2.3,9.6,3.8
Nov,21095.3,20233.2,39.2,68.5
Nova1,0.0,2.3,7.8,3.8
Nova2,0.0,1.1,19.2,13.3
Nox1,0.0,0.0,2.6,1.9
Nox3,0.0,0.0,0.9,0.0
Nox4,0.0,1.1,11.3,5.7
Noxa1,0.0,0.0,1.7,1.9
Noxo1,66.7,69.5,97.6,95.1
Npas1,10.8,22.4,20.9,33.3
Npas2,97.9,76.3,42.7,22.8
Npas3,0.0,2.3,7.0,8.6
Npas4,2.2,2.3,16.5,7.6
Npat,1073.7,981.4,1107.5,1023.4
Npb,0.0,0.0,3.5,2.8
Npbwr1,2.2,1.1,4.3,6.7
Npc1,20908.1,20718.8,10902.3,11792.4
Npc1l1,2.2,5.6,10.4,12.4
Npc2,41672.0,41099.0,25254.2,26687.5
Npcd,25.8,10.1,87.1,136.0
Npdc1,25.8,14.6,150.7,52.3
Npepl1,1167.2,1133.9,1563.2,1688.3
Npepps,5454.3,5437.4,2634.9,2476.8
Npff,40.9,29.2,62.7,40.9
Npffr1,0.0,0.0,0.0,2.8
Npffr2,0.0,0.0,0.0,0.9
Nphp1,316.3,311.8,267.5,235.9
Nphp3,130.2,154.8,212.6,216.9
Nphp4,12.9,18.0,47.0,24.7
Nphs1,0.0,1.1,0.9,5.7
Nphs1as,0.0,0.0,0.0,1.9
Nphs2,0.0,2.3,5.2,3.8
Npl,166.8,175.0,110.6,84.6
Nploc4,3477.0,3504.9,2923.4,2971.4
Npm1,1513.7,1499.6,1748.8,1611.3
Npm2,1.1,4.5,2.6,11.4
Npm3,109.7,125.6,136.8,124.6
Npm3-ps1,337.8,370.1,375.5,395.7
Npnt,5.4,5.6,248.3,96.1
Nppa,3.2,4.5,8.7,4.8
Nppb,0.0,0.0,0.0,0.9
Nppc,0.0,0.0,0.0,0.9
Npr1,8.6,1.1,2.6,8.6
Npr2,0.0,2.3,169.9,61.8
Npr3,4.3,2.3,40.1,15.2
Nprl2,365.8,351.1,320.6,341.5
Nprl3,509.9,458.7,377.3,420.4
Nps,0.0,0.0,1.7,0.0
Npsr1,0.0,2.3,2.6,3.8
Nptn,7689.8,7378.8,8683.8,8649.8
Nptx1,0.0,1.1,41.8,30.4
Nptx2,0.0,0.0,23.5,3.8
Nptxr,19.4,7.9,17.4,31.4
Npvf,0.0,0.0,21.8,10.5
Npw,0.0,4.5,2.6,0.0
Npy,1718.1,1553.4,52.3,67.5
Npy1r,0.0,0.0,3.5,2.8
Npy2r,2.2,0.0,3.5,8.6
Npy5r,0.0,0.0,0.0,2.8
Npy6r,0.0,0.0,0.0,1.9
Nqo1,231.3,258.0,270.1,177.9
Nqo2,1906.3,1703.7,1266.9,1167.1
Nr0b1,0.0,0.0,0.0,1.9
Nr0b2,2.2,2.3,1.7,6.7
Nr1d1,72.1,62.8,305.0,250.1
Nr1d2,966.1,981.4,1427.3,1096.7
Nr1h2,1442.6,1443.5,1165.0,1444.8
Nr1h3,509.9,457.6,399.9,481.3
Nr1h4,0.0,0.0,0.0,0.9
Nr1h5,0.0,0.0,1.7,1.9
Nr1i2,8.6,5.6,3.5,20.9
Nr1i3,12.9,4.5,8.7,6.7
Nr2c1,594.9,697.6,672.7,633.5
Nr2c2,2794.9,2948.6,3067.1,2851.6
Nr2c2ap,640.1,633.7,367.7,390.9
Nr2e1,0.0,0.0,0.0,5.7
Nr2e3,1.1,1.1,0.0,2.8
Nr2f1,1.1,0.0,10.4,0.9
Nr2f2,0.0,5.6,66.2,28.5
Nr2f6,699.3,581.0,655.2,507.0
Nr3c1,4410.8,4324.8,6701.5,6121.6
Nr3c2,44.1,65.1,88.0,88.5
Nr4a1,15.1,19.1,108.0,112.2
Nr4a2,7.5,0.0,25.3,23.8
Nr4a3,55.9,42.6,1.7,12.4
Nr5a1,0.0,0.0,4.3,7.6
Nr5a2,0.0,0.0,0.9,2.8
Nr6a1,148.5,178.3,139.4,157.9
Nradd,89.3,96.5,175.1,86.6
Nrap,3.2,2.3,6.1,9.5
Nrarp,2.2,5.6,5.2,7.6
Nras,8367.5,8390.5,6066.3,5971.4
Nrbf2,661.6,685.3,688.4,707.7
Nrbp1,2786.3,2738.9,2934.7,3082.7
Nrbp2,8.6,12.3,13.1,18.1
Nrcam,153.8,111.0,1164.1,1063.4
Nrd1,5412.3,5441.9,3948.1,4089.0
Nrf1,867.1,881.6,976.8,1001.6
Nrg1,20.4,25.8,14.8,23.8
Nrg2,8.6,12.3,39.2,83.7
Nrg3,1.1,0.0,0.9,5.7
Nrg4,320.6,374.6,108.0,108.4
Nrgn,4.3,16.8,51.4,39.0
Nrip1,285.1,353.3,410.4,432.8
Nrip2,10.8,7.9,12.2,13.3
Nrip3,17.2,20.2,35.7,36.1
Nrk,0.0,2.3,0.9,0.9
Nrl,0.0,0.0,0.0,1.9
Nrm,138.8,179.5,259.6,333.9
Nrn1,23.7,26.9,74.9,12.4
Nrn1l,2.2,2.3,0.0,3.8
Nron,20.4,22.4,36.6,36.1
Nrp,178.6,162.6,253.6,237.8
Nrp1,9957.6,10347.6,19379.6,19913.4
Nrp2,17111.6,16966.1,11203.7,11127.6
Nrsn1,0.0,0.0,0.9,1.9
Nrsn2,0.0,0.0,3.5,1.9
Nrtn,3.2,0.0,0.0,0.0
Nrxn1,4.3,4.5,9.6,17.1
Nrxn2,21.5,16.8,5.2,14.3
Nrxn3,0.0,0.0,4.3,13.3
Nsa2,2778.8,2655.9,1673.8,1766.3
Nsd1,10184.6,9817.1,9556.0,9314.7
Nsdhl,1599.7,1592.6,657.0,595.4
Nsf,3670.6,3490.3,2559.1,2670.8
Nsfl1c,374.4,364.5,396.5,430.9
Nsg1,54.9,62.8,176.9,119.8
Nsg2,0.0,0.0,3.5,2.8
Nsl1,102.2,132.4,101.9,87.5
Nsmaf,714.3,701.0,1751.4,1783.4
Nsmce1,264.7,252.4,425.2,489.8
Nsmce2,735.9,593.3,631.7,619.2
Nsmce4a,550.8,610.1,685.7,607.8
Nsun2,2346.3,2443.9,2524.3,2071.6
Nsun3,208.7,186.2,276.2,302.5
Nsun4,246.4,243.4,256.2,316.7
Nsun5,314.1,379.1,238.7,271.1
Nsun6,238.8,201.9,299.7,270.1
Nsun7,8.6,6.7,15.7,6.7
Nt5c,1110.2,1107.0,943.7,820.8
Nt5c1a,0.0,0.0,0.0,1.9
Nt5c1b,0.0,0.0,1.7,3.8
Nt5c2,1271.6,1325.7,1669.5,1752.0
Nt5c3,654.1,689.8,671.8,666.8
Nt5c3l,118.3,158.2,363.3,290.1
Nt5dc1,528.2,623.6,616.9,597.3
Nt5dc2,604.6,538.4,3469.7,4092.8
Nt5dc3,1601.9,1485.0,1097.9,1067.2
Nt5e,328.1,300.6,153.3,67.5
Nt5m,276.5,271.4,253.6,198.8
Ntan1,940.3,851.3,1077.8,955.9
Ntf3,0.0,2.3,0.0,0.0
Ntf5,0.0,0.0,0.0,1.9
Nthl1,91.4,84.1,95.8,110.3
Ntm,0.0,0.0,0.9,0.0
Ntn1,24.7,24.7,38.3,43.7
Ntn3,48.4,51.6,35.7,34.2
Ntn4,21.5,14.6,34.8,10.5
Ntn5,0.0,0.0,0.9,3.8
Ntng1,0.0,0.0,3.5,13.3
Ntng2,58.1,60.6,51.4,37.1
Ntpcr,392.7,404.9,641.3,720.0
Ntrk1,0.0,0.0,2.6,1.9
Ntrk2,1.1,0.0,9.6,16.2
Ntrk3,0.0,0.0,2.6,12.4
Nts,0.0,0.0,0.0,1.9
Ntsr1,0.0,0.0,3.5,7.6
Ntsr2,0.0,0.0,0.0,1.9
Nuak1,801.5,853.5,1629.4,1405.8
Nuak2,924.1,999.3,1033.4,1217.5
Nub1,3975.1,4064.6,2765.6,2863.9
Nubp1,1240.4,1308.9,912.3,845.6
Nubp2,414.2,448.6,383.4,450.8
Nubpl,78.5,81.9,83.6,76.1
Nucb1,7798.5,7846.5,4468.2,4881.3
Nucb2,1677.2,1740.7,773.7,740.0
Nucks1,2867.0,3033.9,3029.7,2410.2
Nudc,772.4,716.7,840.0,867.5
Nudcd1,463.7,429.6,382.5,347.2
Nudcd2,498.1,607.9,408.6,274.9
Nudcd3,3116.6,3139.3,2965.2,2843.0
Nudt1,132.3,99.8,145.5,155.0
Nudt10,0.0,0.0,1.7,0.0
Nudt11,0.0,0.0,1.7,4.8
Nudt12,121.6,130.1,46.2,43.7
Nudt13,327.0,344.3,353.8,332.9
Nudt14,115.1,157.0,210.0,266.3
Nudt15,117.3,106.6,101.1,98.0
Nudt16,398.1,411.6,426.1,444.2
Nudt16l1,1102.7,1017.3,1112.7,1207.0
Nudt17,22.6,11.2,20.9,25.7
Nudt18,759.5,677.4,454.0,536.4
Nudt19,814.4,988.1,433.9,366.2
Nudt2,355.0,306.2,278.8,263.5
Nudt21,252.8,305.1,246.6,252.1
Nudt22,151.7,177.2,163.8,165.5
Nudt3,2150.5,2120.9,1951.8,1768.2
Nudt4,1676.1,1765.4,2184.5,1895.7
Nudt5,734.8,799.7,406.9,400.4
Nudt6,100.1,90.9,109.8,92.3
Nudt7,224.8,232.2,228.3,197.8
Nudt8,12.9,16.8,13.1,14.3
Nudt9,1385.6,1444.6,1018.6,1064.3
Nuf2,91.4,121.1,171.6,141.7
Nufip1,380.8,348.8,550.7,541.2
Nufip2,8135.2,8031.6,5703.8,5137.2
Numa1,3287.6,3226.8,5829.3,6357.5
Numb,1126.4,1196.7,703.2,786.6
Numbl,214.1,247.9,311.9,293.9
Nup107,752.0,841.2,666.6,578.3
Nup133,377.6,462.1,511.5,487.0
Nup153,3500.6,3446.6,3472.3,3168.3
Nup155,1539.5,1538.8,1881.2,1600.8
Nup160,1317.9,1373.9,1103.1,1018.7
Nup188,1104.8,1130.6,875.7,971.1
Nup205,3747.0,3757.3,2640.2,2439.7
Nup210,423.9,436.3,123.7,104.6
Nup210l,37.7,52.7,43.6,38.0
Nup214,1429.7,1432.3,1609.4,1775.8
Nup35,136.6,116.7,81.9,89.4
Nup37,202.3,192.9,203.9,162.6
Nup43,78.5,94.2,138.5,116.0
Nup50,997.3,1013.9,785.1,706.7
Nup54,423.9,485.7,326.7,300.6
Nup62,2972.4,2872.4,1740.1,1795.8
Nup62-il4i1,530.4,471.1,275.3,292.0
Nup62cl,0.0,0.0,0.0,0.9
Nup85,580.9,605.7,916.6,809.4
Nup88,1867.6,1944.8,1838.5,1732.1
Nup93,1749.3,1866.3,980.3,794.2
Nup98,2562.6,2522.4,2998.3,2977.1
Nupl1,2165.6,1968.4,1571.9,1464.8
Nupl2,237.8,225.4,239.6,216.9
Nupr1,196.9,171.6,351.1,213.1
Nus1,4971.3,5185.0,3110.7,2685.1
Nusap1,207.6,218.7,250.1,176.0
Nutf2,457.2,494.6,510.6,441.3
Nutf2-ps1,418.5,446.4,458.3,381.4
Nvl,1090.9,1092.4,1185.9,1069.1
Nwd1,0.0,0.0,11.3,39.0
Nxf1,2750.8,2819.6,2727.3,2726.0
Nxf2,7.5,1.1,8.7,8.6
Nxf3,1.1,0.0,0.0,0.9
Nxf7,0.0,4.5,0.0,0.0
Nxn,177.5,170.5,310.2,146.5
Nxnl1,4.3,2.3,7.8,6.7
Nxnl2,0.0,0.0,0.0,0.0
Nxph1,0.0,0.0,0.9,0.9
Nxph2,0.0,0.0,0.0,1.9
Nxph3,3.2,0.0,22.6,14.3
Nxph4,0.0,0.0,6.1,7.6
Nxt1,321.7,243.4,283.2,257.8
Nxt2,392.7,311.8,518.4,485.1
Nynrin,107.6,127.9,255.3,288.2
Nyx,0.0,1.1,4.3,1.9
O3far1,184.0,197.4,2.6,4.8
ORF19,999.4,955.6,1196.3,1328.8
ORF61,2532.4,2424.9,2307.3,2484.4
ORF63,0.0,3.4,111.5,40.9
OTTMUSG00000016609,172.1,146.9,189.9,177.9
Oaf,18.3,29.2,305.0,166.4
Oas1a,1380.3,1260.7,2552.2,3398.5
Oas1b,71.0,49.4,183.0,203.5
Oas1c,144.2,127.9,156.0,187.4
Oas1d,0.0,0.0,0.0,3.8
Oas1e,0.0,0.0,1.7,0.0
Oas1f,0.0,0.0,0.9,1.9
Oas1g,511.0,436.3,1090.0,1603.6
Oas1h,1.1,6.7,11.3,18.1
Oas2,152.8,143.6,2264.6,2703.2
Oas3,488.4,522.7,3036.6,4572.2
Oasl1,25.8,11.2,310.2,527.9
Oasl2,582.0,559.7,4036.9,5297.0
Oat,4390.3,4245.2,3223.1,2956.2
Oaz-ps,3424.3,3737.1,2768.3,3097.0
Oaz1,3669.5,4014.1,2998.3,3320.5
Oaz2,881.1,877.1,1051.7,1024.4
Oaz3,2.2,1.1,7.8,7.6
Obfc1,378.7,398.2,299.7,303.4
Obfc2a,9616.5,9664.6,1058.7,1138.5
Obfc2b,616.4,537.2,645.7,653.4
Obox1,0.0,0.0,1.7,0.0
Obox2,0.0,0.0,0.0,0.0
Obox2,0.0,0.0,0.0,0.0
Obox2,0.0,0.0,0.0,0.0
Obox2,0.0,0.0,0.0,0.0
Obox2,0.0,0.0,0.0,0.0
Obox2,0.0,0.0,0.0,0.0
Obox2,0.0,0.0,0.0,0.0
Obox2,0.0,0.0,0.0,0.0
Obox2,0.0,0.0,0.0,0.0
Obox2,0.0,0.0,0.0,0.0
Obox2,0.0,0.0,0.0,0.0
Obox2,0.0,0.0,0.0,0.0
Obox2,0.0,0.0,0.0,0.0
Obox2,0.0,0.0,0.0,0.0
Obox2,0.0,0.0,0.0,0.0
Obox2,0.0,0.0,0.0,0.0
Obox3,0.0,0.0,0.0,2.8
Obox5,0.0,0.0,0.0,0.9
Obox6,0.0,0.0,0.0,0.9
Obp1a,0.0,0.0,0.0,0.0
Obscn,22.6,22.4,38.3,59.9
Obsl1,1.1,2.3,63.6,32.3
Oc90,4.3,2.3,9.6,8.6
Oca2,0.0,0.0,0.0,6.7
Ocel1,799.3,799.7,750.2,659.1
Ociad1,3763.1,3455.6,3358.2,3191.1
Ociad2,12.9,12.3,10.4,22.8
Ocln,19.4,14.6,3.5,1.9
Ocm,0.0,2.3,0.0,2.8
Ocrl,669.2,618.0,822.5,683.9
Ocstamp,125.9,88.6,6.1,12.4
Odam,0.0,0.0,0.0,0.9
Odc1,323.8,287.1,257.9,140.8
Odf1,0.0,0.0,0.0,4.8
Odf2,1026.3,960.1,722.3,757.1
Odf2l,258.2,227.7,212.6,181.7
Odf3,2.2,1.1,2.6,3.8
Odf3b,1.1,0.0,0.0,1.9
Odf3l1,0.0,0.0,2.6,0.0
Odf3l2,2.2,0.0,2.6,1.9
Odf4,0.0,1.1,0.9,2.8
Odz1,2.2,2.3,3.5,1.9
Odz2,0.0,0.0,5.2,10.5
Odz3,0.0,1.1,13.1,22.8
Odz4,89.3,109.9,27.9,24.7
Ofcc1,0.0,0.0,2.6,3.8
Ofd1,280.8,234.4,376.4,312.0
Ogdh,4273.1,4618.7,2349.1,2610.9
Ogdhl,23.7,19.1,32.2,14.3
Ogfod1,975.8,962.3,902.7,803.7
Ogfod2,503.5,496.9,311.1,368.1
Ogfr,1136.0,1101.4,1651.2,1969.8
Ogfrl1,855.3,740.2,1949.2,2065.0
Ogg1,231.3,224.3,213.5,258.7
Ogn,4.3,6.7,500.1,157.9
Ogt,10763.3,10522.6,9583.9,9618.1
Oip5,76.4,55.0,54.0,35.2
Oit1,0.0,1.1,1.7,1.9
Oit3,952.1,819.9,44.4,47.6
Ola1,909.1,851.3,1004.7,953.1
Olah,0.0,0.0,0.0,2.8
Olfm1,4161.2,4069.1,1022.1,1053.9
Olfm2,4.3,10.1,9.6,2.8
Olfm3,0.0,0.0,0.9,3.8
Olfm4,11.8,0.0,149.0,198.8
Olfml1,2.2,0.0,2.6,3.8
Olfml2a,4.3,0.0,31.4,10.5
Olfml2b,29.1,41.5,437.4,198.8
Olfml3,90.4,66.2,1505.7,937.8
Olfr1,0.0,0.0,0.0,0.0
Olfr10,0.0,0.0,0.0,0.0
Olfr100,0.0,0.0,1.7,1.9
Olfr1000,0.0,0.0,0.0,0.0
Olfr1002,0.0,0.0,0.0,1.9
Olfr1006,0.0,0.0,1.7,0.9
Olfr1008,0.0,0.0,0.0,0.0
Olfr1009,0.0,0.0,0.9,1.9
Olfr101,2.2,2.3,3.5,0.0
Olfr1010,0.0,0.0,0.0,1.9
Olfr1012,0.0,0.0,3.5,2.8
Olfr1013,0.0,0.0,1.7,0.0
Olfr1014,0.0,0.0,1.7,0.0
Olfr1015,0.0,0.0,0.0,0.0
Olfr1016,0.0,0.0,0.0,3.8
Olfr1018,0.0,0.0,0.0,0.0
Olfr1019,0.0,0.0,0.0,3.8
Olfr102,0.0,0.0,1.7,1.9
Olfr1020,0.0,0.0,0.0,0.0
Olfr1022,0.0,0.0,0.0,1.9
Olfr1023,0.0,0.0,0.0,0.0
Olfr1024,1.1,0.0,0.0,0.0
Olfr1026,0.0,0.0,1.7,1.9
Olfr1028,0.0,0.0,0.0,0.9
Olfr1029,0.0,0.0,0.0,1.9
Olfr103,0.0,0.0,0.0,5.7
Olfr1030,0.0,0.0,0.0,0.0
Olfr1031,0.0,1.1,0.0,0.9
Olfr1032,0.0,0.0,0.0,0.0
Olfr1033,14.0,4.5,13.1,6.7
Olfr1034,0.0,2.3,5.2,2.8
Olfr1036,2.2,0.0,0.0,0.0
Olfr1037,0.0,0.0,0.0,1.9
Olfr1038-ps,0.0,0.0,1.7,1.9
Olfr1039,0.0,0.0,0.0,0.0
Olfr1040,0.0,0.0,0.0,0.0
Olfr1042,0.0,0.0,0.0,0.0
Olfr1043,0.0,0.0,0.0,0.0
Olfr1044,0.0,0.0,0.0,3.8
Olfr1045,0.0,0.0,0.0,0.0
Olfr1046,0.0,0.0,0.0,0.0
Olfr1047,0.0,2.3,0.0,1.9
Olfr1048,0.0,0.0,3.5,0.0
Olfr1049,0.0,0.0,2.6,1.9
Olfr1051,0.0,0.0,1.7,0.0
Olfr1052,0.0,0.0,0.0,0.0
Olfr1053,0.0,0.0,0.0,0.0
Olfr1054,0.0,0.0,0.9,0.0
Olfr1055,0.0,0.0,0.0,1.9
Olfr1056,0.0,2.3,0.0,0.9
Olfr1057,0.0,0.0,0.9,1.9
Olfr1058,0.0,0.0,1.7,0.0
Olfr1061,0.0,0.0,0.0,1.9
Olfr1062,0.0,0.0,0.0,0.0
Olfr1065,0.0,0.0,0.0,0.0
Olfr1066,0.0,0.0,1.7,0.0
Olfr107,0.0,0.0,0.0,0.0
Olfr1076,0.0,0.0,0.0,1.9
Olfr1077-ps1,0.0,0.0,0.0,0.0
Olfr1079,0.0,0.0,1.7,0.0
Olfr108,0.0,0.0,1.7,0.0
Olfr1080,0.0,0.0,0.0,1.9
Olfr1082,0.0,0.0,0.0,2.8
Olfr1084,0.0,0.0,0.0,0.0
Olfr1085,0.0,0.0,0.0,0.0
Olfr1086,0.0,0.0,1.7,0.0
Olfr1087,0.0,0.0,0.0,0.0
Olfr1089,0.0,0.0,1.7,0.0
Olfr109,0.0,0.0,0.0,0.0
Olfr1090,0.0,0.0,0.0,0.0
Olfr1093,0.0,0.0,0.0,3.8
Olfr1094,0.0,0.0,0.0,1.9
Olfr1095,0.0,0.0,0.0,3.8
Olfr1097,0.0,0.0,0.0,0.0
Olfr1098,0.0,0.0,0.0,0.0
Olfr1099,0.0,0.0,0.0,1.9
Olfr11,0.0,0.0,0.9,3.8
Olfr110,64.6,49.4,20.9,20.9
Olfr1100,0.0,0.0,0.0,1.9
Olfr1101,3.2,0.0,0.0,0.0
Olfr1102,0.0,0.0,0.0,1.9
Olfr1104,0.0,0.0,0.0,2.8
Olfr1105,0.0,0.0,0.0,0.0
Olfr1106,0.0,0.0,0.0,0.0
Olfr1107,0.0,0.0,0.0,0.0
Olfr1109,0.0,0.0,0.0,0.0
Olfr111,67.8,46.0,15.7,24.7
Olfr1110,0.0,0.0,0.0,0.0
Olfr1111,0.0,0.0,0.0,1.9
Olfr1112,0.0,0.0,0.0,1.9
Olfr1113,0.0,0.0,0.0,4.8
Olfr1115,0.0,0.0,0.0,0.0
Olfr1116-ps,0.0,0.0,0.0,1.9
Olfr1118,0.0,0.0,1.7,3.8
Olfr112,6.5,0.0,1.7,0.9
Olfr1120,0.0,0.0,0.0,0.0
Olfr1121,0.0,1.1,0.0,1.9
Olfr1122,0.0,0.0,0.0,0.0
Olfr1123,0.0,0.0,0.0,0.0
Olfr1124,0.0,0.0,0.0,0.0
Olfr1126,0.0,0.0,0.0,1.9
Olfr1128,2.2,0.0,0.0,0.0
Olfr1129,0.0,0.0,0.0,0.0
Olfr113,2.2,1.1,1.7,2.8
Olfr1130,0.0,0.0,0.0,0.0
Olfr1131,0.0,0.0,1.7,0.9
Olfr1132,0.0,0.0,0.0,0.0
Olfr1133,0.0,1.1,0.0,0.0
Olfr1134,0.0,0.0,0.0,1.9
Olfr1135,0.0,0.0,1.7,0.0
Olfr1136,0.0,0.0,0.0,3.8
Olfr1137,0.0,0.0,0.0,0.0
Olfr1138,0.0,0.0,0.0,0.0
Olfr114,0.0,1.1,3.5,0.9
Olfr1140,0.0,0.0,0.0,0.0
Olfr1141,0.0,0.0,0.0,1.9
Olfr1143,0.0,0.0,0.0,0.0
Olfr1145,0.0,0.0,0.9,0.0
Olfr1148,0.0,0.0,0.9,0.0
Olfr115,0.0,0.0,1.7,2.8
Olfr1151,0.0,0.0,0.0,0.0
Olfr1152,0.0,0.0,0.0,0.0
Olfr1153,0.0,0.0,1.7,0.0
Olfr1154,0.0,0.0,0.0,1.9
Olfr1155,0.0,0.0,0.0,0.0
Olfr1156,0.0,0.0,0.0,0.9
Olfr1157,0.0,0.0,0.0,0.0
Olfr1158,0.0,0.0,0.0,1.9
Olfr116,0.0,0.0,0.0,1.9
Olfr1160,0.0,2.3,0.0,0.0
Olfr1161,0.0,2.3,1.7,0.0
Olfr1162,0.0,0.0,0.0,0.0
Olfr1163,0.0,0.0,3.5,0.0
Olfr1164,0.0,0.0,3.5,3.8
Olfr1166,0.0,0.0,0.0,1.9
Olfr1167,0.0,0.0,0.0,3.8
Olfr1168,0.0,0.0,0.0,2.8
Olfr117,0.0,0.0,2.6,1.9
Olfr1170,0.0,0.0,0.0,0.0
Olfr1173,0.0,0.0,1.7,0.0
Olfr1176,2.2,0.0,1.7,0.0
Olfr1178,0.0,0.0,0.0,0.0
Olfr1179,0.0,0.0,0.0,0.0
Olfr118,0.0,0.0,0.0,0.0
Olfr1180,0.0,0.0,0.0,0.9
Olfr1181,0.0,0.0,0.0,0.0
Olfr1182,0.0,0.0,0.0,0.0
Olfr1183,0.0,0.0,0.0,0.0
Olfr1184,0.0,0.0,0.0,0.9
Olfr1186,0.0,0.0,0.0,1.9
Olfr1188,2.2,0.0,0.9,2.8
Olfr1189,0.0,0.0,0.9,0.0
Olfr119,0.0,0.0,3.5,1.9
Olfr1193,1.1,0.0,0.0,0.0
Olfr1195,0.0,0.0,0.0,1.9
Olfr1196,0.0,0.0,0.0,0.0
Olfr1197,0.0,0.0,0.0,0.0
Olfr1198,0.0,0.0,0.0,0.0
Olfr1199,2.2,0.0,0.0,1.9
Olfr12,0.0,0.0,0.0,0.0
Olfr120,0.0,1.1,1.7,1.9
Olfr1200,0.0,0.0,0.0,0.0
Olfr1201,0.0,0.0,0.0,0.0
Olfr1202,0.0,0.0,0.0,1.9
Olfr1204,0.0,0.0,0.9,0.0
Olfr1205,0.0,0.0,1.7,0.0
Olfr1206,0.0,0.0,1.7,1.9
Olfr1208,0.0,0.0,0.0,0.9
Olfr1209,0.0,0.0,0.0,0.0
Olfr121,0.0,1.1,0.0,0.0
Olfr1211,0.0,0.0,0.0,0.9
Olfr1212,2.2,0.0,0.0,3.8
Olfr1213,0.0,0.0,0.0,0.9
Olfr1214,0.0,0.0,0.0,0.0
Olfr1215,0.0,0.0,1.7,0.0
Olfr1216,0.0,0.0,0.0,1.9
Olfr1217,0.0,0.0,2.6,0.0
Olfr1218,0.0,0.0,0.0,1.9
Olfr1219,0.0,0.0,0.0,0.9
Olfr122,0.0,0.0,0.0,1.9
Olfr1220,0.0,0.0,0.0,0.0
Olfr1221,0.0,0.0,0.0,0.0
Olfr1222,0.0,0.0,1.7,0.0
Olfr1223,0.0,0.0,0.0,0.0
Olfr1225,0.0,0.0,0.0,1.9
Olfr1226,0.0,0.0,0.0,0.0
Olfr1228,0.0,0.0,0.0,0.9
Olfr1229,0.0,0.0,0.0,0.0
Olfr123,0.0,0.0,0.0,1.9
Olfr1230,0.0,0.0,0.0,1.9
Olfr1231,0.0,2.3,0.0,0.0
Olfr1232,0.0,0.0,0.0,3.8
Olfr1233,0.0,0.0,0.0,0.0
Olfr1234,2.2,0.0,0.0,0.0
Olfr1238,0.0,0.0,0.0,0.0
Olfr1239,0.0,0.0,0.0,0.9
Olfr124,1.1,0.0,0.0,1.9
Olfr1240,2.2,0.0,1.7,0.0
Olfr1241,0.0,0.0,0.0,0.0
Olfr1242,0.0,0.0,0.0,0.9
Olfr1243,0.0,0.0,0.0,0.0
Olfr1245,0.0,0.0,0.0,0.0
Olfr1246,0.0,0.0,1.7,0.0
Olfr1247,0.0,0.0,0.0,3.8
Olfr1248,0.0,0.0,1.7,0.0
Olfr1249,0.0,0.0,0.0,0.0
Olfr125,0.0,0.0,0.0,0.0
Olfr1250,0.0,2.3,0.0,0.0
Olfr1251,0.0,0.0,1.7,0.0
Olfr1252,0.0,0.0,0.0,1.9
Olfr1253,0.0,0.0,0.0,0.0
Olfr1254,0.0,0.0,0.0,1.9
Olfr1255,0.0,0.0,0.0,3.8
Olfr1256,0.0,0.0,0.0,0.0
Olfr1257,0.0,0.0,0.0,0.0
Olfr1258,0.0,0.0,0.0,0.0
Olfr1259,0.0,0.0,0.0,1.9
Olfr126,0.0,0.0,0.0,0.9
Olfr1260,0.0,0.0,0.0,1.9
Olfr1261,0.0,0.0,1.7,0.0
Olfr1262,0.0,0.0,0.0,0.0
Olfr1263,0.0,0.0,0.0,0.0
Olfr1264,0.0,0.0,2.6,1.9
Olfr1265,0.0,0.0,1.7,1.9
Olfr1269,0.0,0.0,0.0,0.0
Olfr127,0.0,0.0,0.0,0.9
Olfr1270,0.0,0.0,0.9,5.7
Olfr1271,0.0,0.0,0.0,3.8
Olfr1272,0.0,0.0,0.0,1.9
Olfr1273-ps,0.0,0.0,0.0,0.9
Olfr1274-ps,0.0,2.3,0.0,1.9
Olfr1275,0.0,0.0,0.0,0.0
Olfr1276,0.0,0.0,0.0,0.0
Olfr1277,0.0,0.0,0.0,0.0
Olfr1278,0.0,2.3,0.0,0.0
Olfr1279,0.0,0.0,0.0,0.0
Olfr128,0.0,0.0,1.7,3.8
Olfr1280,0.0,0.0,0.0,0.0
Olfr1281,0.0,0.0,0.0,0.9
Olfr1282,0.0,0.0,1.7,0.0
Olfr1283,0.0,0.0,0.0,0.0
Olfr1284,0.0,0.0,0.0,1.9
Olfr1286,0.0,0.0,0.9,0.0
Olfr1287,0.0,0.0,0.0,0.0
Olfr1288,0.0,0.0,0.0,0.0
Olfr1289,0.0,0.0,0.0,0.9
Olfr129,0.0,2.3,0.0,0.0
Olfr1290,0.0,0.0,0.0,0.0
Olfr1294,0.0,0.0,0.0,0.0
Olfr1295,0.0,0.0,0.0,0.0
Olfr1297,0.0,0.0,0.0,1.9
Olfr1298,0.0,0.0,1.7,0.0
Olfr1299,0.0,0.0,0.0,0.0
Olfr13,0.0,0.0,0.0,3.8
Olfr130,0.0,2.3,0.0,0.0
Olfr1300-ps1,0.0,0.0,1.7,1.9
Olfr1301,0.0,0.0,0.0,0.0
Olfr1302,0.0,0.0,0.0,0.0
Olfr1303,0.0,0.0,1.7,1.9
Olfr1305,0.0,0.0,0.0,1.9
Olfr1306,0.0,0.0,3.5,0.0
Olfr1307,0.0,0.0,1.7,0.0
Olfr1308,0.0,0.0,0.0,2.8
Olfr1309,0.0,0.0,0.0,0.9
Olfr131,0.0,0.0,0.0,0.0
Olfr1310,0.0,0.0,0.0,3.8
Olfr1311,0.0,0.0,0.0,0.0
Olfr1312,0.0,0.0,0.0,0.9
Olfr1313,0.0,0.0,0.0,0.0
Olfr1314,0.0,0.0,0.0,0.0
Olfr1316,4.3,0.0,1.7,3.8
Olfr1317,0.0,0.0,0.0,1.9
Olfr1318,0.0,0.0,3.5,2.8
Olfr132,2.2,0.0,0.0,0.0
Olfr1320,0.0,0.0,1.7,0.0
Olfr1321,0.0,0.0,0.0,0.0
Olfr1322,0.0,0.0,0.0,0.0
Olfr1323,0.0,0.0,0.0,0.0
Olfr1324,0.0,0.0,0.0,0.0
Olfr1325,0.0,0.0,0.0,0.0
Olfr1328,0.0,0.0,0.9,0.0
Olfr1329,0.0,0.0,0.0,2.8
Olfr133,0.0,0.0,0.0,0.0
Olfr1330,0.0,0.0,0.0,3.8
Olfr1331,0.0,1.1,0.0,0.9
Olfr1333,0.0,1.1,1.7,1.9
Olfr1335,0.0,0.0,0.0,0.0
Olfr1336,0.0,0.0,0.0,0.0
Olfr1337,0.0,0.0,0.0,0.0
Olfr1338,0.0,0.0,2.6,0.0
Olfr1339,0.0,0.0,1.7,0.0
Olfr134,0.0,0.0,1.7,1.9
Olfr1340,0.0,0.0,2.6,1.9
Olfr1341,0.0,0.0,0.0,0.0
Olfr1342,0.0,0.0,0.0,3.8
Olfr1344,0.0,0.0,0.9,1.9
Olfr1346,0.0,0.0,0.0,1.9
Olfr1347,0.0,0.0,0.0,2.8
Olfr1348,0.0,0.0,0.0,0.0
Olfr1349,0.0,0.0,1.7,0.0
Olfr135,0.0,0.0,1.7,0.0
Olfr1350,2.2,0.0,0.0,0.0
Olfr1351,0.0,1.1,0.0,0.9
Olfr1352,2.2,0.0,0.0,0.9
Olfr1353,1.1,0.0,0.0,4.8
Olfr1354,0.0,0.0,0.9,1.9
Olfr1355,0.0,0.0,0.0,0.0
Olfr1356,0.0,0.0,0.0,0.0
Olfr1357,0.0,0.0,1.7,3.8
Olfr1359,0.0,0.0,8.7,1.9
Olfr136,0.0,0.0,0.0,0.0
Olfr1360,0.0,0.0,4.3,0.0
Olfr1361,0.0,0.0,0.0,0.0
Olfr1362,0.0,0.0,7.0,0.0
Olfr1364,0.0,0.0,0.0,0.0
Olfr1366,2.2,0.0,1.7,3.8
Olfr1367,0.0,0.0,0.0,1.9
Olfr1368,0.0,0.0,0.0,1.9
Olfr137,0.0,0.0,0.0,0.0
Olfr1370,0.0,0.0,0.0,0.0
Olfr1371,0.0,0.0,0.9,0.0
Olfr1372-ps1,0.0,2.3,8.7,3.8
Olfr1373,0.0,2.3,1.7,1.9
Olfr1377,0.0,0.0,0.9,1.9
Olfr1378,2.2,0.0,1.7,0.0
Olfr138,0.0,0.0,0.0,0.0
Olfr1380,0.0,0.0,3.5,3.8
Olfr1381,2.2,0.0,0.0,5.7
Olfr1382,0.0,0.0,3.5,1.9
Olfr1383,0.0,2.3,0.0,1.9
Olfr1384,0.0,0.0,0.0,3.8
Olfr1385,0.0,0.0,0.9,0.0
Olfr1386,0.0,0.0,0.0,0.0
Olfr1387,0.0,0.0,0.0,0.0
Olfr1388,0.0,0.0,0.0,2.8
Olfr1389,0.0,0.0,1.7,2.8
Olfr139,0.0,0.0,0.0,3.8
Olfr1390,4.3,0.0,1.7,1.9
Olfr1391,0.0,0.0,0.0,0.9
Olfr1392,0.0,2.3,2.6,5.7
Olfr1393,0.0,0.0,2.6,4.8
Olfr1394,0.0,0.0,0.0,1.9
Olfr1395,0.0,0.0,1.7,0.9
Olfr1396,2.2,0.0,1.7,0.0
Olfr140,0.0,0.0,1.7,1.9
Olfr1402,0.0,0.0,0.0,0.9
Olfr1404,0.0,0.0,0.0,3.8
Olfr1406,0.0,0.0,0.0,4.8
Olfr1408,0.0,0.0,0.0,0.0
Olfr141,0.0,0.0,0.0,0.0
Olfr1410,0.0,2.3,0.0,3.8
Olfr1411,0.0,0.0,0.0,0.9
Olfr1412,0.0,0.0,0.9,1.9
Olfr1413,0.0,0.0,0.0,0.0
Olfr1414,0.0,0.0,0.0,1.9
Olfr1415,0.0,0.0,1.7,0.0
Olfr1416,0.0,0.0,0.0,1.9
Olfr1417,39.8,13.5,1.7,5.7
Olfr1418,10.8,0.0,0.0,3.8
Olfr1419,0.0,0.0,0.0,1.9
Olfr142,0.0,0.0,0.0,0.0
Olfr1420,2.2,5.6,0.9,1.9
Olfr1423,2.2,10.1,0.0,3.8
Olfr1424,2.2,0.0,1.7,3.8
Olfr1425,0.0,2.3,1.7,4.8
Olfr1426,1.1,0.0,3.5,5.7
Olfr1427,0.0,0.0,0.0,0.0
Olfr1428,0.0,0.0,0.0,0.0
Olfr143,0.0,0.0,0.0,0.0
Olfr1431,0.0,0.0,0.9,0.0
Olfr1433,0.0,2.3,0.0,1.9
Olfr1434,0.0,2.3,0.0,1.9
Olfr1436,0.0,0.0,0.0,0.0
Olfr1437,0.0,0.0,0.9,1.9
Olfr1440,0.0,0.0,1.7,0.0
Olfr1441,0.0,0.0,3.5,0.0
Olfr1442,0.0,0.0,0.0,0.0
Olfr1443,0.0,0.0,0.0,6.7
Olfr1444,6.5,1.1,13.9,5.7
Olfr1445,0.0,0.0,0.9,3.8
Olfr1446,0.0,0.0,3.5,1.9
Olfr1447,0.0,0.0,0.0,0.9
Olfr1448,0.0,0.0,0.9,0.0
Olfr1449,0.0,0.0,1.7,2.8
Olfr145,0.0,0.0,0.0,2.8
Olfr1450,0.0,0.0,0.0,0.9
Olfr1451,0.0,0.0,0.0,1.9
Olfr1453,0.0,0.0,0.0,0.0
Olfr1454,0.0,0.0,0.0,1.9
Olfr1457,0.0,0.0,0.0,3.8
Olfr1459,0.0,0.0,0.9,0.0
Olfr146,0.0,0.0,0.0,0.0
Olfr1461,2.2,0.0,0.0,0.0
Olfr1462,0.0,0.0,0.0,0.9
Olfr1463,0.0,0.0,0.0,0.0
Olfr1465,0.0,0.0,0.0,0.0
Olfr1466,0.0,2.3,0.0,0.0
Olfr1467,0.0,0.0,0.9,1.9
Olfr1469,0.0,0.0,0.0,1.9
Olfr147,0.0,0.0,0.0,0.0
Olfr1471,0.0,0.0,0.0,1.9
Olfr1472,0.0,0.0,0.0,0.0
Olfr1474,0.0,0.0,0.0,0.0
Olfr1475,0.0,0.0,0.0,2.8
Olfr1477,0.0,0.0,1.7,1.9
Olfr148,0.0,0.0,0.0,0.0
Olfr1480,0.0,0.0,0.0,0.0
Olfr1484,0.0,0.0,0.9,0.0
Olfr1487,0.0,0.0,0.0,0.0
Olfr1489,0.0,0.0,0.0,1.9
Olfr149,0.0,0.0,0.0,1.9
Olfr1490,0.0,0.0,1.7,1.9
Olfr1491,0.0,0.0,0.9,0.0
Olfr1494,0.0,0.0,0.9,1.9
Olfr1495,0.0,0.0,0.0,0.0
Olfr1496,0.0,0.0,3.5,0.0
Olfr1497,0.0,0.0,0.0,0.0
Olfr1499,0.0,0.0,0.0,0.0
Olfr15,0.0,0.0,0.0,1.9
Olfr150,0.0,0.0,0.0,1.9
Olfr1500,0.0,0.0,0.0,0.0
Olfr1501,0.0,0.0,1.7,0.0
Olfr1502,2.2,0.0,0.0,0.0
Olfr1504,0.0,0.0,0.0,0.0
Olfr1505,2.2,0.0,0.9,0.0
Olfr1506,0.0,0.0,0.0,0.0
Olfr1507,0.0,0.0,0.0,0.9
Olfr1508,0.0,0.0,1.7,1.9
Olfr1509,2.2,0.0,1.7,3.8
Olfr151,0.0,2.3,1.7,3.8
Olfr1510,0.0,0.0,0.0,0.0
Olfr1511,0.0,0.0,0.0,1.9
Olfr1512,0.0,0.0,0.0,3.8
Olfr1513,0.0,0.0,0.0,4.8
Olfr152,0.0,0.0,2.6,1.9
Olfr153,0.0,1.1,0.0,0.0
Olfr1532-ps1,1.1,2.3,9.6,0.0
Olfr1535,0.0,0.0,0.0,0.0
Olfr1537-ps1,2.2,0.0,0.0,0.0
Olfr154,0.0,0.0,0.0,0.0
Olfr155,0.0,0.0,1.7,0.0
Olfr156,0.0,0.0,0.0,0.9
Olfr157,0.0,2.3,0.0,1.9
Olfr159,0.0,1.1,1.7,3.8
Olfr16,0.0,2.3,0.0,0.0
Olfr160,0.0,0.0,0.0,1.9
Olfr161,0.0,0.0,0.0,0.9
Olfr164,0.0,0.0,1.7,0.0
Olfr165,0.0,0.0,0.0,1.9
Olfr166,0.0,0.0,1.7,0.0
Olfr167,0.0,0.0,0.9,0.0
Olfr168,0.0,2.3,0.0,3.8
Olfr169,0.0,0.0,0.0,0.9
Olfr17,0.0,0.0,0.0,0.0
Olfr170,0.0,0.0,0.9,1.9
Olfr171,0.0,0.0,0.0,0.0
Olfr172,0.0,10.1,10.4,6.7
Olfr173,0.0,1.1,3.5,6.7
Olfr175-ps1,1.1,2.3,0.0,4.8
Olfr176,0.0,0.0,2.6,0.0
Olfr177,0.0,0.0,2.6,0.0
Olfr178,0.0,0.0,0.0,3.8
Olfr179,0.0,0.0,1.7,2.8
Olfr18,0.0,0.0,2.6,0.9
Olfr180,0.0,0.0,0.0,0.0
Olfr181,0.0,0.0,0.0,0.0
Olfr183,0.0,0.0,1.7,0.0
Olfr186,0.0,0.0,0.0,0.0
Olfr187,0.0,0.0,0.0,0.0
Olfr19,0.0,0.0,0.0,5.7
Olfr190,0.0,0.0,0.0,1.9
Olfr191,0.0,0.0,0.9,1.9
Olfr192,0.0,0.0,0.0,0.0
Olfr193,0.0,0.0,0.0,0.0
Olfr194,0.0,0.0,0.0,0.0
Olfr195,1.1,2.3,1.7,1.9
Olfr196,0.0,0.0,0.0,0.9
Olfr197,0.0,0.0,0.0,0.0
Olfr198,0.0,0.0,0.0,2.8
Olfr199,0.0,0.0,0.0,0.0
Olfr2,0.0,0.0,0.0,0.0
Olfr20,0.0,0.0,0.0,2.8
Olfr201,2.2,0.0,0.0,0.0
Olfr202,0.0,0.0,0.9,0.0
Olfr203,0.0,0.0,0.0,1.9
Olfr204,0.0,0.0,0.9,2.8
Olfr205,0.0,0.0,3.5,0.0
Olfr206,0.0,0.0,0.0,0.0
Olfr207,0.0,0.0,0.0,0.0
Olfr208,0.0,0.0,0.0,0.0
Olfr209,0.0,0.0,0.0,0.0
Olfr211,0.0,0.0,0.0,1.9
Olfr212,5.4,2.3,3.5,6.7
Olfr213,0.0,0.0,0.0,1.9
Olfr214,0.0,0.0,0.9,2.8
Olfr215,0.0,0.0,0.0,6.7
Olfr218,0.0,0.0,0.0,0.0
Olfr220,0.0,0.0,0.0,1.9
Olfr221,0.0,0.0,0.0,1.9
Olfr222,0.0,0.0,0.0,1.9
Olfr223,0.0,0.0,0.0,3.8
Olfr224,0.0,2.3,0.0,0.0
Olfr225,0.0,0.0,0.0,1.9
Olfr228,0.0,0.0,0.0,0.0
Olfr229,0.0,0.0,0.0,4.8
Olfr23,0.0,0.0,0.0,0.0
Olfr230-ps1,0.0,0.0,0.0,0.9
Olfr231,0.0,0.0,0.0,0.9
Olfr235,0.0,0.0,0.0,0.0
Olfr237-ps1,0.0,0.0,1.7,1.9
Olfr239,0.0,0.0,0.0,3.8
Olfr24,0.0,0.0,0.0,1.9
Olfr242,0.0,0.0,0.0,0.9
Olfr243,0.0,0.0,0.9,1.9
Olfr247,0.0,0.0,4.3,12.4
Olfr248,0.0,0.0,0.0,0.0
Olfr25,0.0,0.0,0.0,0.0
Olfr250,0.0,0.0,0.0,0.0
Olfr251,0.0,0.0,0.0,0.0
Olfr257,0.0,0.0,0.0,1.9
Olfr259,0.0,0.0,0.0,0.0
Olfr26,0.0,0.0,0.0,0.0
Olfr262,0.0,0.0,0.9,0.0
Olfr263,0.0,0.0,0.0,2.8
Olfr266,0.0,0.0,1.7,0.0
Olfr267,0.0,3.4,1.7,1.9
Olfr27,0.0,0.0,0.0,0.9
Olfr270,2.2,0.0,2.6,2.8
Olfr272,0.0,1.1,1.7,2.8
Olfr273,0.0,0.0,0.0,1.9
Olfr275,0.0,0.0,0.0,0.0
Olfr279,0.0,0.0,0.0,0.0
Olfr281,0.0,0.0,0.0,0.0
Olfr282,0.0,0.0,2.6,1.9
Olfr283,0.0,0.0,0.0,5.7
Olfr284,0.0,0.0,0.0,0.0
Olfr285,0.0,0.0,0.0,1.9
Olfr286,0.0,0.0,2.6,0.9
Olfr287,0.0,0.0,3.5,0.0
Olfr288,0.0,0.0,1.7,0.0
Olfr29-ps1,0.0,0.0,0.0,0.0
Olfr290,0.0,0.0,0.9,0.0
Olfr291,0.0,0.0,2.6,3.8
Olfr292,0.0,0.0,0.0,0.0
Olfr293,0.0,0.0,0.0,0.0
Olfr294,0.0,0.0,0.0,0.0
Olfr295,0.0,0.0,2.6,0.0
Olfr297,0.0,0.0,0.0,0.0
Olfr298,0.0,0.0,0.0,1.9
Olfr299,0.0,0.0,0.0,1.9
Olfr3,2.2,0.0,0.0,3.8
Olfr30,0.0,0.0,0.0,0.0
Olfr301,0.0,0.0,0.0,1.9
Olfr303,2.2,0.0,0.9,0.0
Olfr304,0.0,0.0,0.0,0.0
Olfr305,0.0,0.0,0.0,0.0
Olfr307,0.0,0.0,3.5,0.0
Olfr308,0.0,0.0,0.0,0.0
Olfr309,0.0,0.0,0.0,0.0
Olfr31,2.2,2.3,0.0,1.9
Olfr310,0.0,0.0,0.0,3.8
Olfr311,0.0,0.0,0.9,0.0
Olfr312,0.0,0.0,0.0,0.0
Olfr313,0.0,2.3,0.0,1.9
Olfr314,0.0,0.0,0.0,0.9
Olfr315,2.2,0.0,0.0,0.0
Olfr316,0.0,0.0,0.0,0.0
Olfr317,0.0,0.0,1.7,2.8
Olfr318,0.0,0.0,0.9,1.9
Olfr319,0.0,0.0,1.7,0.0
Olfr32,0.0,2.3,0.0,1.9
Olfr320,0.0,0.0,0.0,0.0
Olfr323,0.0,0.0,1.7,1.9
Olfr324,0.0,0.0,0.0,1.9
Olfr325,1.1,0.0,0.9,1.9
Olfr328,0.0,0.0,1.7,0.0
Olfr329-ps,1.1,0.0,0.0,0.0
Olfr33,0.0,0.0,0.0,0.0
Olfr330,1.1,0.0,1.7,1.9
Olfr331,1.1,0.0,0.0,0.0
Olfr332,0.0,0.0,0.0,1.9
Olfr338,0.0,0.0,0.0,1.9
Olfr339,0.0,0.0,0.0,1.9
Olfr340,0.0,0.0,0.0,0.9
Olfr341,0.0,0.0,0.0,1.9
Olfr342,0.0,0.0,0.0,7.6
Olfr344,0.0,0.0,0.0,0.9
Olfr345,0.0,2.3,0.0,0.0
Olfr346,0.0,0.0,0.0,0.0
Olfr347,0.0,0.0,0.0,0.0
Olfr348,0.0,0.0,0.0,0.9
Olfr350,0.0,0.0,0.0,0.0
Olfr351,0.0,2.3,0.0,1.9
Olfr352,0.0,0.0,0.0,0.0
Olfr353,0.0,0.0,0.0,0.0
Olfr354,0.0,0.0,0.0,0.0
Olfr355,0.0,0.0,0.0,0.0
Olfr356,0.0,0.0,0.0,0.0
Olfr357,0.0,0.0,1.7,0.0
Olfr358,0.0,0.0,2.6,0.0
Olfr360,0.0,0.0,0.0,0.0
Olfr361,0.0,0.0,1.7,0.0
Olfr362,0.0,0.0,0.0,0.0
Olfr365,0.0,0.0,0.0,0.0
Olfr366,0.0,0.0,0.0,0.0
Olfr367-ps,0.0,3.4,0.0,3.8
Olfr368,0.0,0.0,0.0,3.8
Olfr370,0.0,0.0,0.0,0.0
Olfr371,0.0,0.0,0.0,0.9
Olfr372,0.0,2.3,0.0,3.8
Olfr373,0.0,2.3,0.0,0.0
Olfr374,0.0,0.0,0.9,6.7
Olfr376,2.2,0.0,2.6,3.8
Olfr378,0.0,0.0,0.0,0.0
Olfr38,0.0,0.0,0.0,0.0
Olfr380,0.0,0.0,0.0,2.8
Olfr381,0.0,2.3,0.0,0.0
Olfr382,0.0,0.0,0.0,0.0
Olfr384,0.0,2.3,0.0,0.0
Olfr385,0.0,1.1,1.7,0.0
Olfr389,0.0,0.0,0.9,1.9
Olfr39,0.0,0.0,0.0,1.9
Olfr390,0.0,0.0,0.0,0.0
Olfr391-ps,0.0,1.1,0.0,0.0
Olfr392,0.0,0.0,0.0,0.0
Olfr393,0.0,0.0,0.0,1.9
Olfr394,0.0,0.0,0.0,0.0
Olfr395,0.0,0.0,0.0,0.0
Olfr397,0.0,0.0,1.7,0.0
Olfr398,0.0,0.0,1.7,0.0
Olfr399,0.0,0.0,0.9,0.0
Olfr401,0.0,2.3,0.0,0.0
Olfr402,0.0,0.0,0.0,0.0
Olfr403,0.0,2.3,0.0,0.9
Olfr406-ps,0.0,0.0,0.0,0.0
Olfr410,0.0,0.0,1.7,0.0
Olfr411,0.0,0.0,0.0,0.9
Olfr412,0.0,0.0,1.7,6.7
Olfr414,0.0,0.0,0.0,1.9
Olfr417,0.0,0.0,0.0,0.9
Olfr418-ps1,0.0,0.0,0.0,0.0
Olfr419,0.0,0.0,3.5,5.7
Olfr420,0.0,0.0,3.5,6.7
Olfr421-ps1,0.0,0.0,0.0,2.8
Olfr424,0.0,0.0,0.0,0.0
Olfr426,0.0,0.0,0.0,1.9
Olfr427,0.0,0.0,0.0,1.9
Olfr429,2.2,0.0,0.9,0.0
Olfr43,0.0,2.3,0.0,0.0
Olfr430,0.0,0.0,0.0,0.0
Olfr432,0.0,2.3,1.7,2.8
Olfr433,0.0,4.5,1.7,0.0
Olfr434,0.0,0.0,0.0,1.9
Olfr435,0.0,0.0,1.7,0.0
Olfr437,0.0,0.0,2.6,0.0
Olfr44,0.0,2.3,0.0,2.8
Olfr441,0.0,0.0,0.0,0.0
Olfr444,2.2,0.0,1.7,1.9
Olfr446,0.0,0.0,0.0,0.0
Olfr447,0.0,0.0,0.0,3.8
Olfr448,0.0,0.0,2.6,0.0
Olfr449,0.0,0.0,0.0,1.9
Olfr45,0.0,0.0,0.0,4.8
Olfr450,0.0,2.3,0.0,0.0
Olfr452,0.0,0.0,0.0,0.9
Olfr453,0.0,0.0,1.7,0.0
Olfr455,0.0,0.0,0.9,0.9
Olfr456,1.1,0.0,2.6,0.9
Olfr457,0.0,0.0,1.7,0.0
Olfr458,2.2,0.0,1.7,2.8
Olfr459,0.0,0.0,0.0,0.0
Olfr46,0.0,0.0,0.9,0.0
Olfr460,0.0,0.0,1.7,0.9
Olfr461,0.0,2.3,4.3,3.8
Olfr462,0.0,0.0,0.0,2.8
Olfr463,2.2,0.0,3.5,0.0
Olfr464,0.0,0.0,0.0,0.9
Olfr466,0.0,0.0,0.0,0.0
Olfr467,0.0,0.0,0.0,0.0
Olfr469,0.0,0.0,0.0,0.0
Olfr47,0.0,0.0,0.0,0.0
Olfr470,0.0,0.0,0.0,4.8
Olfr472,0.0,0.0,0.0,0.0
Olfr473,0.0,2.3,1.7,2.8
Olfr474,0.0,1.1,0.0,0.0
Olfr476,0.0,0.0,0.0,0.0
Olfr477,0.0,0.0,0.0,1.9
Olfr478,0.0,0.0,0.0,0.0
Olfr479,0.0,0.0,0.0,0.9
Olfr48,0.0,0.0,1.7,0.9
Olfr480,2.2,0.0,1.7,0.0
Olfr481,0.0,0.0,0.0,0.0
Olfr482,0.0,0.0,0.0,0.0
Olfr483,0.0,0.0,0.0,0.0
Olfr484,0.0,0.0,0.0,0.0
Olfr485,0.0,0.0,0.0,0.9
Olfr486,0.0,0.0,0.0,3.8
Olfr487,0.0,0.0,0.0,2.8
Olfr488,0.0,0.0,0.0,1.9
Olfr49,0.0,2.3,2.6,0.0
Olfr490,0.0,0.0,0.0,0.0
Olfr491,0.0,0.0,0.0,0.0
Olfr492,0.0,1.1,0.0,5.7
Olfr493,0.0,0.0,0.0,0.0
Olfr494,0.0,0.0,0.0,0.0
Olfr495,0.0,0.0,0.0,0.0
Olfr497,0.0,0.0,0.9,0.0
Olfr498,0.0,0.0,0.0,1.9
Olfr5,0.0,2.3,1.7,1.9
Olfr50,0.0,0.0,0.0,1.9
Olfr502,0.0,0.0,0.0,0.0
Olfr503,0.0,0.0,0.0,0.0
Olfr504,0.0,0.0,0.9,0.9
Olfr506,0.0,0.0,0.0,3.8
Olfr507,0.0,0.0,0.0,0.0
Olfr508,0.0,0.0,0.0,1.9
Olfr509,0.0,0.0,1.7,0.9
Olfr51,2.2,0.0,0.0,3.8
Olfr510,0.0,0.0,0.0,0.0
Olfr512,0.0,0.0,0.0,0.0
Olfr513,0.0,0.0,0.0,0.0
Olfr514,0.0,0.0,0.0,3.8
Olfr516,0.0,0.0,0.0,1.9
Olfr517,0.0,0.0,0.0,0.0
Olfr518,0.0,0.0,0.0,1.9
Olfr519,0.0,0.0,1.7,0.0
Olfr52,0.0,0.0,0.0,1.9
Olfr520,0.0,2.3,0.0,0.0
Olfr521,4.3,0.0,0.0,0.9
Olfr522,0.0,0.0,2.6,5.7
Olfr523,0.0,0.0,1.7,1.9
Olfr524,0.0,0.0,0.0,2.8
Olfr525,0.0,0.0,0.0,5.7
Olfr527,0.0,0.0,0.0,0.0
Olfr53,0.0,0.0,1.7,1.9
Olfr530,0.0,0.0,2.6,2.8
Olfr531,4.3,0.0,0.0,0.0
Olfr532,0.0,0.0,3.5,1.9
Olfr533,0.0,0.0,0.0,3.8
Olfr535,0.0,0.0,1.7,3.8
Olfr536,0.0,0.0,3.5,3.8
Olfr538,0.0,0.0,0.0,0.0
Olfr539,0.0,0.0,0.0,2.8
Olfr54,0.0,0.0,0.9,0.0
Olfr541,0.0,0.0,0.0,0.0
Olfr543,4.3,0.0,0.9,4.8
Olfr544,1.1,0.0,0.0,1.9
Olfr545,0.0,0.0,0.0,1.9
Olfr547,0.0,0.0,1.7,3.8
Olfr549,0.0,0.0,1.7,5.7
Olfr55,0.0,0.0,3.5,3.8
Olfr550,0.0,0.0,3.5,0.0
Olfr551,0.0,0.0,0.0,0.0
Olfr552,0.0,0.0,0.0,1.9
Olfr553,0.0,0.0,0.0,0.0
Olfr554,0.0,0.0,0.0,0.0
Olfr555,0.0,0.0,0.0,0.0
Olfr556,0.0,2.3,3.5,0.9
Olfr557,0.0,0.0,1.7,1.9
Olfr558,0.0,0.0,0.0,0.9
Olfr559,0.0,0.0,0.0,0.0
Olfr56,30.1,28.0,67.1,114.1
Olfr560,0.0,0.0,1.7,0.0
Olfr561,0.0,0.0,1.7,1.9
Olfr564,0.0,0.0,1.7,0.0
Olfr566,0.0,0.0,2.6,0.0
Olfr568,0.0,0.0,0.0,0.0
Olfr569,0.0,0.0,0.0,0.9
Olfr57,0.0,0.0,0.0,0.9
Olfr570,0.0,0.0,0.0,1.9
Olfr571,0.0,0.0,1.7,1.9
Olfr572,0.0,0.0,0.0,3.8
Olfr574,0.0,0.0,0.0,1.9
Olfr575,0.0,0.0,0.0,1.9
Olfr576,0.0,0.0,0.0,0.0
Olfr577,0.0,0.0,0.0,1.9
Olfr578,0.0,0.0,0.0,0.0
Olfr58,0.0,0.0,0.0,0.0
Olfr582,0.0,0.0,0.0,1.9
Olfr583,0.0,2.3,0.0,0.0
Olfr584,0.0,0.0,0.0,2.8
Olfr585,1.1,0.0,0.0,0.0
Olfr586,0.0,0.0,0.0,0.0
Olfr589,0.0,0.0,0.0,0.0
Olfr59,2.2,0.0,0.0,0.9
Olfr591,0.0,0.0,0.0,0.9
Olfr592,0.0,0.0,0.9,0.0
Olfr593,0.0,0.0,0.0,0.0
Olfr594,0.0,0.0,0.9,0.0
Olfr596,0.0,0.0,0.0,0.0
Olfr597,0.0,0.0,0.0,0.0
Olfr598,0.0,0.0,0.0,5.7
Olfr599,0.0,0.0,1.7,1.9
Olfr6,0.0,0.0,0.0,0.0
Olfr60,0.0,0.0,0.0,1.9
Olfr600,0.0,0.0,0.0,0.0
Olfr601,0.0,1.1,0.0,3.8
Olfr603,0.0,0.0,0.0,1.9
Olfr605,0.0,0.0,0.0,1.9
Olfr606,0.0,0.0,1.7,0.9
Olfr608,0.0,0.0,1.7,0.0
Olfr609,0.0,0.0,1.7,0.0
Olfr61,0.0,0.0,0.0,3.8
Olfr610,0.0,0.0,0.0,0.0
Olfr611,1.1,2.3,0.0,0.9
Olfr612,1.1,2.3,0.9,0.9
Olfr613,0.0,0.0,0.0,2.8
Olfr615,0.0,0.0,0.0,5.7
Olfr616,0.0,0.0,0.0,0.0
Olfr617,2.2,0.0,0.9,1.9
Olfr618,1.1,0.0,0.9,0.0
Olfr619,0.0,0.0,0.0,0.0
Olfr62,0.0,0.0,0.0,3.8
Olfr620,0.0,0.0,3.5,0.0
Olfr622,0.0,0.0,0.0,0.0
Olfr623,0.0,0.0,0.0,3.8
Olfr624,0.0,0.0,3.5,1.9
Olfr628,0.0,0.0,2.6,0.0
Olfr629,0.0,0.0,0.0,3.8
Olfr63,0.0,2.3,1.7,0.0
Olfr630,0.0,0.0,0.0,3.8
Olfr631,0.0,0.0,0.0,1.9
Olfr632,0.0,0.0,0.0,4.8
Olfr633,0.0,0.0,0.0,0.0
Olfr635,0.0,0.0,1.7,1.9
Olfr638,0.0,0.0,0.0,3.8
Olfr639,0.0,0.0,0.0,1.9
Olfr64,0.0,0.0,1.7,2.8
Olfr640,0.0,0.0,0.0,0.0
Olfr641,0.0,0.0,0.0,3.8
Olfr642,2.2,0.0,0.0,1.9
Olfr643,0.0,0.0,0.0,1.9
Olfr644,0.0,0.0,0.0,3.8
Olfr645,0.0,0.0,0.0,1.9
Olfr646,0.0,0.0,1.7,0.0
Olfr648,0.0,0.0,0.0,1.9
Olfr649,0.0,0.0,0.0,0.0
Olfr65,0.0,0.0,0.0,4.8
Olfr651,0.0,0.0,1.7,0.0
Olfr652,0.0,0.0,0.0,1.9
Olfr653,0.0,0.0,0.0,1.9
Olfr654,0.0,0.0,0.9,0.0
Olfr655,0.0,2.3,0.0,3.8
Olfr656,0.0,0.0,0.9,1.9
Olfr657,0.0,0.0,3.5,0.0
Olfr658,0.0,0.0,3.5,3.8
Olfr659,0.0,1.1,0.0,1.9
Olfr66,0.0,0.0,0.0,0.0
Olfr661,0.0,0.0,0.0,1.9
Olfr663,0.0,0.0,0.0,0.0
Olfr665,0.0,0.0,0.0,0.0
Olfr666,0.0,0.0,0.9,0.9
Olfr667,0.0,0.0,0.0,0.0
Olfr668,0.0,0.0,0.0,0.9
Olfr669,2.2,0.0,0.0,1.9
Olfr67,0.0,0.0,0.0,0.0
Olfr670,0.0,0.0,0.0,0.0
Olfr671,2.2,0.0,0.0,0.0
Olfr672,0.0,0.0,0.0,0.0
Olfr675,0.0,0.0,1.7,0.0
Olfr676,0.0,0.0,0.0,0.0
Olfr677,0.0,0.0,1.7,0.0
Olfr678,1.1,0.0,1.7,1.9
Olfr679,0.0,0.0,1.7,0.0
Olfr68,0.0,0.0,0.0,1.9
Olfr681,0.0,0.0,1.7,0.0
Olfr683,2.2,0.0,1.7,0.0
Olfr684,2.2,0.0,0.0,1.9
Olfr685,0.0,0.0,0.0,1.9
Olfr686,0.0,0.0,1.7,0.0
Olfr688,2.2,0.0,1.7,3.8
Olfr689,0.0,0.0,0.0,0.0
Olfr69,0.0,0.0,0.9,0.9
Olfr690,0.0,0.0,1.7,0.9
Olfr691,0.0,0.0,1.7,0.0
Olfr692,0.0,0.0,1.7,1.9
Olfr693,0.0,0.0,0.0,1.9
Olfr694,0.0,0.0,1.7,1.9
Olfr695,0.0,0.0,0.9,0.0
Olfr697,0.0,0.0,0.9,0.0
Olfr698,0.0,0.0,0.0,0.0
Olfr699,2.2,2.3,1.7,0.0
Olfr70,0.0,2.3,0.9,9.5
Olfr700,3.2,0.0,1.7,0.0
Olfr701,2.2,0.0,1.7,0.9
Olfr702,0.0,0.0,0.0,0.0
Olfr703,0.0,0.0,1.7,0.9
Olfr704,0.0,0.0,0.0,0.0
Olfr705,0.0,0.0,1.7,0.0
Olfr706,0.0,0.0,0.0,3.8
Olfr707,1.1,2.3,9.6,0.0
Olfr71,0.0,2.3,0.0,1.9
Olfr710,0.0,1.1,0.0,0.0
Olfr711,0.0,0.0,1.7,0.9
Olfr713,0.0,0.0,0.0,0.0
Olfr714,0.0,0.0,0.0,0.0
Olfr715,0.0,2.3,0.9,1.9
Olfr716,0.0,0.0,0.0,0.0
Olfr720,2.2,0.0,0.0,3.8
Olfr722,0.0,0.0,0.0,1.9
Olfr723,0.0,0.0,1.7,0.0
Olfr724,0.0,0.0,1.7,0.0
Olfr725,0.0,0.0,1.7,0.0
Olfr726,0.0,0.0,1.7,3.8
Olfr727,0.0,0.0,0.9,1.9
Olfr728,0.0,0.0,0.0,0.0
Olfr729,0.0,0.0,0.0,0.0
Olfr73,0.0,0.0,0.0,0.0
Olfr730,0.0,2.3,0.0,1.9
Olfr731,0.0,0.0,1.7,0.0
Olfr732,0.0,0.0,0.0,0.0
Olfr733,0.0,0.0,1.7,0.0
Olfr734,0.0,0.0,0.0,3.8
Olfr735,0.0,0.0,1.7,2.8
Olfr736,0.0,0.0,1.7,0.0
Olfr738,0.0,0.0,0.0,0.9
Olfr739,0.0,0.0,0.9,0.0
Olfr74,0.0,0.0,0.0,0.9
Olfr740,0.0,1.1,0.0,0.0
Olfr741,0.0,1.1,0.0,1.9
Olfr742,0.0,0.0,1.7,0.0
Olfr743,0.0,0.0,0.0,0.0
Olfr744,0.0,2.3,0.0,0.0
Olfr745,0.0,0.0,0.0,0.0
Olfr746,0.0,0.0,0.0,1.9
Olfr747,0.0,0.0,1.7,0.0
Olfr748,0.0,0.0,0.0,1.9
Olfr749,0.0,0.0,0.0,0.0
Olfr75-ps1,1.1,0.0,0.0,0.9
Olfr750,0.0,3.4,2.6,5.7
Olfr76,2.2,0.0,0.0,0.0
Olfr761,0.0,0.0,0.0,2.8
Olfr763,0.0,0.0,0.0,3.8
Olfr765,0.0,0.0,0.0,1.9
Olfr767,0.0,0.0,0.0,1.9
Olfr768,0.0,0.0,0.0,0.0
Olfr769,0.0,0.0,1.7,0.0
Olfr77,0.0,2.3,0.0,1.9
Olfr770,0.0,0.0,0.0,0.0
Olfr771,0.0,2.3,0.0,1.9
Olfr772,0.0,0.0,0.0,0.0
Olfr773,0.0,0.0,0.0,0.0
Olfr774,0.0,0.0,0.0,0.0
Olfr775,0.0,2.3,0.0,0.0
Olfr776,0.0,0.0,0.0,0.0
Olfr777,0.0,0.0,0.0,0.0
Olfr78,0.0,0.0,4.3,5.7
Olfr780,0.0,0.0,0.0,0.0
Olfr781,0.0,0.0,0.0,0.0
Olfr782,0.0,0.0,1.7,0.0
Olfr784,0.0,0.0,0.0,5.7
Olfr786,0.0,0.0,1.7,2.8
Olfr787,0.0,0.0,0.0,0.0
Olfr788,0.0,0.0,0.0,1.9
Olfr790,0.0,0.0,1.7,0.0
Olfr791,0.0,0.0,0.0,0.0
Olfr792,0.0,0.0,0.0,0.0
Olfr794,0.0,0.0,0.0,0.0
Olfr796,0.0,0.0,0.0,0.0
Olfr798,0.0,0.0,1.7,1.9
Olfr799,0.0,0.0,0.0,0.0
Olfr8,0.0,0.0,0.0,1.9
Olfr800,0.0,0.0,0.0,0.9
Olfr801,0.0,0.0,0.0,1.9
Olfr802,0.0,0.0,0.0,0.0
Olfr803,0.0,1.1,0.0,0.0
Olfr804,0.0,0.0,0.0,0.0
Olfr805,0.0,0.0,0.0,0.0
Olfr806,0.0,0.0,0.0,0.0
Olfr807,0.0,0.0,0.0,0.0
Olfr808,0.0,0.0,0.0,0.0
Olfr809,0.0,0.0,1.7,1.9
Olfr810,0.0,0.0,0.0,0.0
Olfr811,0.0,0.0,0.0,0.0
Olfr812,0.0,0.0,0.9,0.0
Olfr813,0.0,0.0,0.0,0.0
Olfr814,0.0,0.0,1.7,0.0
Olfr815,0.0,0.0,0.0,4.8
Olfr816,0.0,0.0,0.0,0.0
Olfr818,0.0,0.0,0.0,0.0
Olfr819,0.0,0.0,0.9,6.7
Olfr820,1.1,0.0,0.0,1.9
Olfr821,0.0,0.0,0.0,3.8
Olfr822,0.0,0.0,0.9,0.0
Olfr823,1.1,2.3,1.7,0.0
Olfr824,0.0,2.3,0.0,1.9
Olfr825,0.0,0.0,0.0,0.0
Olfr826,0.0,0.0,0.0,0.0
Olfr827,0.0,0.0,0.0,0.0
Olfr828,0.0,0.0,0.0,0.0
Olfr829,0.0,0.0,0.0,1.9
Olfr830,1.1,0.0,0.9,0.0
Olfr832,0.0,0.0,0.0,0.0
Olfr834,0.0,0.0,0.0,0.0
Olfr835,0.0,0.0,0.0,0.0
Olfr836,0.0,0.0,0.0,2.8
Olfr837,0.0,0.0,0.0,0.0
Olfr843,0.0,2.3,0.0,0.0
Olfr845,0.0,0.0,0.0,0.0
Olfr846,0.0,0.0,0.0,0.0
Olfr847,0.0,0.0,0.0,0.0
Olfr849,0.0,0.0,0.0,0.0
Olfr850,0.0,0.0,0.0,0.0
Olfr851,0.0,0.0,1.7,0.9
Olfr853,2.2,0.0,0.0,0.0
Olfr854,0.0,0.0,0.0,0.0
Olfr855,0.0,0.0,0.0,0.0
Olfr856-ps1,12.9,5.6,29.6,4.8
Olfr857,0.0,0.0,0.0,0.9
Olfr859,0.0,0.0,0.0,0.9
Olfr860,0.0,0.0,0.0,0.0
Olfr862,0.0,0.0,3.5,4.8
Olfr866,0.0,0.0,0.0,0.0
Olfr867,0.0,0.0,0.0,0.0
Olfr868,0.0,0.0,0.9,0.0
Olfr869,0.0,0.0,0.0,0.0
Olfr870,2.2,0.0,0.0,0.0
Olfr871,0.0,0.0,3.5,0.0
Olfr872,0.0,0.0,0.0,0.0
Olfr873,0.0,0.0,0.0,5.7
Olfr874,0.0,0.0,0.0,1.9
Olfr875,0.0,0.0,0.0,1.9
Olfr876,0.0,0.0,0.0,0.9
Olfr877,0.0,0.0,0.0,0.9
Olfr878,0.0,0.0,0.0,0.0
Olfr881,0.0,0.0,0.0,0.0
Olfr883,0.0,0.0,0.0,0.0
Olfr884,0.0,0.0,0.0,0.0
Olfr885,0.0,2.3,0.0,1.9
Olfr887,0.0,0.0,0.0,0.0
Olfr888,0.0,0.0,0.0,0.0
Olfr889,0.0,0.0,0.0,0.9
Olfr890,0.0,0.0,0.0,0.0
Olfr891,0.0,0.0,0.0,0.0
Olfr893,0.0,0.0,0.0,0.0
Olfr894,0.0,0.0,0.0,0.9
Olfr895,0.0,0.0,1.7,0.0
Olfr898,0.0,0.0,0.0,2.8
Olfr899,0.0,0.0,0.0,0.0
Olfr9,0.0,0.0,0.0,2.8
Olfr90,0.0,2.3,4.3,0.0
Olfr900,0.0,0.0,0.0,0.0
Olfr901,0.0,0.0,0.0,1.9
Olfr902,0.0,0.0,0.0,3.8
Olfr904,0.0,0.0,0.0,0.9
Olfr905,0.0,0.0,0.0,5.7
Olfr906,0.0,0.0,0.0,1.9
Olfr907,0.0,0.0,0.0,0.0
Olfr908,0.0,0.0,0.0,1.9
Olfr91,0.0,0.0,0.0,0.0
Olfr910,0.0,0.0,0.0,0.0
Olfr911-ps1,0.0,0.0,0.0,0.9
Olfr912,0.0,0.0,0.0,0.9
Olfr913,0.0,0.0,0.0,0.0
Olfr914,0.0,0.0,0.0,0.0
Olfr915,0.0,0.0,0.0,0.0
Olfr916,0.0,0.0,0.0,0.0
Olfr917,0.0,0.0,0.0,0.0
Olfr918,0.0,0.0,0.0,0.0
Olfr919,0.0,0.0,0.0,0.0
Olfr92,0.0,0.0,0.0,0.0
Olfr920,49.5,47.1,54.0,50.4
Olfr921,0.0,2.3,0.0,0.0
Olfr922,0.0,0.0,0.0,0.9
Olfr923,0.0,0.0,0.0,2.8
Olfr924,0.0,0.0,0.0,0.0
Olfr926,0.0,0.0,0.0,1.9
Olfr93,0.0,0.0,0.9,0.0
Olfr930,0.0,0.0,0.0,1.9
Olfr933,0.0,0.0,0.0,0.0
Olfr934,0.0,0.0,0.0,3.8
Olfr935,0.0,0.0,0.0,0.0
Olfr936,0.0,0.0,0.0,0.0
Olfr937,0.0,0.0,0.0,0.0
Olfr938,0.0,0.0,0.0,2.8
Olfr94,0.0,0.0,0.0,0.0
Olfr943,0.0,0.0,0.0,1.9
Olfr944,0.0,0.0,0.0,0.0
Olfr945,0.0,0.0,0.0,0.0
Olfr947-ps1,0.0,0.0,0.0,1.9
Olfr948,0.0,0.0,0.0,0.0
Olfr95,0.0,0.0,0.0,0.0
Olfr951,0.0,0.0,0.0,0.9
Olfr952,0.0,0.0,1.7,0.0
Olfr954,0.0,0.0,0.0,0.0
Olfr955,0.0,0.0,0.0,1.9
Olfr957,0.0,0.0,0.0,0.0
Olfr958,0.0,0.0,0.0,1.9
Olfr959,0.0,0.0,0.0,0.0
Olfr96,0.0,0.0,0.9,1.9
Olfr960,0.0,0.0,0.0,2.8
Olfr961,0.0,0.0,1.7,0.9
Olfr963,0.0,0.0,0.9,1.9
Olfr965,0.0,2.3,0.0,0.0
Olfr967,0.0,0.0,0.0,0.0
Olfr968,0.0,0.0,0.0,0.0
Olfr969,2.2,0.0,0.0,0.0
Olfr97,0.0,0.0,0.0,0.0
Olfr970,0.0,0.0,1.7,0.9
Olfr971,0.0,0.0,0.0,0.0
Olfr972,0.0,0.0,0.0,0.0
Olfr974,0.0,0.0,0.0,0.0
Olfr975,0.0,0.0,0.0,3.8
Olfr976,0.0,0.0,0.0,3.8
Olfr978,0.0,0.0,1.7,5.7
Olfr979,0.0,0.0,0.0,1.9
Olfr98,0.0,0.0,2.6,0.9
Olfr980,0.0,0.0,0.0,3.8
Olfr981,0.0,0.0,1.7,0.9
Olfr982,0.0,0.0,0.0,1.9
Olfr983,0.0,0.0,1.7,0.0
Olfr984,0.0,0.0,0.0,0.9
Olfr985,0.0,2.3,0.0,1.9
Olfr986,0.0,0.0,0.0,0.0
Olfr987,0.0,0.0,0.0,0.0
Olfr988,0.0,0.0,0.0,0.0
Olfr99,30.1,38.1,35.7,48.5
Olfr992,0.0,0.0,3.5,1.9
Olfr993,0.0,0.0,0.9,0.0
Olfr994,0.0,0.0,0.0,1.9
Olfr995,0.0,0.0,0.0,0.0
Olfr996,0.0,0.0,1.7,0.0
Olfr998,0.0,0.0,0.0,0.0
Olig1,0.0,0.0,1.7,6.7
Olig2,0.0,0.0,0.0,2.8
Olig3,0.0,2.3,0.0,1.9
Olr1,874.6,838.9,35.7,21.9
Oma1,620.7,603.4,552.4,555.5
Omd,2.2,0.0,20.9,13.3
Omg,53.8,60.6,59.2,73.2
Omp,2.2,6.7,3.5,12.4
Omt2a,0.0,0.0,1.7,0.9
Omt2b,0.0,0.0,0.0,0.9
Onecut1,0.0,0.0,1.7,3.8
Onecut2,2.2,2.3,11.3,12.4
Onecut3,2.2,0.0,5.2,10.5
Ooep,0.0,0.0,0.0,1.9
Oog1,7.5,0.0,2.6,6.7
Oog2,0.0,0.0,0.0,0.9
Oog3,2.2,2.3,0.0,0.9
Oog4,0.0,0.0,0.0,0.0
Oosp1,0.0,0.0,1.7,2.8
Opa1,3889.0,3769.6,3224.0,3210.1
Opa3,894.0,897.3,542.8,623.0
Opalin,0.0,0.0,0.9,0.0
Opcml,0.0,2.3,3.5,8.6
Ophn1,404.5,431.8,3483.6,3097.0
Oplah,72.1,49.4,162.9,191.2
Opn1mw,0.0,0.0,0.9,0.0
Opn1sw,23.7,15.7,28.7,16.2
Opn3,67.8,89.7,110.6,136.0
Opn4,2.2,0.0,0.0,3.8
Opn5,0.0,0.0,0.0,0.9
Oprd1,2.2,2.3,7.8,12.4
Oprk1,0.0,0.0,1.7,2.8
Oprl1,4.3,2.3,8.7,0.9
Oprm1,0.0,2.3,7.0,6.7
Optc,0.0,0.0,3.5,3.8
Optn,372.2,381.3,148.1,132.2
Orai1,1181.2,1092.4,975.9,1123.3
Orai2,630.4,593.3,958.5,1054.8
Orai3,1364.1,1425.5,999.4,1115.7
Oraov1,622.9,684.2,467.0,540.3
Orc1,113.0,143.6,115.9,91.3
Orc2,771.4,825.5,913.2,653.4
Orc3,1874.0,1919.0,2161.8,1987.9
Orc4,1081.2,1009.4,1247.8,1053.9
Orc5,77.5,90.9,146.4,111.3
Orc6,199.0,225.4,236.1,178.8
Orm1,89.3,46.0,7.8,1.9
Orm2,19.4,16.8,20.9,21.9
Orm3,5.4,1.1,4.3,4.8
Ormdl1,1257.6,1310.0,770.3,722.9
Ormdl2,1178.0,1102.5,907.9,832.3
Ormdl3,610.0,648.3,718.8,565.0
Os9,5772.7,5717.8,3638.7,3861.7
Osbp,2637.9,2978.9,2048.5,2100.1
Osbp2,39.8,44.9,7.0,7.6
Osbpl10,29.1,5.6,5.2,7.6
Osbpl11,2851.9,2856.7,4205.1,4584.6
Osbpl1a,1129.6,1080.1,801.6,679.1
Osbpl2,1025.2,1116.0,1010.7,957.8
Osbpl3,2450.7,2568.4,1297.4,1349.7
Osbpl5,555.1,480.0,291.0,128.4
Osbpl6,14.0,13.5,39.2,33.3
Osbpl7,583.1,559.7,443.5,517.4
Osbpl8,41992.6,41653.0,26468.0,25297.9
Osbpl9,5883.5,5699.8,4152.0,4095.7
Oscar,2.2,0.0,0.0,7.6
Oscp1,8.6,0.0,7.0,10.5
Osgep,299.1,379.1,406.0,532.6
Osgepl1,175.4,185.1,115.0,109.4
Osgin1,204.4,183.9,1002.0,1101.4
Osgin2,575.6,566.4,282.3,269.2
Osm,338.9,362.3,282.3,306.3
Osmr,1.1,0.0,398.2,158.8
Osr1,0.0,0.0,73.2,30.4
Osr2,0.0,0.0,1.7,3.8
Ost4,1052.1,917.5,723.2,872.2
Osta,32.3,46.0,20.0,53.3
Ostb,0.0,0.0,0.9,1.9
Ostc,2364.6,2253.3,1944.8,1657.9
Ostf1,9469.2,9490.8,5945.2,6023.7
Ostm1,5079.9,5340.9,2299.5,2288.5
Ostn,0.0,1.1,2.6,2.8
Otc,0.0,1.1,0.0,0.0
Otoa,2.2,0.0,2.6,6.7
Otof,2.2,6.7,5.2,9.5
Otog,0.0,0.0,3.5,21.9
Otogl,1.1,2.3,3.5,7.6
Otol1,0.0,0.0,1.7,0.0
Otop1,0.0,0.0,4.3,2.8
Otop2,0.0,0.0,0.0,4.8
Otop3,0.0,0.0,0.9,2.8
Otor,0.0,2.3,4.3,0.0
Otos,9.7,7.9,0.9,1.9
Otp,0.0,0.0,1.7,0.0
Ott,0.0,0.0,3.5,0.0
Ott,0.0,0.0,3.5,0.0
Ott,0.0,0.0,0.9,0.0
Ott,0.0,0.0,0.9,0.0
Ott,0.0,0.0,3.5,0.0
Ott,0.0,0.0,3.5,0.0
Ott,0.0,0.0,0.9,0.0
Ott,0.0,0.0,0.9,0.0
Ott,0.0,0.0,3.5,0.0
Ott,0.0,0.0,3.5,0.0
Ott,0.0,0.0,0.9,0.0
Ott,0.0,0.0,0.9,0.0
Ott,0.0,0.0,3.5,0.0
Ott,0.0,0.0,3.5,0.0
Ott,0.0,0.0,0.9,0.0
Ott,0.0,0.0,0.9,0.0
Otub1,2253.8,2317.2,2264.6,2524.4
Otub2,100.1,84.1,186.5,156.0
Otud1,79.6,66.2,172.5,183.6
Otud3,248.5,229.9,148.1,172.2
Otud4,2745.4,2916.1,2805.7,2443.5
Otud5,279.7,312.9,318.9,402.3
Otud6a,0.0,0.0,0.0,0.0
Otud6b,1009.1,1017.3,947.1,782.8
Otud7a,1.1,0.0,4.3,1.9
Otud7b,730.5,757.1,601.2,478.4
Otx1,2.2,0.0,0.0,7.6
Otx2,0.0,0.0,0.9,0.0
Otx2os1,0.0,2.3,0.0,0.0
Ovca2,768.1,735.8,640.4,643.9
Ovch2,1.1,0.0,0.9,2.8
Ovgp1,20.4,18.0,13.1,9.5
Ovol1,12.9,9.0,16.5,20.0
Ovol2,8.6,5.6,0.0,0.0
Oxa1l,1415.8,1425.5,1580.6,1889.0
Oxct1,11691.8,11843.8,8507.8,7787.1
Oxct2a,2.2,5.6,3.5,3.8
Oxct2b,2.2,3.4,1.7,3.8
Oxgr1,2.2,0.0,1.7,4.8
Oxnad1,247.4,185.1,148.1,143.6
Oxr1,2864.9,2886.9,3965.5,3707.6
Oxsm,361.5,439.7,460.9,466.1
Oxsr1,2090.3,2086.1,2197.5,1922.3
Oxt,0.0,0.0,0.0,0.0
Oxtr,0.0,2.3,5.2,10.5
P2rx1,432.5,426.2,82.8,72.3
P2rx2,2.2,2.3,1.7,9.5
P2rx3,22.6,4.5,10.4,10.5
P2rx4,8495.6,8123.6,8487.8,9549.6
P2rx5,85.0,71.8,29.6,22.8
P2rx6,12.9,10.1,7.0,6.7
P2rx7,2790.6,2567.3,4578.0,5102.9
P2ry1,2756.2,2695.2,259.6,243.5
P2ry10,62.4,75.2,49.7,32.3
P2ry12,55.9,42.6,1178.9,1140.4
P2ry13,361.5,319.7,1015.1,1158.5
P2ry14,3716.9,3340.1,913.2,969.2
P2ry2,516.4,462.1,198.7,208.3
P2ry4,0.0,2.3,0.0,3.8
P2ry6,2289.3,2284.7,7411.7,8736.4
P4ha1,5614.6,5514.8,3452.3,2817.3
P4ha2,332.4,346.6,675.3,373.8
P4ha3,0.0,0.0,119.4,40.9
P4hb,33541.2,34297.7,15960.4,14122.8
P4htm,2.2,3.4,9.6,7.6
Pa2g4,2001.0,1923.5,1929.1,1537.1
Pabpc1,2175.3,2528.0,2306.4,2635.6
Pabpc1l,33.4,30.3,5.2,8.6
Pabpc2,1.1,0.0,3.5,0.9
Pabpc4,356.1,342.1,283.2,248.2
Pabpc4l,0.0,0.0,28.7,4.8
Pabpc5,0.0,0.0,0.0,5.7
Pabpc6,0.0,0.0,0.0,2.8
Pabpn1,2151.6,2153.4,2137.4,2088.7
Pabpn1l,2.2,0.0,1.7,4.8
Pacrg,2.2,0.0,40.9,49.5
Pacrgl,162.5,141.3,176.9,169.3
Pacs1,474.4,494.6,930.6,1230.8
Pacs2,6693.6,6593.7,4095.3,4497.1
Pacsin1,7.5,19.1,23.5,12.4
Pacsin2,2209.7,2338.5,2373.5,2495.8
Pacsin3,68.9,70.7,69.7,26.6
Padi1,5.4,2.3,1.7,1.9
Padi2,619.7,646.0,205.6,210.2
Padi3,5.4,5.6,2.6,2.8
Padi4,49.5,52.7,38.3,85.6
Padi6,0.0,1.1,1.7,6.7
Paf1,1370.6,1433.4,1309.6,1414.4
Pafah1b1,6341.8,6301.0,8055.6,7195.5
Pafah1b2,5409.1,5546.2,3653.5,3489.8
Pafah1b3,567.0,502.5,320.6,334.8
Pafah2,569.1,646.0,361.6,301.5
Pag1,2944.5,2949.7,1156.3,1139.5
Pah,2.2,0.0,0.0,0.9
Paics,2485.1,2483.2,2953.0,2562.4
Paip1,1047.8,919.7,1458.6,1096.7
Paip2,2165.6,2105.2,2061.6,2061.2
Paip2b,1232.9,1111.5,608.2,523.1
Pak1,782.1,753.7,2100.8,2178.1
Pak1ip1,1406.1,1377.3,992.5,888.4
Pak2,2983.2,3250.3,3424.4,3122.6
Pak3,0.0,0.0,212.6,75.1
Pak4,313.1,307.3,330.2,332.9
Pak6,2.2,5.6,3.5,6.7
Pak7,0.0,0.0,2.6,8.6
Palb2,134.5,163.8,230.0,201.6
Palld,163.5,182.8,516.7,368.1
Palm,355.0,325.3,132.4,111.3
Palm2,31.2,47.1,225.7,109.4
Palm3,2.2,0.0,5.2,0.0
Palmd,0.0,0.0,1.7,1.9
Pam,640.1,718.9,1674.7,1012.0
Pam16,30.1,28.0,31.4,28.5
Pamr1,0.0,2.3,33.1,13.3
Pan2,611.1,576.5,718.8,754.3
Pan3,3444.7,3438.8,4324.5,4230.7
Pank1,48.4,44.9,131.6,76.1
Pank2,1180.2,1160.8,1336.6,1298.3
Pank3,5953.5,5907.3,5184.5,4510.4
Pank4,933.8,908.5,625.6,777.1
Panx1,501.3,557.4,481.8,371.9
Panx2,4.3,0.0,1.7,18.1
Panx3,0.0,0.0,48.8,10.5
Paox,207.6,263.6,501.9,552.6
Papd4,943.5,764.9,1059.5,976.8
Papd5,2347.4,2293.6,1720.0,1566.6
Papd7,457.2,469.9,562.0,668.7
Papln,10.8,6.7,9.6,12.4
Papola,8412.7,8453.3,6792.1,6638.1
Papolb,2.2,2.3,5.2,5.7
Papolg,757.4,661.7,667.4,629.7
Pappa,2.2,2.3,556.8,207.3
Pappa2,0.0,3.4,23.5,15.2
Papss1,1429.7,1498.4,2079.9,2159.1
Papss2,1884.8,1707.0,216.1,191.2
Paqr3,60.3,78.5,40.1,48.5
Paqr4,271.1,244.5,215.2,222.6
Paqr5,6.5,4.5,11.3,19.0
Paqr6,2.2,0.0,0.0,1.9
Paqr7,1516.9,1453.6,1277.4,1436.2
Paqr8,60.3,58.3,127.2,58.0
Paqr9,2.2,5.6,1.7,11.4
Pard3,1.1,6.7,240.5,100.8
Pard3b,28.0,41.5,54.0,49.5
Pard6a,139.9,142.4,99.3,105.6
Pard6b,12.9,4.5,1.7,8.6
Pard6g,19.4,4.5,140.3,63.7
Parg,852.0,879.3,972.4,907.4
Park2,24.7,31.4,270.1,281.5
Park7,979.0,966.8,1333.1,1327.8
Parl,926.3,957.8,636.1,669.6
Parm1,0.0,0.0,6.1,5.7
Parn,514.2,561.9,643.9,571.6
Parp1,2242.0,2245.4,3723.2,3625.8
Parp10,845.6,831.1,1066.5,1312.6
Parp11,477.7,415.0,883.5,969.2
Parp12,1602.9,1491.7,2950.4,3198.7
Parp14,3193.0,3244.7,9075.1,9424.1
Parp16,90.4,69.5,26.1,25.7
Parp2,825.1,841.2,976.8,913.1
Parp3,987.6,807.5,578.6,419.5
Parp4,3595.3,3709.1,2555.6,2708.9
Parp6,582.0,587.7,489.7,587.8
Parp8,103.3,116.7,1795.8,2134.4
Parp9,1815.9,1874.2,2912.0,3305.3
Pars2,188.3,189.6,220.4,206.4
Parva,0.0,3.4,646.5,265.4
Parvb,973.6,1052.0,1092.7,1241.3
Parvg,3666.3,3552.0,258.8,346.2
Pask,71.0,76.3,70.6,68.5
Pate2,2.2,0.0,0.0,3.8
Pate4,0.0,1.1,0.0,0.0
Patl1,2404.4,2452.9,1151.9,1302.1
Patl2,4.3,7.9,23.5,24.7
Patz1,492.7,504.7,830.4,1052.0
Pawr,0.0,2.3,291.0,99.9
Pax1,0.0,0.0,0.0,8.6
Pax2,0.0,0.0,0.9,4.8
Pax3,2.2,2.3,1.7,0.9
Pax4,0.0,0.0,0.9,1.9
Pax5,0.0,1.1,6.1,2.8
Pax6,2.2,3.4,2.6,6.7
Pax6os1,0.0,2.3,2.6,1.9
Pax7,1.1,2.3,4.3,1.9
Pax8,3.2,0.0,3.5,0.9
Pax9,0.0,0.0,0.0,3.8
Paxip1,462.6,509.2,415.6,487.9
Pbk,29.1,28.0,79.3,57.1
Pbld1,0.0,0.0,0.0,2.8
Pbld2,8.6,9.0,16.5,13.3
Pbp2,0.0,2.3,2.6,0.0
Pbrm1,4443.0,4347.2,4698.3,4281.2
Pbsn,0.0,0.0,0.0,0.0
Pbx1,591.7,524.9,744.1,456.6
Pbx2,1924.6,1801.3,2198.4,2415.0
Pbx3,270.0,262.5,272.7,206.4
Pbx4,1.1,0.0,3.5,0.0
Pbxip1,3634.0,3447.7,1282.6,1199.4
Pcbd1,6.5,7.9,6.1,13.3
Pcbd2,260.3,254.6,217.8,195.0
Pcbp1,2611.0,2487.7,2048.5,2223.8
Pcbp2,2033.3,2240.9,2657.6,2866.8
Pcbp3,4.3,0.0,8.7,20.9
Pcbp4,214.1,204.1,310.2,232.1
Pcca,897.2,917.5,917.5,866.5
Pccb,1020.9,860.3,1258.2,1435.3
Pcdh1,0.0,0.0,9.6,16.2
Pcdh10,2.2,0.0,6.1,1.9
Pcdh11x,0.0,0.0,3.5,1.9
Pcdh12,2.2,5.6,0.0,22.8
Pcdh15,3.2,1.1,4.3,16.2
Pcdh17,4.3,4.5,6.1,15.2
Pcdh18,0.0,0.0,149.0,79.9
Pcdh19,0.0,3.4,398.2,167.4
Pcdh20,2.2,0.0,27.9,3.8
Pcdh7,731.5,753.7,1212.0,1326.9
Pcdh8,0.0,0.0,5.2,8.6
Pcdh9,3.2,0.0,10.4,7.6
Pcdha1,5.4,0.0,36.6,19.0
Pcdha10,6.5,0.0,40.1,15.2
Pcdha11,4.3,0.0,37.5,15.2
Pcdha12,4.3,0.0,38.3,15.2
Pcdha2,4.3,0.0,40.1,18.1
Pcdha3,4.3,0.0,38.3,21.9
Pcdha4,4.3,0.0,40.1,21.9
Pcdha4-g,20.4,30.3,107.2,60.9
Pcdha5,4.3,0.0,40.1,22.8
Pcdha6,4.3,0.0,40.1,15.2
Pcdha7,4.3,2.3,36.6,16.2
Pcdha8,4.3,2.3,36.6,17.1
Pcdha9,4.3,0.0,38.3,19.0
Pcdhac1,4.3,0.0,38.3,15.2
Pcdhac2,4.3,0.0,69.7,25.7
Pcdhb1,1.1,0.0,0.0,1.9
Pcdhb10,0.0,0.0,1.7,0.9
Pcdhb11,0.0,0.0,3.5,6.7
Pcdhb12,0.0,0.0,6.1,3.8
Pcdhb13,2.2,2.3,8.7,7.6
Pcdhb14,0.0,0.0,10.4,6.7
Pcdhb15,1.1,0.0,5.2,0.0
Pcdhb16,6.5,4.5,54.0,21.9
Pcdhb17,0.0,2.3,41.8,15.2
Pcdhb18,0.0,0.0,13.9,15.2
Pcdhb19,2.2,0.0,26.1,5.7
Pcdhb2,0.0,0.0,10.4,5.7
Pcdhb20,0.0,0.0,16.5,9.5
Pcdhb21,0.0,0.0,13.1,4.8
Pcdhb22,8.6,6.7,43.6,22.8
Pcdhb3,0.0,0.0,8.7,5.7
Pcdhb4,4.3,0.0,4.3,9.5
Pcdhb5,0.0,2.3,11.3,11.4
Pcdhb6,0.0,0.0,3.5,0.9
Pcdhb7,0.0,0.0,7.0,9.5
Pcdhb8,0.0,0.0,1.7,5.7
Pcdhb9,0.0,0.0,2.6,8.6
Pcdhga1,166.8,171.6,549.8,330.0
Pcdhga10,79.6,103.2,536.7,329.1
Pcdhga11,75.3,101.0,536.7,312.0
Pcdhga12,81.8,103.2,520.2,316.7
Pcdhga2,81.8,114.4,536.7,309.1
Pcdhga3,87.1,108.8,535.9,302.5
Pcdhga4,77.5,103.2,521.9,309.1
Pcdhga5,75.3,101.0,526.3,303.4
Pcdhga6,73.2,103.2,528.0,313.9
Pcdhga7,73.2,101.0,547.2,317.7
Pcdhga8,87.1,107.7,552.4,324.3
Pcdhga9,79.6,105.4,529.8,332.9
Pcdhgb1,79.6,104.3,527.2,311.0
Pcdhgb2,79.6,114.4,563.7,347.2
Pcdhgb4,79.6,108.8,582.9,352.9
Pcdhgb5,77.5,104.3,548.9,332.9
Pcdhgb6,77.5,103.2,577.7,372.8
Pcdhgb7,75.3,106.6,539.4,336.7
Pcdhgb8,75.3,101.0,527.2,305.3
Pcdhgc3,83.9,118.9,729.3,441.3
Pcdhgc4,73.2,103.2,512.3,313.9
Pcdhgc5,73.2,101.0,541.1,316.7
Pcf11,2798.2,2908.3,2292.5,2191.5
Pcgf1,94.7,132.4,107.2,95.1
Pcgf2,119.4,106.6,110.6,122.7
Pcgf3,1379.2,1261.8,1359.3,1087.2
Pcgf5,401.3,407.1,356.4,343.4
Pcgf6,182.9,186.2,188.2,134.1
Pcid2,1212.4,1116.0,689.2,665.8
Pcif1,602.5,539.5,647.4,703.9
Pck1,0.0,0.0,0.0,4.8
Pck2,537.9,677.4,1088.3,966.4
Pclo,2.2,12.3,7.8,19.0
Pcm1,1209.2,1210.2,1869.9,1746.3
Pcmt1,1577.1,1461.4,1076.1,1040.6
Pcmtd1,3212.3,3206.6,3072.4,2904.8
Pcmtd2,1143.6,1218.0,1845.5,1817.7
Pcna,2705.6,2347.5,1973.6,2232.4
Pcnp,1311.4,1473.8,1450.8,1262.2
Pcnt,1823.5,1792.3,1811.5,2065.0
Pcnx,1509.3,1459.2,1458.6,1532.3
Pcnxl2,12.9,6.7,18.3,22.8
Pcnxl3,1708.4,1693.6,1835.9,2216.2
Pcolce,20.4,26.9,1289.6,436.6
Pcolce2,0.0,0.0,4.3,4.8
Pcp2,20.4,30.3,18.3,14.3
Pcp4,0.0,0.0,0.0,0.0
Pcp4l1,26.9,13.5,535.0,626.8
Pcsk1,2.2,0.0,1.7,2.8
Pcsk1n,0.0,3.4,0.0,0.0
Pcsk2,1.1,0.0,0.0,5.7
Pcsk4,22.6,25.8,25.3,31.4
Pcsk5,0.0,2.3,12.2,7.6
Pcsk6,0.0,0.0,76.7,35.2
Pcsk7,1664.3,1787.8,1188.5,1331.6
Pcsk9,10.8,10.1,11.3,17.1
Pctp,1070.4,1038.6,781.6,753.3
Pcx,269.0,237.8,95.0,59.0
Pcyox1,6817.3,6644.2,5940.8,5873.4
Pcyox1l,97.9,96.5,153.3,131.3
Pcyt1a,12444.8,12309.3,6128.2,6458.3
Pcyt1b,20.4,12.3,104.6,144.6
Pcyt2,1178.0,1242.7,727.6,892.2
Pdap1,1386.7,1340.3,1361.0,1313.5
Pdc,0.0,0.0,0.0,1.9
Pdcd1,2.2,0.0,5.2,1.9
Pdcd10,654.1,683.0,624.7,585.0
Pdcd11,1280.2,1347.0,1470.8,1473.3
Pdcd1lg2,1024.2,1095.8,13.1,15.2
Pdcd2,390.5,342.1,318.9,316.7
Pdcd2l,504.6,533.9,499.3,533.6
Pdcd4,493.8,518.2,887.0,935.9
Pdcd5,80.7,99.8,71.4,59.9
Pdcd6,2553.9,2532.5,1835.9,1739.7
Pdcd6ip,7759.7,7906.0,6800.0,6696.1
Pdcd7,385.1,439.7,404.3,447.0
Pdcl,1828.9,1860.7,1612.0,1556.1
Pdcl2,0.0,0.0,0.0,0.9
Pdcl3,1002.6,906.2,1207.7,1149.0
Pddc1,999.4,991.5,983.7,1016.8
Pde10a,0.0,7.9,22.6,25.7
Pde11a,6.5,3.4,0.0,7.6
Pde12,929.5,1028.5,843.5,764.7
Pde1a,0.0,4.5,11.3,6.7
Pde1b,681.0,704.4,994.2,1096.7
Pde1c,34.4,20.2,16.5,25.7
Pde2a,448.6,467.7,560.3,412.8
Pde3a,0.0,1.1,108.0,40.9
Pde3b,159.2,188.4,3233.6,2739.3
Pde4a,261.4,255.7,345.9,352.9
Pde4b,255.0,278.2,934.9,1026.3
Pde4c,0.0,2.3,4.3,8.6
Pde4d,1116.7,1025.1,230.0,172.2
Pde4dip,2236.6,2295.9,1705.2,1462.9
Pde5a,26.9,25.8,165.5,66.6
Pde6a,11.8,12.3,7.8,20.9
Pde6b,24.7,22.4,18.3,15.2
Pde6c,6.5,1.1,0.9,5.7
Pde6d,610.0,484.5,458.3,396.6
Pde6g,0.0,2.3,1.7,2.8
Pde6h,0.0,0.0,0.9,0.0
Pde7a,926.3,816.5,657.0,675.3
Pde7b,533.6,517.1,668.3,724.8
Pde8a,1193.1,1065.5,1298.3,1177.5
Pde8b,340.0,314.1,249.2,214.0
Pde9a,0.0,2.3,0.0,8.6
Pdf,480.9,456.5,359.9,340.5
Pdgfa,294.8,325.3,188.2,128.4
Pdgfb,186.1,200.8,2543.4,3154.0
Pdgfc,788.6,837.8,465.3,245.4
Pdgfd,0.0,0.0,53.1,17.1
Pdgfra,29.1,37.0,144.6,81.8
Pdgfrb,25.8,22.4,970.7,365.2
Pdgfrl,17.2,7.9,41.8,19.0
Pdha1,3488.8,3408.5,2878.9,2367.4
Pdha2,0.0,2.3,0.0,0.0
Pdhb,882.2,810.9,624.7,564.0
Pdhx,744.5,704.4,447.9,413.7
Pdia2,2.2,1.1,6.1,6.7
Pdia3,26278.5,25721.1,14608.1,13630.1
Pdia4,16256.4,16106.9,3925.4,3449.8
Pdia5,223.8,199.6,223.1,122.7
Pdia6,16021.8,16126.0,5669.0,5356.0
Pdik1l,1016.6,984.8,864.4,864.6
Pdilt,0.0,0.0,0.0,6.7
Pdk1,3937.4,3996.2,1410.7,1396.3
Pdk2,314.1,240.0,232.6,374.8
Pdk3,661.6,661.7,724.1,541.2
Pdk4,0.0,1.1,1394.1,537.4
Pdlim1,52.7,37.0,142.9,70.4
Pdlim2,227.0,170.5,386.0,426.1
Pdlim3,0.0,0.0,1.7,0.0
Pdlim4,3.2,0.0,673.5,616.3
Pdlim5,3840.6,3804.4,4066.6,3010.4
Pdlim7,719.7,731.3,434.8,205.4
Pdp1,2075.2,1950.4,1289.6,1078.6
Pdp2,851.0,787.4,495.8,549.8
Pdpk1,4658.2,4837.4,3942.8,3675.3
Pdpn,1224.3,1138.4,37.5,8.6
Pdpr,748.8,651.6,853.0,978.7
Pdrg1,883.2,974.7,962.8,993.0
Pds5a,3764.2,3770.7,3410.4,3146.4
Pds5b,1002.6,973.5,1422.0,1175.6
Pdss1,149.5,138.0,200.4,172.2
Pdss2,191.5,163.8,187.3,176.9
Pdx1,0.0,1.1,6.1,0.0
Pdxdc1,2377.5,2541.5,2843.2,2521.5
Pdxk,4010.6,4192.5,8609.8,9940.5
Pdxk-ps,6.5,0.0,6.1,12.4
Pdxp,28.0,20.2,43.6,30.4
Pdyn,0.0,0.0,0.0,1.9
Pdzd11,370.1,385.8,282.3,273.9
Pdzd2,107.6,109.9,149.9,184.5
Pdzd3,11.8,6.7,3.5,5.7
Pdzd4,30.1,42.6,97.6,59.9
Pdzd7,8.6,18.0,20.0,11.4
Pdzd8,3757.8,3524.0,3337.2,3194.0
Pdzd9,52.7,49.4,48.8,41.8
Pdzk1,224.8,210.9,114.1,103.7
Pdzk1ip1,216.2,206.4,74.1,60.9
Pdzrn3,39.8,39.3,73.2,26.6
Pdzrn4,0.0,0.0,0.9,5.7
Pea15a,9108.8,8850.3,5577.5,5278.9
Pea15b,0.0,0.0,0.0,1.9
Pear1,2.2,6.7,36.6,24.7
Pebp1,2366.8,2301.5,1808.0,1502.8
Pebp4,0.0,0.0,0.9,0.0
Pecam1,75.3,69.5,659.6,512.7
Pecr,215.2,216.5,86.3,87.5
Pef1,1264.1,1255.1,880.0,855.1
Peg10,6.5,3.4,392.1,235.9
Peg12,0.0,2.3,40.9,29.5
Peg13,1143.6,1163.1,1043.9,985.4
Peg3,0.0,4.5,30.5,24.7
Peg3as,0.0,0.0,6.1,0.0
Peli1,1460.9,1340.3,1932.6,1963.2
Peli2,3414.6,3261.5,2442.4,2585.2
Peli3,114.0,116.7,61.9,78.9
Pelo,445.4,456.5,295.4,345.3
Pelp1,447.5,425.1,636.9,694.3
Pemt,28.0,51.6,25.3,8.6
Penk,23.7,15.7,17.4,22.8
Peo1,392.7,412.7,313.7,283.4
Pepd,2487.2,2638.0,2237.6,2535.8
Per1,646.6,692.0,637.8,818.0
Per2,196.9,205.3,108.0,78.0
Per3,372.2,343.2,480.1,472.7
Perp,120.5,155.9,1.7,0.9
Pes1,1181.2,1141.8,974.2,1047.2
Pet112l,417.4,344.3,364.2,316.7
Pet2,0.0,0.0,1.7,0.9
Pex1,575.6,609.0,511.5,516.5
Pex10,242.1,260.2,177.7,158.8
Pex11a,85.0,104.3,47.0,32.3
Pex11b,738.0,705.5,681.4,638.2
Pex11c,117.3,141.3,40.9,48.5
Pex12,370.1,358.9,272.7,275.8
Pex13,743.4,789.6,1135.4,956.9
Pex14,446.5,417.2,476.6,507.0
Pex16,414.2,425.1,318.9,331.9
Pex19,1696.5,1500.7,1524.8,1511.4
Pex26,616.4,509.2,195.2,193.1
Pex3,602.5,487.9,598.6,612.5
Pex5,1293.1,1366.1,1421.2,1616.0
Pex5l,0.0,1.1,0.9,3.8
Pex6,831.6,861.4,1081.3,1205.1
Pex7,434.6,413.9,536.7,456.6
Pf4,1904.2,1948.2,8934.8,8475.7
Pfas,895.1,919.7,871.3,891.2
Pfdn1,840.2,791.8,548.9,547.9
Pfdn2,305.5,332.0,277.9,285.3
Pfdn4,208.7,213.1,228.3,193.1
Pfdn5,1410.4,1264.0,1440.3,1601.7
Pfkfb1,43.0,24.7,33.1,49.5
Pfkfb2,1097.3,1197.9,956.7,965.4
Pfkfb3,2820.7,2692.9,2024.1,1770.1
Pfkfb4,1496.4,1381.8,1935.2,2024.1
Pfkl,8846.3,8894.1,1944.0,1872.8
Pfkm,337.8,357.8,580.3,536.4
Pfkp,6013.7,6037.4,1329.7,1236.5
Pfn1,17962.6,17301.4,18094.4,20051.3
Pfn2,168.9,181.7,240.5,167.4
Pfn3,0.0,0.0,0.0,0.0
Pfn4,0.0,0.0,1.7,5.7
Pfpl,2.2,5.6,11.3,8.6
Pga5,0.0,0.0,0.0,1.9
Pgam1,26288.2,26202.2,4939.6,4151.8
Pgam2,82.8,92.0,61.0,59.0
Pgam5,979.0,905.1,742.4,655.3
Pgap1,5081.0,5140.2,4780.2,5078.2
Pgap2,945.6,1013.9,1069.1,1351.6
Pgap3,123.7,127.9,101.9,106.5
Pgbd1,10.8,13.5,8.7,4.8
Pgbd5,8.6,3.4,25.3,8.6
Pgc,4.3,1.1,3.5,6.7
Pgcp,1306.0,1174.3,1574.5,1533.3
Pgd,13305.4,13444.3,7945.8,9292.8
Pgf,82.8,65.1,47.9,32.3
Pggt1b,844.5,784.0,1093.5,1123.3
Pgk1,8327.7,8711.3,1861.2,1494.3
Pgk2,0.0,0.0,0.0,3.8
Pgls,631.5,724.5,533.3,530.7
Pglyrp1,7.5,23.6,72.3,93.2
Pglyrp2,1.1,5.6,3.5,2.8
Pglyrp3,0.0,0.0,1.7,0.0
Pglyrp4,0.0,1.1,1.7,2.8
Pgm1,833.7,842.3,907.9,847.5
Pgm2,2008.5,1928.0,1014.2,952.1
Pgm2l1,1118.8,1135.0,1574.5,1457.2
Pgm3,576.6,633.7,751.1,665.8
Pgm5,24.7,16.8,68.8,47.6
Pgp,742.3,752.6,438.3,340.5
Pgpep1,1944.0,2036.8,999.4,1117.6
Pgpep1l,4.3,9.0,7.8,0.0
Pgr,0.0,0.0,51.4,50.4
Pgr15l,0.0,0.0,1.7,2.8
Pgrmc1,2272.1,2200.5,2215.8,1810.0
Pgrmc2,872.5,897.3,759.8,733.3
Pgs1,1385.6,1471.5,1185.9,1143.3
Phactr1,6.5,6.7,38.3,49.5
Phactr2,1501.8,1581.4,1082.2,1140.4
Phactr3,0.0,1.1,2.6,4.8
Phactr4,263.6,251.2,302.3,257.8
Phax,983.3,942.1,1077.8,910.3
Phb,575.6,577.6,580.3,559.3
Phb2,2690.6,2590.8,2003.2,1853.8
Phc1,124.8,112.2,174.3,180.7
Phc2,1837.5,1725.0,1735.7,1833.8
Phc3,2407.6,2267.8,2804.0,2907.7
Phex,0.0,0.0,6.1,6.7
Phf1,272.2,330.9,408.6,439.4
Phf10,1183.4,1121.6,1223.4,1012.0
Phf11,32.3,21.3,67.1,87.5
Phf12,582.0,554.1,779.8,892.2
Phf13,174.3,200.8,334.6,325.3
Phf14,1307.1,1353.7,1590.2,1746.3
Phf15,1519.0,1474.9,1868.2,2191.5
Phf16,145.2,171.6,172.5,161.7
Phf17,1135.0,1156.4,1117.1,986.3
Phf19,71.0,77.4,80.2,51.4
Phf2,411.0,381.3,487.1,631.6
Phf20,2010.7,2028.9,3067.1,3078.9
Phf20l1,5013.2,4937.2,3415.7,3072.2
Phf21a,821.9,651.6,1124.0,1351.6
Phf21b,1.1,4.5,1.7,13.3
Phf23,1774.0,1799.0,1799.3,1577.0
Phf3,4052.5,3910.9,3915.8,3796.1
Phf5a,755.2,769.4,607.3,678.2
Phf6,775.7,686.4,866.1,821.8
Phf7,229.2,216.5,222.2,246.3
Phf8,1717.0,1765.4,1588.5,1541.8
Phgdh,378.7,510.3,160.3,80.8
Phgr1,0.0,0.0,0.0,0.0
Phip,4502.2,4351.7,5551.3,5034.5
Phka1,203.3,199.6,654.4,557.4
Phka2,1845.0,1795.6,2750.8,3425.1
Phkb,1325.4,1238.2,1338.4,1245.1
Phkg1,18.3,13.5,12.2,6.7
Phkg2,826.2,923.1,690.1,736.2
Phlda1,67.8,79.6,128.9,82.7
Phlda2,0.0,1.1,1.7,0.0
Phlda3,665.9,734.6,577.7,259.7
Phldb1,249.6,258.0,849.6,477.5
Phldb2,4.3,3.4,1379.3,468.0
Phldb3,162.5,122.3,156.8,169.3
Phlpp1,985.4,1020.6,1019.5,1037.7
Phlpp2,357.2,341.0,683.1,682.0
Phospho1,799.3,804.2,261.4,274.9
Phospho2,898.3,843.4,718.0,632.5
Phox2a,9.7,10.1,24.4,27.6
Phox2b,0.0,0.0,1.7,1.9
Phpt1,211.9,221.0,279.7,274.9
Phrf1,557.3,515.9,610.8,614.4
Phtf1,449.7,446.4,521.1,466.1
Phtf2,635.8,650.5,1047.3,893.1
Phxr4,25.8,42.6,33.1,33.3
Phyh,744.5,684.2,787.7,738.1
Phyhd1,132.3,159.3,244.0,235.9
Phyhip,5.4,0.0,1.7,3.8
Phyhipl,0.0,0.0,7.0,0.9
Pi15,0.0,0.0,29.6,22.8
Pi16,10.8,6.7,20.9,33.3
Pi4k2a,5570.5,5681.9,2849.3,2807.8
Pi4k2b,1136.0,987.0,477.5,371.9
Pi4ka,6784.0,6803.5,2285.5,2168.6
Pi4kb,2961.7,2977.8,2260.3,2362.7
Pias1,1959.0,1815.8,3284.1,3510.7
Pias2,624.0,650.5,976.8,1003.5
Pias3,256.0,304.0,408.6,429.0
Pias4,556.2,538.4,344.2,385.2
Pibf1,602.5,598.9,603.0,567.8
Picalm,15570.0,14746.5,29792.2,27404.7
Pick1,181.8,212.0,208.2,235.9
Pid1,2027.9,1888.7,8024.2,9348.9
Pif1,14.0,23.6,24.4,16.2
Piga,310.9,324.1,138.5,127.5
Pigb,280.8,260.2,194.3,249.2
Pigc,863.9,850.2,790.3,701.9
Pigf,497.0,541.7,370.3,362.4
Pigg,441.1,477.8,376.4,420.4
Pigh,391.6,348.8,349.4,320.5
Pigk,1209.2,1197.9,731.0,709.6
Pigl,174.3,139.1,118.5,93.2
Pigm,2633.6,2657.0,2295.1,2122.0
Pign,1923.5,1812.5,2322.1,1951.8
Pigo,295.9,305.1,156.8,247.3
Pigp,164.6,185.1,321.5,230.2
Pigq,1648.1,1731.7,1218.1,1397.2
Pigr,1.1,0.0,0.9,7.6
Pigs,3211.3,3127.0,2289.0,2640.4
Pigt,1270.5,1260.7,1158.9,1501.9
Pigu,871.4,887.2,858.3,874.1
Pigv,282.9,215.4,385.1,429.9
Pigw,193.6,148.1,182.1,135.1
Pigx,452.9,511.4,441.8,407.1
Pigy,475.5,504.7,267.5,217.8
Pigyl,154.9,175.0,158.6,176.9
Pigz,67.8,53.8,139.4,161.7
Pih1d1,687.4,754.8,772.9,806.6
Pih1d2,4.3,18.0,9.6,14.3
Pik3ap1,6354.7,6449.1,13967.7,15848.2
Pik3c2a,3755.6,3868.3,5029.4,4434.3
Pik3c2b,39.8,32.5,19.2,29.5
Pik3c2g,0.0,0.0,0.9,4.8
Pik3c3,1818.1,1913.4,1666.9,1652.2
Pik3ca,4547.4,4561.5,3960.3,3756.1
Pik3cb,5811.5,5945.5,1484.8,1578.9
Pik3cd,6701.1,6774.3,3639.6,4454.3
Pik3cg,5255.3,5232.2,7022.2,7601.6
Pik3ip1,46.3,44.9,182.1,123.6
Pik3r1,2158.1,2116.4,4678.2,4888.0
Pik3r2,1164.0,1162.0,1121.4,1223.2
Pik3r3,102.2,114.4,254.4,91.3
Pik3r4,1165.1,1121.6,1052.6,1228.9
Pik3r5,4010.6,4186.8,2752.6,2859.2
Pik3r6,1044.6,1142.9,845.2,1030.1
Pikfyve,6885.1,6885.4,8349.2,8446.3
Pilra,1169.4,1027.4,280.6,300.6
Pilrb1,124.8,171.6,152.5,172.2
Pilrb2,248.5,247.9,230.9,261.6
Pim1,5766.3,5701.0,900.1,962.6
Pim2,34.4,53.8,91.5,75.1
Pim3,209.8,221.0,237.0,282.5
Pin1,787.5,899.5,674.4,703.9
Pin1-ps1,31.2,32.5,32.2,20.9
Pin4,73.2,98.7,68.0,65.6
Pinc,0.0,0.0,2.6,2.8
Pink1,2064.5,2060.3,2597.5,3068.4
Pinx1,235.6,228.8,165.5,116.0
Pion,6430.0,6212.4,1246.0,1299.3
Pip,0.0,0.0,0.0,0.0
Pip4k2a,2524.9,2512.3,5385.8,5650.8
Pip4k2b,2166.7,2137.7,2427.6,2646.1
Pip4k2c,3198.3,3247.0,1379.3,1418.2
Pip5k1a,980.1,911.8,737.1,598.3
Pip5k1b,11.8,6.7,25.3,18.1
Pip5k1c,6938.9,6613.9,4154.6,4811.9
Pip5kl1,1.1,1.1,3.5,5.7
Pipox,0.0,0.0,5.2,2.8
Pir,159.2,130.1,50.5,54.2
Pira1,5267.1,5283.7,1618.1,1863.3
Pira11,3380.2,3261.5,1344.5,1607.5
Pira2,6061.0,6293.2,1577.1,1834.8
Pira4,3665.2,3691.1,1320.1,1526.6
Pira6,2472.2,2546.0,398.2,447.0
Pira7,3678.2,3705.7,1321.8,1527.6
Pirt,0.0,0.0,0.0,4.8
Pisd,3212.3,3107.9,2196.7,2219.0
Pisd-ps1,2928.3,2846.6,3088.0,3604.9
Pisd-ps2,583.1,550.7,557.7,628.7
Pisd-ps3,2927.2,2845.4,3085.4,3603.0
Pitpna,7296.1,6827.0,7713.1,7850.8
Pitpnb,1179.1,1187.8,1117.1,1227.0
Pitpnc1,890.8,781.7,2017.2,2090.6
Pitpnm1,2635.7,2565.0,1984.0,2493.0
Pitpnm2,7.5,5.6,86.3,46.6
Pitpnm3,0.0,2.3,13.1,20.9
Pitrm1,2066.6,2051.4,2032.0,1678.8
Pitx1,2.2,1.1,28.7,30.4
Pitx2,2.2,0.0,1.7,4.8
Pitx3,0.0,0.0,0.0,0.0
Piwil1,2.2,0.0,1.7,1.9
Piwil2,189.3,254.6,70.6,62.8
Piwil4,2.2,3.4,1.7,8.6
Pja1,1011.3,1048.7,1058.7,952.1
Pja2,998.3,1070.0,1409.0,1202.3
Pkd1,1856.8,1841.6,2752.6,2880.1
Pkd1l2,29.1,38.1,19.2,48.5
Pkd1l3,288.3,266.9,279.7,282.5
Pkd2,1084.4,1021.8,1733.1,1322.1
Pkd2l1,0.0,0.0,1.7,3.8
Pkd2l2,431.4,453.1,532.4,540.3
Pkdcc,3040.2,2977.8,287.5,237.8
Pkdrej,2.2,2.3,6.1,12.4
Pkhd1,2.2,0.0,6.1,5.7
Pkhd1l1,0.0,2.3,5.2,7.6
Pkia,0.0,1.1,47.0,15.2
Pkib,1292.0,1253.9,668.3,820.8
Pkig,379.8,384.7,547.2,547.9
Pklr,21.5,14.6,0.9,3.8
Pkm2,38866.4,37198.1,16032.7,17576.4
Pkmyt1,58.1,50.5,61.9,73.2
Pkn1,5664.1,5991.5,5410.2,6823.6
Pkn2,2238.7,2321.7,2243.7,1975.5
Pkn3,206.6,170.5,82.8,81.8
Pknox1,793.9,841.2,804.2,788.5
Pknox2,101.1,94.2,18.3,10.5
Pkp1,2.2,2.3,2.6,8.6
Pkp2,391.6,341.0,174.3,73.2
Pkp3,36.6,30.3,10.4,17.1
Pkp4,2408.7,2431.6,712.7,701.9
Pla1a,8.6,6.7,10.4,5.7
Pla2g10,11.8,4.5,0.9,0.9
Pla2g12a,285.1,345.5,199.5,169.3
Pla2g12b,3.2,9.0,2.6,2.8
Pla2g15,6040.6,6286.4,6279.8,6728.5
Pla2g16,295.9,297.2,223.1,324.3
Pla2g1b,0.0,1.1,0.0,1.9
Pla2g2a,0.0,0.0,0.9,1.9
Pla2g2c,0.0,0.0,0.9,0.9
Pla2g2d,5.4,4.5,3.5,0.9
Pla2g2e,19.4,18.0,7.0,3.8
Pla2g2f,0.0,0.0,2.6,1.9
Pla2g3,1.1,1.1,2.6,4.8
Pla2g4a,1451.3,1251.7,647.4,487.9
Pla2g4b,51.6,41.5,40.9,39.9
Pla2g4c,2.2,1.1,7.8,6.7
Pla2g4d,2.2,1.1,1.7,1.9
Pla2g4e,0.0,3.4,2.6,4.8
Pla2g4f,5.4,4.5,1.7,1.9
Pla2g5,6.5,9.0,12.2,5.7
Pla2g6,548.7,570.9,248.3,285.3
Pla2g7,14395.2,13904.2,23236.2,19995.2
Pla2r1,2.2,2.3,70.6,47.6
Plaa,2384.0,2306.0,2560.0,2120.1
Plac1,0.0,0.0,0.0,0.0
Plac1l,0.0,0.0,3.5,0.0
Plac8,1.1,4.5,310.2,247.3
Plac8l1,1.1,2.3,1.7,1.9
Plac9,4.3,0.0,78.4,20.9
Plag1,158.1,177.2,108.9,92.3
Plagl1,17.2,24.7,81.0,34.2
Plagl2,560.5,594.4,1294.8,1487.6
Plat,1.1,1.1,95.0,41.8
Plau,13882.1,13930.0,2798.8,2341.7
Plaur,12382.4,12625.6,841.7,766.6
Plb1,0.0,2.3,7.0,8.6
Plbd1,9191.6,8360.2,1095.3,1072.9
Plbd2,1962.3,1939.2,2228.0,2298.0
Plcb1,62.4,80.8,81.0,34.2
Plcb2,10613.8,10390.3,765.0,966.4
Plcb3,1721.3,1561.2,1979.7,2060.2
Plcb4,17.2,25.8,145.5,129.4
Plcd1,160.3,150.3,167.3,87.5
Plcd3,22.6,9.0,40.9,49.5
Plcd4,15.1,12.3,14.8,14.3
Plce1,4.3,1.1,188.2,69.4
Plcg1,613.2,509.2,598.6,553.6
Plcg2,3118.7,3199.9,3000.9,3767.5
Plch1,0.0,4.5,2.6,8.6
Plch2,1.1,3.4,5.2,11.4
Plcl1,82.8,66.2,38.3,49.5
Plcl2,2281.8,2292.5,2483.3,2660.4
Plcxd1,381.9,375.7,346.8,388.1
Plcxd2,326.0,364.5,203.9,196.9
Plcxd3,0.0,0.0,1.7,4.8
Plcz1,0.0,0.0,0.0,1.9
Pld1,1173.7,1158.6,981.1,980.6
Pld2,799.3,825.5,1104.9,1229.8
Pld3,53014.2,50360.9,11987.1,13308.6
Pld4,9516.5,9470.6,13889.2,16728.0
Pld5,0.0,0.0,2.6,3.8
Pld6,0.0,2.3,8.7,9.5
Pldi,0.0,0.0,10.4,17.1
Pldn,1375.9,1336.9,1134.5,1130.9
Plec,10118.9,9893.4,8826.7,10238.2
Plek,28780.8,27958.6,12375.7,11248.4
Plek2,8.6,3.4,12.2,16.2
Plekha1,4866.9,4555.8,2046.8,1851.9
Plekha2,4000.9,4098.2,3036.6,3026.6
Plekha3,781.0,790.7,711.9,682.9
Plekha4,17.2,22.4,11.3,8.6
Plekha5,77.5,79.6,146.4,107.5
Plekha6,252.8,266.9,10.4,17.1
Plekha7,22.6,31.4,8.7,13.3
Plekha8,638.0,690.9,511.5,471.8
Plekhb1,40.9,33.7,30.5,51.4
Plekhb2,11023.7,11122.7,5903.4,6212.9
Plekhf1,88.2,103.2,256.2,119.8
Plekhf2,2993.9,2943.0,2060.7,2141.0
Plekhg1,7395.0,7160.1,713.6,700.0
Plekhg2,43.0,41.5,224.8,204.5
Plekhg3,790.7,800.8,2223.7,2403.6
Plekhg4,0.0,0.0,44.4,31.4
Plekhg5,19.4,25.8,108.9,104.6
Plekhg6,28.0,30.3,35.7,60.9
Plekhh1,175.4,191.8,142.0,158.8
Plekhh2,1.1,0.0,158.6,98.0
Plekhh3,83.9,83.0,97.6,120.8
Plekhj1,1018.8,945.5,869.6,920.7
Plekhm1,6081.5,5946.6,4621.6,5732.6
Plekhm2,3201.6,3049.6,2205.4,2669.9
Plekhm3,4823.9,4814.9,3382.6,4025.3
Plekhn1,194.7,185.1,128.1,180.7
Plekho1,4883.0,4760.0,4110.1,4660.7
Plekho2,8564.4,8343.4,11465.2,13742.3
Plg,0.0,0.0,0.0,5.7
Plin1,3.2,0.0,2.6,5.7
Plin2,15691.6,15355.5,8914.7,11227.4
Plin3,4357.0,4239.6,1383.7,1481.9
Plin4,32.3,40.4,302.3,125.5
Plin5,2.2,13.5,13.9,7.6
Plk1,67.8,69.5,104.6,93.2
Plk1s1,587.4,595.6,566.4,528.8
Plk2,9143.2,8638.4,1775.8,1651.2
Plk3,452.9,431.8,93.2,114.1
Plk4,359.3,356.7,352.9,315.8
Plk5,2.2,0.0,3.5,2.8
Pllp,14.0,9.0,7.8,16.2
Pln,36.6,56.1,40.9,58.0
Plod1,5260.6,5363.4,6216.2,7211.7
Plod2,60.3,46.0,704.0,248.2
Plod3,4755.0,4789.1,2913.8,2862.0
Plp1,6.5,4.5,1.7,5.7
Plp2,1182.3,1173.2,522.8,506.0
Plrg1,1017.7,1099.2,1180.7,1266.9
Pls1,4.3,0.0,19.2,10.5
Pls3,4946.5,4792.5,2077.3,1016.8
Plscr1,579.9,490.1,164.7,144.6
Plscr2,3.2,0.0,20.0,6.7
Plscr3,956.4,963.4,1151.9,1403.9
Plscr4,378.7,409.4,144.6,137.0
Plscr5,0.0,0.0,0.0,1.9
Pltp,7108.9,7143.3,29012.3,31336.8
Plvap,4.3,0.0,5.2,3.8
Plxdc1,248.5,288.3,369.4,329.1
Plxdc2,9589.7,9369.6,3237.0,3787.5
Plxna1,53031.4,51429.8,9163.1,9857.8
Plxna2,1268.4,1278.6,1083.1,1205.1
Plxna3,59.2,60.6,244.8,168.4
Plxna4,14.0,7.9,42.7,64.7
Plxnb1,4.3,2.3,50.5,33.3
Plxnb2,3148.9,3222.3,16014.4,20502.2
Plxnb3,95.8,79.6,175.1,254.0
Plxnc1,5538.2,6030.7,6206.6,6483.1
Plxnd1,13296.8,13996.1,16795.2,20578.3
Pm20d1,11.8,10.1,5.2,7.6
Pm20d2,2.2,2.3,7.8,8.6
Pmaip1,804.7,794.1,432.2,396.6
Pmch,14.0,6.7,13.1,12.4
Pmel,44.1,46.0,28.7,44.7
Pmepa1,52.7,55.0,234.4,121.7
Pmf1,179.7,175.0,351.1,353.8
Pmfbp1,2.2,2.3,0.9,4.8
Pml,594.9,680.8,1293.9,1594.1
Pmm1,223.8,242.3,234.4,236.8
Pmm2,775.7,714.5,669.2,682.0
Pmp2,0.0,0.0,0.0,1.9
Pmp22,726.2,862.5,1966.6,2027.9
Pmpca,2518.4,2429.3,2363.1,2090.6
Pmpcb,1044.6,1013.9,1116.2,993.0
Pms1,158.1,144.7,169.0,152.2
Pms2,181.8,246.8,329.4,279.6
Pmvk,608.9,644.9,284.9,254.0
Pnck,2.2,0.0,5.2,4.8
Pnkd,341.0,247.9,237.0,332.9
Pnkp,855.3,914.1,695.3,778.0
Pnldc1,8.6,7.9,2.6,3.8
Pnlip,0.0,0.0,0.0,0.0
Pnliprp1,0.0,1.1,0.0,0.0
Pnliprp2,0.0,0.0,0.0,0.0
Pnma1,23.7,29.2,38.3,61.8
Pnma2,0.0,0.0,0.0,5.7
Pnma3,0.0,0.0,0.0,1.9
Pnma5,0.0,0.0,1.7,3.8
Pnmal1,0.0,0.0,0.0,4.8
Pnmal2,2.2,2.3,5.2,3.8
Pnmt,0.0,0.0,0.9,4.8
Pnn,1054.3,1108.1,1152.8,1265.0
Pno1,630.4,605.7,391.2,321.5
Pnoc,4.3,2.3,10.4,10.5
Pnp,4009.5,4033.2,4142.4,4413.4
Pnp2,1227.5,1243.8,1284.4,1504.7
Pnpla1,1.1,1.1,1.7,3.8
Pnpla2,2365.7,2436.1,1623.3,2063.1
Pnpla3,0.0,1.1,6.1,14.3
Pnpla5,0.0,0.0,0.9,1.9
Pnpla6,834.8,858.0,529.8,688.6
Pnpla7,8092.1,7991.2,4280.0,4865.2
Pnpla8,3644.8,3637.3,2722.9,2432.1
Pnpo,636.9,584.3,459.2,411.8
Pnpt1,1094.1,1040.8,1136.2,1023.4
Pnrc1,1344.8,1495.1,1232.1,1408.7
Pnrc2,3426.4,3594.7,3056.7,2684.2
Poc1a,79.6,71.8,82.8,132.2
Poc1b,636.9,586.6,671.8,658.2
Poc5,421.7,449.8,451.3,414.7
Podn,0.0,0.0,16.5,9.5
Podnl1,9.7,15.7,291.9,134.1
Podxl,23.7,22.4,48.8,54.2
Podxl2,4.3,6.7,33.1,19.0
Pof1b,0.0,0.0,0.0,0.0
Pofut1,1819.2,1774.3,1809.8,1717.8
Pofut2,1034.9,1076.7,1113.6,1066.2
Pogk,2040.8,2051.4,1166.7,1073.9
Poglut1,1510.4,1449.1,1245.1,1051.0
Pogz,953.2,975.8,1290.5,1337.3
Pola1,115.1,153.7,208.2,210.2
Pola2,647.6,662.9,422.6,474.6
Polb,392.7,464.3,523.7,551.7
Pold1,430.3,429.6,410.4,443.2
Pold2,187.2,176.1,266.6,263.5
Pold3,1128.5,1153.0,1008.1,1033.9
Pold4,1121.0,1003.8,923.6,984.4
Poldip2,821.9,779.5,937.6,827.5
Poldip3,3794.3,3792.1,3170.8,3338.6
Pole,130.2,158.2,298.9,250.1
Pole2,156.0,164.9,131.6,161.7
Pole3,432.5,390.3,373.8,331.9
Pole4,827.3,834.5,568.1,546.0
Polg,972.5,1000.5,1972.7,1987.0
Polg2,194.7,118.9,277.9,286.3
Polh,404.5,446.4,428.7,344.3
Poli,249.6,274.8,264.0,254.9
Polk,519.6,529.4,582.9,523.1
Poll,286.2,268.1,276.2,293.9
Polm,210.9,221.0,219.6,212.1
Poln,11.8,6.7,32.2,36.1
Polq,46.3,66.2,93.2,87.5
Polr1a,1316.8,1380.7,1159.7,942.6
Polr1b,450.8,469.9,318.9,357.6
Polr1c,869.2,828.9,659.6,710.5
Polr1d,1285.6,1238.2,1262.6,1241.3
Polr1e,151.7,175.0,122.8,123.6
Polr2a,1585.7,1657.7,1984.9,2244.7
Polr2b,2451.7,2339.6,2654.1,2463.5
Polr2c,279.7,317.4,225.7,230.2
Polr2d,457.2,487.9,393.8,361.4
Polr2e,1758.9,1562.4,1072.6,1260.3
Polr2f,630.4,629.2,494.9,554.5
Polr2g,1367.3,1444.6,819.9,796.1
Polr2h,140.9,136.8,121.1,70.4
Polr2i,452.9,382.5,313.7,377.6
Polr2j,616.4,480.0,531.5,460.4
Polr2k,64.6,42.6,54.9,55.2
Polr2l,352.9,397.0,302.3,287.2
Polr2m,2027.9,2081.7,1977.9,1766.3
Polr3a,914.4,902.9,932.3,953.1
Polr3b,823.0,898.4,965.4,927.4
Polr3c,1201.7,1183.3,1111.8,1149.9
Polr3d,466.9,438.5,345.0,309.1
Polr3e,662.7,689.8,600.3,608.7
Polr3f,797.2,804.2,871.3,733.3
Polr3g,263.6,240.0,136.8,214.0
Polr3gl,239.9,246.8,348.5,434.7
Polr3h,198.0,136.8,307.6,293.9
Polr3k,667.0,769.4,714.5,623.0
Polrmt,480.9,416.1,502.8,523.1
Pom121,327.0,358.9,379.9,441.3
Pom121l12,0.0,0.0,1.7,2.8
Pom121l2,4.3,0.0,1.7,4.8
Pomc,4.3,7.9,3.5,6.7
Pomgnt1,667.0,646.0,785.1,651.5
Pomp,2230.1,2401.3,2427.6,2383.6
Pomt1,269.0,262.5,332.8,373.8
Pomt2,775.7,810.9,712.7,687.7
Pon1,0.0,0.0,1.7,4.8
Pon2,4934.7,4918.1,2258.5,2198.1
Pon3,2396.9,2307.1,953.2,886.5
Pop1,367.9,277.0,452.2,376.7
Pop4,594.9,651.6,550.7,391.9
Pop5,373.3,362.3,226.5,253.0
Pop7,347.5,319.7,277.9,298.7
Popdc2,0.0,0.0,5.2,12.4
Popdc3,0.0,0.0,2.6,1.9
Por,3058.5,2940.8,4508.3,5175.2
Porcn,22.6,46.0,126.3,101.8
Postn,148.5,131.2,10631.3,3454.6
Pot1a,534.7,648.3,724.1,747.6
Pot1b,654.1,552.9,1681.7,1862.4
Poteg,0.0,0.0,0.9,1.9
Pou1f1,1.1,0.0,0.0,0.0
Pou2af1,1.1,0.0,13.9,6.7
Pou2f1,997.3,1119.3,1090.9,1173.7
Pou2f2,40.9,44.9,1270.4,1490.5
Pou2f3,0.0,0.0,1.7,0.9
Pou3f1,4.3,0.0,4.3,21.9
Pou3f2,2.2,1.1,6.1,5.7
Pou3f3,0.0,0.0,3.5,5.7
Pou3f4,0.0,0.0,0.9,1.9
Pou4f1,6.5,2.3,1.7,1.9
Pou4f2,0.0,0.0,0.0,3.8
Pou4f3,0.0,0.0,0.0,0.0
Pou5f1,6.5,9.0,9.6,16.2
Pou5f2,22.6,14.6,15.7,32.3
Pou6f1,85.0,85.2,332.0,352.9
Pou6f2,0.0,0.0,0.0,7.6
Ppa1,274.3,292.7,418.2,299.6
Ppa2,246.4,250.1,252.7,265.4
Ppan,448.6,481.2,398.2,349.1
Ppap2a,68.9,60.6,221.3,71.3
Ppap2b,3188.7,2982.3,169.0,94.2
Ppap2c,353.9,408.3,189.1,168.4
Ppapdc1a,0.0,0.0,4.3,1.9
Ppapdc1b,648.7,644.9,410.4,402.3
Ppapdc2,223.8,278.2,264.0,308.2
Ppapdc3,46.3,44.9,107.2,102.7
Ppara,2.2,4.5,10.4,4.8
Ppard,956.4,847.9,678.8,678.2
Pparg,2779.9,2743.4,1510.9,1507.6
Ppargc1a,15.1,11.2,7.8,8.6
Ppargc1b,390.5,323.0,46.2,73.2
Ppat,537.9,572.0,436.5,380.5
Ppbp,66.7,69.5,520.2,332.9
Ppcdc,500.3,503.6,452.2,392.8
Ppcs,206.6,228.8,163.8,168.4
Ppdpf,341.0,302.8,239.6,245.4
Ppef1,15.1,11.2,0.0,0.9
Ppef2,148.5,173.9,7.8,11.4
Ppfia1,2981.0,2897.0,1804.5,1737.8
Ppfia2,2.2,0.0,1.7,1.9
Ppfia3,36.6,24.7,22.6,19.0
Ppfia4,278.6,296.1,844.3,962.6
Ppfibp1,2168.8,2224.1,2750.8,1661.7
Ppfibp2,1011.3,963.4,1312.2,1351.6
Pphln1,955.3,923.1,1137.1,1063.4
Ppia,8338.5,7677.2,5977.4,5651.8
Ppib,9456.3,9038.8,5245.5,5354.1
Ppic,576.6,620.2,896.6,281.5
Ppid,348.6,332.0,460.9,388.1
Ppie,350.7,324.1,342.4,303.4
Ppif,273.3,263.6,257.9,200.7
Ppifos,80.7,68.4,84.5,64.7
Ppig,2257.0,2161.3,2052.9,1899.5
Ppih,134.5,111.0,81.9,94.2
Ppil1,232.4,205.3,167.3,159.8
Ppil2,1412.5,1363.8,1656.4,1649.3
Ppil3,258.2,260.2,268.4,250.1
Ppil4,532.5,493.5,591.6,609.7
Ppil6,6.5,2.3,6.1,6.7
Ppip5k1,720.8,741.4,379.9,394.7
Ppip5k2,1982.7,2013.2,2148.7,2165.8
Ppl,45.2,35.9,45.3,57.1
Ppm1a,2690.6,2725.4,2518.2,2514.9
Ppm1b,1641.7,1695.8,1369.7,1388.7
Ppm1d,502.4,483.4,562.0,476.5
Ppm1e,23.7,46.0,67.1,61.8
Ppm1f,1051.1,1103.6,960.2,1049.1
Ppm1g,1995.6,1979.6,2024.1,1914.7
Ppm1h,4121.4,4152.1,5452.9,5681.3
Ppm1j,12.9,20.2,7.8,7.6
Ppm1k,774.6,813.2,797.3,775.2
Ppm1l,46.3,43.8,90.6,76.1
Ppm1m,784.3,740.2,673.5,656.3
Ppm1n,6.5,0.0,10.4,14.3
Ppme1,1190.9,1168.7,853.9,853.2
Ppox,462.6,482.3,464.4,518.4
Ppp1ca,10819.3,10647.1,8080.0,7838.5
Ppp1cb,4567.8,4945.0,4565.0,3757.1
Ppp1cc,3814.8,3749.4,4464.8,4244.1
Ppp1r10,2167.7,2030.1,1925.7,2120.1
Ppp1r11,1047.8,1048.7,625.6,699.1
Ppp1r12a,2427.0,2302.6,3262.3,3105.5
Ppp1r12b,187.2,216.5,226.5,166.4
Ppp1r12c,804.7,962.3,1252.1,1371.6
Ppp1r13b,213.0,206.4,429.6,510.8
Ppp1r13l,71.0,84.1,39.2,59.9
Ppp1r14a,1.1,2.3,24.4,4.8
Ppp1r14b,799.3,766.0,508.0,325.3
Ppp1r14c,0.0,0.0,0.0,12.4
Ppp1r14d,7.5,1.1,2.6,2.8
Ppp1r15a,1109.2,1146.3,553.3,473.7
Ppp1r15b,7515.5,7880.2,4172.9,3683.8
Ppp1r16a,450.8,549.6,420.0,588.8
Ppp1r16b,15.1,7.9,12.2,20.0
Ppp1r17,0.0,0.0,4.3,2.8
Ppp1r18,2735.8,2669.4,3770.3,4022.4
Ppp1r1a,10.8,16.8,34.8,27.6
Ppp1r1b,0.0,0.0,4.3,6.7
Ppp1r1c,2.2,0.0,1.7,12.4
Ppp1r2,874.6,932.0,741.5,739.0
Ppp1r2-ps3,46.3,59.5,40.1,39.0
Ppp1r2-ps7,0.0,0.0,3.5,0.0
Ppp1r2-ps9,0.0,0.0,0.0,0.0
Ppp1r26,15.1,18.0,21.8,16.2
Ppp1r27,4.3,10.1,5.2,11.4
Ppp1r32,6.5,7.9,6.1,2.8
Ppp1r35,338.9,339.8,321.5,286.3
Ppp1r36,0.0,0.0,1.7,4.8
Ppp1r37,1138.2,1027.4,719.7,745.7
Ppp1r3a,0.0,2.3,1.7,0.0
Ppp1r3b,2838.0,2717.6,588.1,526.0
Ppp1r3c,1.1,0.0,8.7,7.6
Ppp1r3d,291.5,273.7,159.4,168.4
Ppp1r3e,46.3,63.9,21.8,28.5
Ppp1r3f,51.6,39.3,83.6,105.6
Ppp1r3g,4.3,3.4,1.7,0.0
Ppp1r42,0.0,0.0,0.0,0.0
Ppp1r7,1155.4,1149.6,1110.1,1108.1
Ppp1r8,596.0,634.8,724.1,688.6
Ppp1r9a,54.9,52.7,363.3,420.4
Ppp1r9b,2049.4,2078.3,2465.9,2802.1
Ppp2ca,4320.4,4081.4,4409.0,3939.7
Ppp2cb,1802.0,1884.3,1501.3,1294.5
Ppp2r1a,5999.7,6274.1,3751.1,3816.0
Ppp2r1b,2094.6,2236.4,1761.0,1602.7
Ppp2r2a,284.0,254.6,316.3,323.4
Ppp2r2b,1.1,2.3,1.7,3.8
Ppp2r2c,0.0,0.0,2.6,2.8
Ppp2r2d,437.9,434.1,522.8,502.2
Ppp2r3a,471.2,401.5,932.3,731.4
Ppp2r3c,938.1,895.0,650.9,551.7
Ppp2r3d,559.4,564.2,693.6,656.3
Ppp2r4,3936.3,4340.5,3169.9,3437.5
Ppp2r5a,2882.1,2985.6,2066.8,2178.1
Ppp2r5b,601.4,563.0,479.2,473.7
Ppp2r5c,4889.5,4865.4,4697.4,4966.0
Ppp2r5d,1122.1,1070.0,1377.6,1359.2
Ppp2r5e,785.3,773.9,877.4,920.7
Ppp3ca,2132.2,2226.3,3095.9,2987.6
Ppp3cb,1402.8,1510.8,1637.2,1394.4
Ppp3cc,134.5,135.7,230.9,216.9
Ppp3r1,4978.8,5206.4,3779.0,3222.5
Ppp3r2,0.0,2.3,5.2,0.0
Ppp4c,2757.3,2788.2,2723.8,2980.0
Ppp4r1,2658.3,2856.7,2850.2,2883.0
Ppp4r1l-ps,129.1,93.1,142.9,198.8
Ppp4r2,2191.4,2119.8,2044.2,1813.9
Ppp4r4,2.2,6.7,3.5,7.6
Ppp5c,1324.3,1245.0,1512.6,1608.4
Ppp6c,1813.8,1688.0,1590.2,1537.1
Ppp6r1,5587.7,5399.3,5544.4,5936.2
Ppp6r2,448.6,446.4,977.6,916.0
Ppp6r3,3213.4,3279.5,3569.0,3537.3
Pppde1,1933.2,1834.9,1294.8,1182.3
Pppde2,499.2,560.8,595.1,543.1
Pprc1,698.2,794.1,574.2,627.8
Ppt1,10240.5,10344.3,4468.2,4442.8
Ppt2,635.8,711.1,658.7,805.6
Pptc7,959.6,863.6,905.3,817.0
Ppwd1,257.1,253.5,248.3,249.2
Ppy,0.0,0.0,0.0,0.0
Ppyr1,0.0,0.0,0.0,0.9
Pqbp1,672.4,669.6,746.7,918.8
Pqlc1,2186.0,2243.2,977.6,1104.3
Pqlc2,469.1,533.9,474.9,503.2
Pqlc3,2588.4,2446.2,1241.7,1169.0
Praf2,413.1,402.7,210.0,145.5
Pram1,33.4,35.9,107.2,117.9
Prame,0.0,0.0,0.0,0.9
Pramef12,0.0,0.0,0.9,2.8
Pramef17,1.1,0.0,0.0,0.0
Pramef6,0.0,0.0,0.9,5.7
Pramef8,555.1,634.8,715.4,682.9
Pramel1,0.0,0.0,0.0,3.8
Pramel3,0.0,0.0,1.7,3.8
Pramel4,0.0,1.1,2.6,1.9
Pramel5,0.0,0.0,0.0,1.9
Pramel6,0.0,0.0,0.0,1.9
Pramel7,0.0,0.0,0.0,1.9
Prap1,5.4,4.5,2.6,3.8
Prb1,0.0,0.0,0.9,4.8
Prc1,348.6,389.2,517.6,406.1
Prcc,561.6,632.6,646.5,636.3
Prcp,6756.0,6775.4,4845.5,5561.4
Prdm1,383.0,441.9,1466.5,1649.3
Prdm10,277.6,333.1,296.2,365.2
Prdm11,14.0,14.6,17.4,28.5
Prdm12,0.0,0.0,4.3,7.6
Prdm13,1.1,0.0,6.1,8.6
Prdm14,1.1,1.1,0.0,1.9
Prdm15,553.0,576.5,582.9,619.2
Prdm16,35.5,40.4,145.5,73.2
Prdm2,2353.8,2386.7,2472.9,2484.4
Prdm4,1181.2,1120.5,1097.0,1048.2
Prdm5,2.2,6.7,114.1,28.5
Prdm6,0.0,0.0,2.6,2.8
Prdm8,0.0,2.3,0.0,6.7
Prdm9,91.4,97.6,100.2,75.1
Prdx1,12845.0,12982.2,11463.4,10902.1
Prdx2,2666.9,2600.9,1876.9,1632.2
Prdx3,1711.6,1656.6,1339.2,1198.5
Prdx4,1883.7,1970.6,1221.6,1151.8
Prdx5,8541.8,8603.6,3379.9,3529.7
Prdx6,3124.1,2906.0,1629.4,1498.1
Prdx6b,10.8,18.0,9.6,17.1
Preb,2608.8,2645.8,2401.4,2778.3
Prelid1,5664.1,5551.8,2336.1,2343.6
Prelid2,221.6,216.5,44.4,36.1
Prelp,0.0,4.5,95.8,23.8
Prep,1591.1,1666.7,1307.9,1143.3
Prepl,857.4,703.2,775.5,577.3
Prex1,6278.4,5943.2,12317.3,14277.8
Prex2,0.0,1.1,12.2,15.2
Prf1,0.0,0.0,1.7,5.7
Prg2,4.3,2.3,128.1,123.6
Prg3,0.0,0.0,6.1,3.8
Prg4,120.5,115.5,213.5,158.8
Prh1,0.0,0.0,0.0,1.9
Prhoxnb,0.0,0.0,1.7,0.0
Prickle1,15.1,20.2,31.4,19.0
Prickle2,1775.1,1832.7,47.9,35.2
Prickle3,805.8,675.2,387.7,351.9
Prim1,99.0,96.5,160.3,120.8
Prim2,476.6,412.7,369.4,298.7
Prima1,0.0,0.0,0.0,0.9
Prkaa1,2501.2,2465.2,2363.9,2065.9
Prkaa2,22.6,14.6,26.1,27.6
Prkab1,747.7,722.3,681.4,722.9
Prkab2,341.0,404.9,534.1,373.8
Prkaca,2372.1,2384.5,2336.9,2200.0
Prkacb,3653.4,3528.5,9207.5,9562.9
Prkag1,1195.2,1138.4,1200.7,1134.7
Prkag2,302.3,327.5,572.5,505.1
Prkag3,3.2,3.4,48.8,43.7
Prkar1a,9791.9,9550.2,11929.6,11011.5
Prkar1b,63.5,101.0,104.6,55.2
Prkar2a,1392.1,1548.9,2394.4,1831.0
Prkar2b,931.6,790.7,1396.8,893.1
Prkca,520.7,555.2,499.3,227.3
Prkcb,18821.1,18520.6,6278.9,6627.7
Prkcc,9.7,3.4,14.8,12.4
Prkcd,13183.9,13172.9,7115.4,7875.6
Prkcdbp,0.0,2.3,224.8,67.5
Prkce,76.4,109.9,164.7,156.0
Prkch,819.8,847.9,2545.2,2904.8
Prkci,1575.0,1505.2,1585.0,1323.1
Prkcq,12.9,13.5,21.8,27.6
Prkcsh,2989.6,3036.1,2113.9,2110.6
Prkcz,25.8,16.8,34.0,25.7
Prkd1,0.0,0.0,49.7,15.2
Prkd2,203.3,185.1,278.8,306.3
Prkd3,2899.3,2817.4,1704.3,1575.1
Prkdc,1584.7,1737.3,1588.5,1489.5
Prkg1,85.0,99.8,210.9,89.4
Prkg2,0.0,1.1,87.1,32.3
Prkra,551.9,481.2,701.4,763.8
Prkrip1,326.0,291.6,318.0,261.6
Prkrir,1356.6,1357.1,1437.7,1127.1
Prkx,3301.6,3169.6,1956.2,1753.0
Prl,0.0,0.0,0.0,0.9
Prl2a1,0.0,0.0,0.9,0.0
Prl2b1,0.0,0.0,0.0,0.9
Prl2c1,0.0,1.1,0.0,0.0
Prl2c2,0.0,0.0,7.8,5.7
Prl2c3,0.0,0.0,1.7,6.7
Prl2c4,0.0,0.0,1.7,6.7
Prl2c5,0.0,0.0,0.0,0.0
Prl3a1,0.0,0.0,0.9,0.0
Prl3b1,0.0,0.0,0.0,0.0
Prl3c1,0.0,2.3,0.9,0.9
Prl3d1,0.0,0.0,0.9,0.0
Prl3d2,0.0,0.0,0.0,1.9
Prl3d3,0.0,0.0,0.0,0.0
Prl4a1,0.0,0.0,0.0,0.0
Prl5a1,0.0,0.0,0.0,0.0
Prl6a1,0.0,0.0,0.0,0.0
Prl7a1,0.0,0.0,0.0,0.0
Prl7a2,0.0,0.0,0.0,0.0
Prl7b1,0.0,0.0,0.0,0.0
Prl7c1,0.0,0.0,0.9,2.8
Prl7d1,0.0,0.0,0.0,0.9
Prl8a1,0.0,0.0,2.6,0.0
Prl8a2,0.0,0.0,0.9,1.9
Prl8a6,0.0,0.0,0.0,0.9
Prl8a8,0.0,0.0,0.0,0.9
Prl8a9,1.1,0.0,0.0,2.8
Prlh,0.0,0.0,0.0,0.0
Prlhr,0.0,0.0,1.7,5.7
Prlr,17.2,23.6,7.8,27.6
Prm1,2.2,0.0,1.7,1.9
Prm2,0.0,0.0,0.0,1.9
Prm3,0.0,0.0,0.0,1.9
Prmt1,784.3,810.9,1239.9,1229.8
Prmt10,833.7,978.0,904.4,798.0
Prmt2,752.0,721.2,565.5,571.6
Prmt3,719.7,729.0,777.2,629.7
Prmt5,758.4,788.5,820.8,641.1
Prmt6,513.2,541.7,507.1,433.7
Prmt7,323.8,367.9,590.8,643.0
Prmt8,0.0,0.0,0.9,1.9
Prnd,0.0,0.0,10.4,7.6
Prnp,1259.8,1129.4,822.5,711.5
Proc,0.0,0.0,0.0,2.8
Proca1,11.8,15.7,13.1,13.3
Procr,719.7,541.7,47.9,44.7
Prodh,105.4,78.5,109.8,106.5
Prodh2,0.0,0.0,0.0,7.6
Prok1,0.0,0.0,0.0,4.8
Prok2,0.0,4.5,0.9,0.9
Prokr1,591.7,573.1,68.8,81.8
Prokr2,0.0,0.0,0.0,6.7
Prol1,0.0,0.0,0.9,2.8
Prom1,565.9,503.6,34.0,35.2
Prom2,0.0,0.0,0.0,15.2
Prop1,0.0,0.0,0.0,0.9
Prorsd1,677.8,667.3,583.8,579.3
Pros1,1038.1,1121.6,2322.1,2165.8
Prosapip1,102.2,89.7,97.6,131.3
Prosc,2578.7,2718.7,1474.3,1361.1
Prox1,11.8,13.5,2.6,3.8
Prox2,48.4,58.3,63.6,50.4
Proz,189.3,163.8,75.8,101.8
Prp2,0.0,0.0,0.0,0.0
Prpf18,1559.9,1629.7,1559.7,1536.1
Prpf19,1775.1,1813.6,2075.5,1937.5
Prpf3,804.7,744.7,535.9,474.6
Prpf31,1667.5,1647.6,1066.5,1178.5
Prpf38a,507.8,511.4,512.3,516.5
Prpf38b,2571.2,2614.4,2752.6,2979.0
Prpf39,1860.1,1810.2,1816.7,1675.0
Prpf4,754.1,808.7,780.7,735.2
Prpf40a,3887.9,3752.8,3911.5,3394.7
Prpf40b,135.6,140.2,159.4,162.6
Prpf4b,3076.8,2945.3,2966.9,2839.2
Prpf6,1089.8,1184.4,1577.1,1849.0
Prpf8,14478.1,14423.4,14822.4,15630.3
Prph,1.1,3.4,0.0,2.8
Prph2,0.0,0.0,4.3,2.8
Prpmp5,0.0,0.0,0.0,3.8
Prps1,158.1,153.7,196.0,136.0
Prps1l1,4.3,5.6,20.9,21.9
Prps1l3,1253.3,1059.9,1356.7,1086.2
Prps2,1277.0,1122.7,1086.6,984.4
Prpsap1,1351.2,1238.2,1011.6,1034.9
Prpsap2,144.2,176.1,300.6,300.6
Prr11,130.2,140.2,221.3,152.2
Prr12,93.6,81.9,180.4,201.6
Prr13,5205.8,4866.5,2494.7,2925.8
Prr14,1188.8,1114.9,832.1,851.3
Prr15,357.2,365.6,7.0,19.0
Prr15l,2.2,2.3,5.2,5.7
Prr16,0.0,0.0,5.2,1.9
Prr18,18.3,9.0,42.7,33.3
Prr19,0.0,0.0,0.9,0.9
Prr22,3.2,0.0,5.2,12.4
Prr23a,0.0,0.0,0.9,1.9
Prr24,116.2,96.5,136.8,185.5
Prr3,201.2,222.1,230.0,215.0
Prr5,33.4,20.2,56.6,38.0
Prr5l,1308.2,1175.4,328.5,372.8
Prr7,1.1,2.3,21.8,11.4
Prr9,0.0,0.0,0.0,0.0
Prrc1,1324.3,1303.3,1417.7,1342.1
Prrc2a,820.8,794.1,1408.1,1513.3
Prrc2b,1246.9,1451.3,1616.3,1735.9
Prrc2c,4204.2,4113.9,4531.9,4709.2
Prrg1,80.7,63.9,342.4,274.9
Prrg2,391.6,354.4,262.3,295.8
Prrg3,0.0,0.0,3.5,4.8
Prrg4,8.6,11.2,20.9,2.8
Prrt1,9.7,4.5,13.9,11.4
Prrt2,10.8,3.4,9.6,0.9
Prrt3,18.3,15.7,13.9,25.7
Prrt4,0.0,0.0,1.7,6.7
Prrx1,7.5,3.4,1745.3,535.5
Prrx2,0.0,0.0,110.6,59.0
Prrxl1,1.1,1.1,0.0,0.0
Prss1,0.0,0.0,0.0,0.0
Prss12,15.1,26.9,39.2,26.6
Prss16,16.1,10.1,14.8,11.4
Prss2,0.0,0.0,0.0,0.9
Prss21,4.3,4.5,1.7,0.0
Prss22,0.0,0.0,1.7,5.7
Prss23,1.1,0.0,1390.7,496.5
Prss27,1.1,4.5,0.0,7.6
Prss28,0.0,1.1,0.0,2.8
Prss29,0.0,0.0,0.0,0.0
Prss3,0.0,0.0,0.0,0.9
Prss30,11.8,12.3,4.3,7.6
Prss32,2.2,0.0,0.0,2.8
Prss33,0.0,1.1,0.0,1.9
Prss34,0.0,0.0,75.8,64.7
Prss35,0.0,0.0,50.5,16.2
Prss36,17.2,24.7,19.2,34.2
Prss37,0.0,0.0,0.0,0.0
Prss38,0.0,0.0,1.7,2.8
Prss39,0.0,2.3,3.5,2.8
Prss40,0.0,0.0,0.0,1.9
Prss41,9.7,7.9,2.6,0.0
Prss42,0.0,0.0,0.0,0.0
Prss43,0.0,0.0,0.9,0.9
Prss44,0.0,2.3,0.0,4.8
Prss45,2.2,0.0,0.9,1.9
Prss46,34.4,28.0,21.8,13.3
Prss48,2.2,0.0,0.0,0.9
Prss50,7.5,2.3,4.3,5.7
Prss51,0.0,0.0,0.0,0.9
Prss52,2.2,1.1,1.7,3.8
Prss53,140.9,143.6,136.8,170.3
Prss54,0.0,0.0,0.0,2.8
Prss55,0.0,2.3,0.0,0.0
Prss56,0.0,0.0,0.0,1.9
Prss57,28.0,20.2,128.1,67.5
Prss58,0.0,0.0,0.0,0.9
Prss8,9.7,11.2,19.2,15.2
Prtg,1.1,0.0,13.9,24.7
Prtn3,4.3,0.0,226.5,239.7
Prune,1504.0,1601.6,682.3,801.8
Prune2,3067.1,3242.5,3859.2,3176.9
Prx,23.7,35.9,73.2,44.7
Psap,1056157.2,1057138.2,283377.2,340731.8
Psapl1,0.0,0.0,0.0,4.8
Psat1,1186.6,1185.5,1059.5,487.9
Psca,0.0,0.0,1.7,0.9
Psd,45.2,56.1,101.9,136.0
Psd2,1.1,1.1,2.6,4.8
Psd3,377.6,311.8,1178.0,1065.3
Psd4,4029.9,4229.5,2128.7,2358.9
Psen1,2181.7,2170.3,1584.1,1617.9
Psen2,5035.8,5000.0,1765.3,2379.8
Psenen,738.0,665.1,537.6,502.2
Psg-ps1,0.0,0.0,0.0,0.0
Psg16,0.0,0.0,0.9,1.9
Psg17,0.0,1.1,1.7,3.8
Psg18,2.2,1.1,1.7,0.9
Psg19,0.0,0.0,1.7,0.0
Psg20,0.0,2.3,1.7,2.8
Psg21,0.0,0.0,0.0,3.8
Psg22,0.0,0.0,0.0,4.8
Psg23,3.2,0.0,0.0,8.6
Psg25,0.0,0.0,0.0,0.0
Psg26,3.2,0.0,0.0,5.7
Psg27,0.0,0.0,0.0,0.0
Psg28,0.0,0.0,1.7,1.9
Psg29,1.1,4.5,0.0,1.9
Psip1,577.7,554.1,867.0,731.4
Pskh1,1749.3,1817.0,1081.3,1174.7
Psma1,2388.3,2533.6,2349.1,2589.0
Psma2,1335.1,1336.9,1195.5,1186.1
Psma3,250.7,188.4,252.7,227.3
Psma4,1505.0,1434.5,1249.5,1204.2
Psma5,162.5,167.1,189.1,207.3
Psma6,2333.4,2229.7,2377.0,2012.6
Psma7,2106.4,2142.2,2032.8,2060.2
Psma8,47.3,62.8,48.8,28.5
Psmb1,3622.2,3533.0,2736.0,2766.0
Psmb10,1755.7,1792.3,1653.8,1903.3
Psmb11,4.3,0.0,0.0,6.7
Psmb2,1778.3,1656.6,1714.8,1885.2
Psmb3,216.2,198.5,149.9,115.1
Psmb4,2891.7,3027.1,2707.3,2614.7
Psmb5,1862.2,1878.6,921.0,991.1
Psmb6,1613.7,1612.8,1476.0,1537.1
Psmb7,2010.7,1940.3,1834.2,1728.2
Psmb8,3143.5,3239.1,2508.6,3105.5
Psmb9,869.2,665.1,1179.8,1288.8
Psmc1,1271.6,1182.1,1376.7,1324.0
Psmc2,2161.3,2191.6,2346.5,2161.0
Psmc3,3039.1,3056.3,2912.9,3036.1
Psmc3ip,34.4,40.4,32.2,39.0
Psmc4,2083.8,2008.7,1819.4,1784.4
Psmc5,1581.4,1618.4,1602.4,1489.5
Psmc6,2042.9,2081.7,2169.6,1842.4
Psmd1,3301.6,3179.7,3235.3,3059.9
Psmd10,829.4,762.7,521.9,555.5
Psmd11,650.9,649.4,572.5,588.8
Psmd12,1655.7,1599.4,1425.5,1364.0
Psmd13,2416.2,2558.3,1620.7,1529.5
Psmd14,1123.1,1033.0,1068.3,1005.4
Psmd2,5127.2,5238.9,3082.8,3044.6
Psmd3,1640.6,1478.2,1747.0,1832.9
Psmd4,2305.4,2292.5,2082.5,2164.8
Psmd5,1068.3,1118.2,1063.9,892.2
Psmd6,1686.9,1645.4,1656.4,1344.0
Psmd7,1621.2,1708.2,1682.6,1544.7
Psmd8,13399.0,14021.9,3493.2,3095.1
Psmd9,565.9,561.9,460.9,489.8
Psme1,2103.2,2070.4,2154.0,2500.6
Psme2,21.5,40.4,41.8,38.0
Psme3,2775.6,2577.4,2155.7,2038.3
Psme4,5262.8,5539.5,5269.9,4881.3
Psmf1,710.0,629.2,773.7,860.8
Psmg1,287.2,318.5,251.8,217.8
Psmg2,232.4,237.8,268.4,178.8
Psmg3,232.4,274.8,224.8,229.2
Psmg4,188.3,178.3,327.6,322.4
Psors1c2,0.0,0.0,2.6,0.9
Pspc1,710.0,611.3,907.1,896.9
Psph,270.0,249.0,292.8,193.1
Pspn,4.3,11.2,3.5,4.8
Psrc1,244.2,208.6,233.5,153.1
Pstk,161.4,195.2,183.8,147.4
Pstpip1,1685.8,1608.3,2064.2,2460.6
Pstpip2,1994.5,1830.4,954.1,1042.5
Ptafr,7332.6,6988.5,5865.9,7003.4
Ptar1,194.7,206.4,186.5,151.2
Ptbp1,3592.1,3628.3,3804.3,3852.2
Ptbp2,704.7,756.0,785.1,729.5
Ptcd1,905.8,902.9,834.7,722.9
Ptcd2,892.9,851.3,781.6,676.3
Ptcd3,611.1,605.7,682.3,551.7
Ptch1,359.3,373.5,196.9,195.9
Ptch2,4.3,0.0,6.1,7.6
Ptchd1,153.8,175.0,448.7,575.4
Ptchd2,0.0,1.1,7.8,9.5
Ptchd3,1.1,0.0,1.7,0.0
Ptcra,2.2,0.0,3.5,4.8
Ptdss1,2842.3,3002.5,2533.9,2719.4
Ptdss2,991.9,976.9,631.7,627.8
Pten,6537.6,6583.6,9268.5,7989.7
Pter,398.1,383.6,120.2,94.2
Ptf1a,0.0,0.0,0.0,3.8
Ptgdr,0.0,0.0,0.9,0.0
Ptgds,0.0,0.0,0.9,3.8
Ptger1,1451.3,1426.7,1303.5,1649.3
Ptger2,898.3,851.3,326.7,433.7
Ptger3,33.4,19.1,74.1,113.2
Ptger4,1269.4,1310.0,1239.0,1266.0
Ptges,259.3,330.9,39.2,36.1
Ptges2,424.9,385.8,272.7,313.9
Ptges3,1671.8,1738.4,2236.7,1738.7
Ptgfr,2.2,9.0,8.7,3.8
Ptgfrn,1069.3,1099.2,310.2,238.7
Ptgir,12103.8,12065.9,228.3,245.4
Ptgis,71.0,81.9,92.4,25.7
Ptgr1,2145.1,2237.5,677.9,611.6
Ptgr2,1202.7,1271.9,1327.9,1321.2
Ptgs1,3537.2,3629.4,2182.7,2610.0
Ptgs2,31.2,37.0,741.5,333.9
Pth,0.0,0.0,0.9,0.0
Pth1r,0.0,0.0,277.9,88.5
Pth2,0.0,0.0,0.9,0.9
Pth2r,0.0,0.0,0.9,4.8
Pthlh,0.0,0.0,1.7,3.8
Ptk2,762.7,702.1,887.0,585.0
Ptk2b,2537.8,2719.8,4829.9,5329.3
Ptk6,0.0,0.0,2.6,2.8
Ptk7,1.1,2.3,404.3,124.6
Ptma,8002.9,7761.3,7661.7,7416.2
Ptms,3186.5,3015.9,3384.3,3565.9
Ptn,2.2,1.1,5.2,4.8
Ptov1,294.8,255.7,582.0,737.1
Ptp4a1,3023.0,3058.5,2239.3,1751.1
Ptp4a2,11436.8,11371.6,11265.6,11026.8
Ptp4a3,243.1,182.8,435.7,443.2
Ptpdc1,10.8,9.0,20.0,17.1
Ptpla,46.3,48.2,86.3,25.7
Ptplad1,1672.9,1647.6,1674.7,1505.7
Ptplad2,1815.9,1711.5,3115.0,3408.9
Ptplb,238.8,224.3,277.1,270.1
Ptpmt1,895.1,818.8,593.4,494.6
Ptpn1,7190.6,7266.7,6547.3,7238.3
Ptpn11,2921.9,2908.3,3240.5,2921.0
Ptpn12,7375.7,7053.6,2720.3,2571.0
Ptpn13,1.1,0.0,205.6,92.3
Ptpn14,65.6,55.0,429.6,165.5
Ptpn18,484.1,521.5,2635.8,2763.1
Ptpn2,796.1,805.3,570.7,590.7
Ptpn20,0.0,0.0,0.0,2.8
Ptpn21,266.8,227.7,244.8,212.1
Ptpn22,139.9,205.3,1227.7,1403.9
Ptpn23,394.8,474.4,342.4,501.3
Ptpn3,1299.6,1203.5,60.1,32.3
Ptpn4,545.4,530.5,360.7,309.1
Ptpn5,0.0,0.0,7.8,4.8
Ptpn6,4376.3,4421.3,6550.8,7799.5
Ptpn7,3333.9,3140.4,1460.4,1203.2
Ptpn9,1411.5,1462.5,1428.1,1248.9
Ptpra,6029.8,5629.2,8244.7,8821.0
Ptprb,4.3,2.3,11.3,16.2
Ptprc,20029.2,19589.4,19911.1,21000.6
Ptprcap,14.0,11.2,43.6,37.1
Ptprd,0.0,0.0,786.8,224.5
Ptpre,5580.2,5591.1,2741.2,2997.1
Ptprf,2.2,6.7,114.1,69.4
Ptprg,0.0,0.0,348.5,111.3
Ptprh,1.1,0.0,0.0,8.6
Ptprj,3149.9,3161.7,14089.6,14252.1
Ptprk,2.2,2.3,161.2,70.4
Ptprm,22.6,19.1,160.3,89.4
Ptprn,2.2,3.4,61.9,29.5
Ptprn2,0.0,2.3,2.6,3.8
Ptpro,990.8,979.1,3275.4,3534.5
Ptprq,0.0,1.1,2.6,5.7
Ptprr,0.0,0.0,4.3,5.7
Ptprs,2372.1,2372.1,2107.8,1962.2
Ptprt,2.2,0.0,3.5,3.8
Ptpru,0.0,0.0,17.4,13.3
Ptprv,11.8,7.9,42.7,23.8
Ptprz1,2.2,0.0,149.0,28.5
Ptrf,223.8,224.3,2485.1,1014.9
Ptrh1,832.7,787.4,164.7,117.0
Ptrh2,590.6,538.4,747.6,643.9
Pts,631.5,632.6,558.5,534.5
Pttg1,366.9,392.6,410.4,415.7
Pttg1ip,9456.3,9278.8,4143.2,4259.3
Ptx3,1587.9,1607.2,601.2,146.5
Ptx4,0.0,2.3,0.0,3.8
Puf60,2469.0,2348.6,2370.0,2639.5
Pum1,1810.6,1785.6,2288.1,2450.2
Pum2,8246.0,8263.8,9091.6,8509.0
Pura,468.0,440.8,522.8,601.1
Purb,4586.1,4785.8,3920.2,3514.5
Purg,75.3,108.8,122.0,138.9
Pus1,594.9,666.2,439.1,419.5
Pus10,710.0,702.1,889.6,859.8
Pus3,399.1,341.0,410.4,344.3
Pus7,237.8,223.2,386.0,282.5
Pus7l,153.8,161.5,223.1,182.6
Pusl1,464.8,508.1,254.4,283.4
Pvalb,0.0,0.0,0.0,1.9
Pvr,784.3,699.9,518.4,432.8
Pvrl1,11.8,11.2,93.2,68.5
Pvrl2,476.6,409.4,291.9,250.1
Pvrl3,2.2,1.1,241.4,91.3
Pvrl4,269.0,260.2,671.8,685.8
Pvt1,109.7,145.8,146.4,90.4
Pwp1,1251.2,1230.4,977.6,907.4
Pwp2,788.6,759.3,656.1,602.1
Pwwp2a,587.4,552.9,723.2,691.5
Pwwp2b,804.7,819.9,827.8,895.0
Pxdn,0.0,0.0,286.7,120.8
Pxk,764.9,684.2,883.5,846.5
Pxmp2,45.2,47.1,14.8,21.9
Pxmp3,1057.5,1056.5,1131.0,949.2
Pxmp4,357.2,383.6,359.9,348.1
Pxn,3025.1,2863.4,4361.9,5105.8
Pxt1,3.2,1.1,1.7,4.8
Pycard,3991.2,4177.9,1760.1,2043.1
Pycr1,22.6,23.6,99.3,71.3
Pycr2,640.1,618.0,543.7,500.3
Pycrl,258.2,224.3,353.8,395.7
Pydc3,11.8,13.5,467.9,572.6
Pydc4,2.2,7.9,669.2,864.6
Pygb,1413.6,1456.9,2649.8,2772.6
Pygl,9540.2,9347.2,2391.8,2551.0
Pygm,6.5,9.0,6.1,16.2
Pygo1,2.2,0.0,9.6,8.6
Pygo2,1151.1,1218.0,1009.0,867.5
Pyhin1,901.5,713.3,2755.2,3152.1
Pyroxd1,438.9,478.9,384.3,393.8
Pyroxd2,24.7,24.7,59.2,55.2
Pyy,2.2,0.0,0.0,0.0
Pzp,0.0,4.5,0.0,3.8
Qars,3054.2,3184.2,2759.5,3047.5
Qdpr,2362.5,2395.7,1401.1,1454.3
Qk,10490.1,10179.4,18483.0,17237.8
Qpct,1761.1,1782.2,204.8,167.4
Qpctl,632.6,629.2,418.2,433.7
Qprt,0.0,2.3,1.7,10.5
Qrfp,17.2,7.9,27.9,46.6
Qrfpr,0.0,0.0,2.6,2.8
Qrich1,4339.8,4020.9,3934.1,3968.2
Qrich2,6.5,5.6,12.2,6.7
Qrsl1,279.7,287.1,142.0,185.5
Qser1,716.5,826.6,1263.4,1121.4
Qsox1,1285.6,1286.5,2336.9,1340.2
Qsox2,213.0,281.5,259.6,173.1
Qtrt1,287.2,344.3,126.3,157.9
Qtrtd1,210.9,214.2,287.5,238.7
R3hcc1,162.5,196.3,280.6,291.0
R3hdm1,795.0,688.7,630.8,608.7
R3hdm2,432.5,390.3,508.9,605.9
R3hdml,0.0,0.0,2.6,1.9
R74862,100.1,102.1,93.2,76.1
Rab1,8128.7,8289.6,6627.4,6253.8
Rab10,5771.7,5280.4,6931.5,6353.7
Rab11a,3052.0,2924.0,3533.3,3242.5
Rab11b,3049.9,3187.5,2795.3,3311.9
Rab11fip1,1104.8,1071.1,327.6,344.3
Rab11fip2,569.1,607.9,750.2,624.9
Rab11fip3,252.8,273.7,390.4,377.6
Rab11fip4,231.3,189.6,9.6,13.3
Rab11fip5,3551.2,3273.9,10172.9,10157.4
Rab12,1295.3,1286.5,1374.1,1191.8
Rab13,295.9,278.2,264.0,243.5
Rab14,6404.2,6796.7,5426.7,5596.6
Rab15,773.5,735.8,24.4,12.4
Rab17,1.1,2.3,0.0,3.8
Rab18,3234.9,3137.1,2867.6,2424.5
Rab19,568.0,531.6,108.9,124.6
Rab1b,4406.5,4321.4,3091.5,3568.7
Rab20,366.9,367.9,326.7,473.7
Rab21,1521.2,1579.2,1808.9,1584.6
Rab22a,1524.4,1618.4,1083.1,1128.1
Rab23,176.4,176.1,321.5,178.8
Rab24,1582.5,1624.0,1173.7,1085.3
Rab25,9.7,4.5,3.5,1.9
Rab26,8.6,4.5,11.3,16.2
Rab27a,75.3,57.2,106.3,102.7
Rab27b,15.1,11.2,180.4,59.9
Rab28,711.1,674.1,787.7,796.1
Rab2a,2682.0,2812.9,3186.5,2740.3
Rab2b,390.5,379.1,415.6,442.3
Rab30,1.1,2.3,44.4,18.1
Rab31,5218.7,5059.4,10372.5,10340.0
Rab32,1925.7,1893.2,2933.8,3089.4
Rab33a,9.7,4.5,1.7,16.2
Rab33b,1017.7,1017.3,951.5,848.4
Rab34,568.0,592.2,557.7,371.9
Rab35,2210.8,2123.1,2162.7,2331.3
Rab36,9.7,4.5,14.8,11.4
Rab37,118.3,88.6,20.0,37.1
Rab38,35.5,53.8,31.4,44.7
Rab39,14.0,11.2,376.4,404.2
Rab39b,4.3,0.0,24.4,15.2
Rab3a,138.8,139.1,215.2,197.8
Rab3b,0.0,0.0,5.2,14.3
Rab3c,0.0,0.0,4.3,11.4
Rab3d,1776.1,1694.7,606.4,706.7
Rab3gap1,1039.2,991.5,1097.0,957.8
Rab3gap2,6992.7,7077.1,4720.9,4471.4
Rab3il1,1399.6,1335.8,5934.7,6614.3
Rab3ip,135.6,146.9,130.7,100.8
Rab40b,8.6,2.3,18.3,4.8
Rab40c,913.4,1001.6,844.3,908.4
Rab42-ps,8.6,7.9,5.2,20.0
Rab43,2733.6,2946.4,2836.2,3194.9
Rab44,150.6,139.1,113.3,143.6
Rab4a,43.0,58.3,183.0,176.0
Rab4b,989.7,889.4,1042.1,1133.8
Rab5a,2415.2,2290.3,2420.6,2089.7
Rab5b,6078.3,5961.2,4508.3,4506.6
Rab5c,6744.2,6242.7,7290.5,8010.6
Rab6a,2320.5,2446.2,2377.9,2012.6
Rab6b,37.7,60.6,115.9,91.3
Rab7,2692.7,2650.3,1388.9,1498.1
Rab7l1,1047.8,929.8,957.6,995.9
Rab8a,4195.6,3872.8,2657.6,2905.8
Rab8b,12628.8,11899.9,17208.2,18312.6
Rab9,1500.7,1430.0,871.3,901.7
Rab9b,0.0,0.0,0.0,1.9
Rabac1,4166.6,4374.1,2790.0,3153.1
Rabep1,4789.4,4760.0,3690.1,3513.6
Rabep2,558.3,606.8,706.7,826.6
Rabepk,247.4,215.4,177.7,176.0
Rabgap1,2601.3,2426.0,2981.7,2780.2
Rabgap1l,472.3,549.6,1022.1,1006.3
Rabgef1,1170.5,1156.4,919.3,896.0
Rabggta,747.7,757.1,772.0,803.7
Rabggtb,957.5,907.4,819.9,865.5
Rabif,1119.9,1054.3,846.1,799.9
Rabl2,122.6,142.4,80.2,107.5
Rabl3,200.1,209.7,161.2,120.8
Rabl5,419.6,412.7,417.4,411.8
Rac1,8797.9,8632.8,10249.6,9498.2
Rac2,8311.6,8180.8,5851.9,6823.6
Rac3,52.7,53.8,168.2,160.7
Racgap1,405.6,362.3,426.1,308.2
Rad1,233.5,252.4,220.4,222.6
Rad17,1247.9,1119.3,718.0,723.8
Rad18,131.3,123.4,115.9,54.2
Rad21,3064.9,3187.5,3641.3,3398.5
Rad21l,0.0,0.0,0.0,0.0
Rad23a,1001.6,975.8,1111.8,1097.6
Rad23b,4256.9,4080.3,4325.3,3673.4
Rad50,790.7,916.3,1011.6,1009.2
Rad51,79.6,67.3,105.4,74.2
Rad51ap1,60.3,61.7,51.4,33.3
Rad51ap2,0.0,0.0,0.0,4.8
Rad51c,16.1,12.3,35.7,26.6
Rad51l1,39.8,19.1,20.9,11.4
Rad51l3,488.4,469.9,619.5,582.1
Rad52,228.1,198.5,318.9,369.0
Rad54b,21.5,31.4,52.3,63.7
Rad54l,103.3,116.7,138.5,121.7
Rad54l2,877.9,828.9,601.2,680.1
Rad9,2352.8,2174.7,1579.7,1420.1
Rad9b,26.9,14.6,48.8,45.7
Radil,5.4,3.4,8.7,13.3
Rae1,502.4,487.9,652.6,591.6
Raet1a,47.3,37.0,21.8,12.4
Raet1b,39.8,30.3,20.0,12.4
Raet1c,42.0,58.3,14.8,14.3
Raet1d,37.7,24.7,27.0,13.3
Raet1e,49.5,63.9,15.7,15.2
Raf1,5569.4,5459.8,3591.7,3792.3
Rag1,0.0,0.0,2.6,5.7
Rag2,1.1,2.3,3.5,1.9
Rai1,402.4,410.5,443.5,419.5
Rai12,1084.4,1203.5,806.9,841.8
Rai14,1032.8,1243.8,183.8,103.7
Rai2,2.2,0.0,6.1,4.8
Rala,1343.7,1276.4,1503.9,1441.0
Ralb,2550.7,2535.9,2555.6,2561.5
Ralbp1,3937.4,3884.0,3781.6,3632.5
Ralgapa1,2845.5,3033.9,1957.0,1732.1
Ralgapa2,1360.9,1524.2,733.7,801.8
Ralgapb,5000.3,4959.6,4196.4,3929.2
Ralgds,4686.2,4428.0,1930.9,2001.2
Ralgps1,52.7,53.8,173.4,199.7
Ralgps2,16.1,12.3,501.9,439.4
Raly,3145.6,3130.3,3539.4,3663.8
Ralyl,0.0,0.0,0.0,0.0
Ramp1,1815.9,1772.1,482.7,497.5
Ramp2,0.0,2.3,2.6,1.9
Ramp3,17.2,21.3,0.9,1.9
Ran,1500.7,1486.1,1644.2,1196.6
Ranbp1,1214.6,1094.7,1096.1,954.0
Ranbp10,2946.6,3072.0,2621.0,2948.6
Ranbp17,0.0,0.0,22.6,8.6
Ranbp2,10057.6,9573.8,10389.0,9075.0
Ranbp3,1804.1,1608.3,1627.7,1774.9
Ranbp3l,1.1,3.4,7.8,5.7
Ranbp6,597.1,585.5,817.3,624.0
Ranbp9,1566.4,1656.6,1801.1,1909.0
Rangap1,1267.3,1311.1,1262.6,1201.3
Rangrf,20.4,23.6,18.3,27.6
Rap1a,1133.9,1219.2,1161.5,988.2
Rap1b,7424.1,7852.1,11247.3,10765.2
Rap1gap,26.9,42.6,51.4,20.9
Rap1gap2,90.4,81.9,267.5,305.3
Rap1gds1,3594.2,3454.5,6146.5,6329.0
Rap2a,6371.9,6648.7,3312.0,3571.6
Rap2b,7250.9,6933.6,7905.7,8522.4
Rap2c,2316.2,2403.5,2691.6,2407.4
Rapgef1,4889.5,4932.7,2742.1,2715.5
Rapgef2,1883.7,1876.4,2024.1,2022.2
Rapgef3,10.8,21.3,153.3,189.3
Rapgef4,2.2,4.5,21.8,13.3
Rapgef5,644.4,674.1,1458.6,1367.8
Rapgef6,2593.8,2578.5,2144.4,2014.5
Rapgefl1,12.9,9.0,19.2,19.0
Raph1,1908.5,1933.6,2834.5,2693.7
Rapsn,44.1,37.0,246.6,239.7
Rara,292.6,394.8,467.9,511.7
Rarb,45.2,56.1,74.1,73.2
Rarg,508.9,418.4,772.0,632.5
Rarres1,43.0,31.4,40.9,7.6
Rarres2,67.8,77.4,109.8,87.5
Rars,2091.4,2110.8,1402.9,1349.7
Rars2,495.9,492.4,470.5,377.6
Rasa1,1157.6,1268.5,2820.5,2741.2
Rasa2,255.0,311.8,391.2,281.5
Rasa3,9635.9,9325.9,6828.7,7657.8
Rasa4,2697.0,2643.6,3745.9,4425.7
Rasal1,10.8,11.2,8.7,13.3
Rasal2,460.4,446.4,287.5,199.7
Rasal3,2250.6,2188.2,875.7,1033.0
Rasd1,12.9,2.3,7.8,6.7
Rasd2,19.4,13.5,4.3,1.9
Rasef,1.1,0.0,0.0,3.8
Rasgef1a,430.3,448.6,72.3,110.3
Rasgef1b,1701.9,1585.9,3031.4,3449.8
Rasgef1c,0.0,0.0,1.7,0.9
Rasgrf1,6.5,13.5,7.8,6.7
Rasgrf2,18.3,29.2,14.8,20.9
Rasgrp1,855.3,699.9,59.2,59.0
Rasgrp2,93.6,111.0,193.4,154.1
Rasgrp3,369.0,347.7,949.8,748.6
Rasgrp4,727.2,667.3,814.7,776.1
Rasip1,2.2,4.5,6.1,7.6
Rasl10a,7.5,6.7,5.2,20.9
Rasl10b,5.4,4.5,2.6,5.7
Rasl11a,5.4,5.6,37.5,9.5
Rasl11b,20.4,14.6,29.6,24.7
Rasl12,5.4,2.3,8.7,3.8
Rasl2-9-ps,10.8,9.0,20.0,25.7
Rassf1,1181.2,1105.9,949.8,836.1
Rassf10,0.0,0.0,0.0,0.0
Rassf2,561.6,531.6,6257.1,6524.0
Rassf3,5025.0,5011.2,3272.8,3227.3
Rassf4,16186.4,15757.0,31735.3,34269.2
Rassf5,863.9,831.1,1042.1,1119.5
Rassf6,0.0,0.0,3.5,2.8
Rassf7,157.1,134.6,54.9,63.7
Rassf8,745.5,745.9,301.5,318.6
Rassf9,0.0,0.0,0.0,2.8
Raver1,1443.7,1391.9,1409.8,1503.8
Raver1-fdx1l,1555.6,1489.5,1323.6,1420.1
Raver2,69.9,95.3,100.2,103.7
Rax,0.0,0.0,0.9,3.8
Rb1,2295.8,2214.0,2928.6,2680.4
Rb1cc1,2917.6,2687.3,3319.8,2613.8
Rbak,357.2,388.1,363.3,384.3
Rbbp4,3854.6,4078.1,4409.9,3952.1
Rbbp5,1371.6,1294.3,1551.9,1471.4
Rbbp6,1549.2,1480.5,1585.8,1567.5
Rbbp7,1136.0,1187.8,1736.6,1469.5
Rbbp8,1309.2,1391.9,1109.2,1095.7
Rbbp9,486.3,461.0,572.5,448.0
Rbck1,1989.2,2005.4,1626.8,1736.8
Rbfa,758.4,779.5,1787.1,1893.7
Rbfox1,0.0,0.0,6.1,8.6
Rbfox2,204.4,214.2,1111.8,448.0
Rbfox3,2.2,0.0,12.2,10.5
Rbks,213.0,216.5,191.7,205.4
Rbl1,796.1,889.4,617.8,507.9
Rbl2,2399.0,2350.8,3259.7,3161.6
Rbm10,295.9,315.2,321.5,386.2
Rbm11,7.5,6.7,3.5,4.8
Rbm12,408.8,373.5,414.7,469.9
Rbm12b,890.8,886.1,900.1,850.3
Rbm14,752.0,804.2,768.5,933.1
Rbm15,1182.3,1206.8,1075.2,1224.1
Rbm15b,563.7,606.8,492.3,468.0
Rbm17,545.4,605.7,582.0,606.8
Rbm18,793.9,901.8,948.9,834.2
Rbm19,927.3,941.0,607.3,657.2
Rbm20,12.9,2.3,13.1,25.7
Rbm22,606.8,578.7,847.8,831.3
Rbm24,2.2,0.0,0.0,2.8
Rbm25,1921.4,2053.6,2282.0,2180.0
Rbm26,679.9,773.9,1029.9,927.4
Rbm27,1888.0,1736.2,2092.1,1991.7
Rbm28,1447.0,1445.7,1342.7,1199.4
Rbm3,4033.2,4061.2,3325.9,2392.2
Rbm31y,0.0,0.0,0.0,0.0
Rbm33,1464.2,1344.8,1618.9,1910.9
Rbm34,577.7,509.2,564.6,492.7
Rbm38,69.9,75.2,169.9,184.5
Rbm39,2628.2,2742.3,2745.6,2737.4
Rbm4,892.9,884.9,832.1,996.8
Rbm41,738.0,711.1,663.1,587.8
Rbm42,1700.8,1675.6,1545.8,1637.9
Rbm43,889.7,790.7,676.2,780.9
Rbm44,0.0,0.0,0.0,2.8
Rbm45,885.4,892.8,752.8,749.5
Rbm46,0.0,0.0,1.7,4.8
Rbm47,1991.3,2193.8,3173.4,3463.2
Rbm4b,388.4,362.3,379.9,432.8
Rbm5,2422.7,2382.2,2645.4,2877.2
Rbm6,1709.4,1664.4,1676.5,1514.2
Rbm7,2853.0,2798.3,2099.1,2213.3
Rbm8a,205.5,235.5,291.9,215.9
Rbms1,3954.6,3983.8,3067.1,3062.7
Rbms2,1455.6,1486.1,1380.2,1490.5
Rbms3,294.8,284.9,298.0,99.9
Rbmx,1131.7,1211.3,666.6,643.9
Rbmx2,88.2,85.2,108.0,107.5
Rbmxl1,1057.5,1140.7,1303.5,1236.5
Rbmxl2,0.0,0.0,0.9,0.0
Rbmy1a1,0.0,0.0,7.8,4.8
Rbp1,16.1,21.3,17.4,19.0
Rbp2,0.0,1.1,0.0,1.9
Rbp3,2.2,4.5,1.7,4.8
Rbp4,2157.0,2410.3,12.2,8.6
Rbp7,0.0,0.0,0.0,0.9
Rbpj,5154.1,5112.1,5529.5,5061.1
Rbpjl,0.0,0.0,5.2,4.8
Rbpms,490.6,554.1,141.1,112.2
Rbpms2,48.4,38.1,55.8,30.4
Rbx1,503.5,530.5,532.4,459.4
Rc3h1,5871.7,6230.4,4943.1,4946.0
Rc3h2,4962.7,5251.2,5242.9,4443.8
Rcan1,362.5,380.2,345.0,331.9
Rcan2,0.0,0.0,50.5,36.1
Rcan3,2180.6,2193.8,1482.1,1537.1
Rcbtb1,2265.6,2228.6,1180.7,1055.8
Rcbtb2,6214.9,5797.4,11821.5,13851.7
Rcc1,111.9,151.4,128.1,122.7
Rcc2,1352.3,1336.9,2596.6,2523.4
Rccd1,76.4,83.0,62.7,55.2
Rce1,545.4,530.5,442.6,435.6
Rchy1,1328.6,1334.7,1073.5,1107.1
Rcl1,435.7,409.4,332.8,299.6
Rcn1,74.2,92.0,1357.5,553.6
Rcn2,1137.1,1159.7,1387.2,925.5
Rcn3,29.1,16.8,957.6,390.9
Rcor1,327.0,412.7,379.0,392.8
Rcor2,21.5,21.3,38.3,32.3
Rcor3,537.9,494.6,406.0,402.3
Rcsd1,362.5,348.8,2119.1,2243.8
Rcvrn,4.3,3.4,2.6,3.8
Rd3,0.0,2.3,8.7,10.5
Rdbp,834.8,830.0,614.3,578.3
Rdh1,2.2,4.5,8.7,11.4
Rdh10,150.6,175.0,280.6,303.4
Rdh11,1322.2,1251.7,582.9,503.2
Rdh12,37.7,24.7,47.0,60.9
Rdh13,1401.8,1413.2,514.1,408.0
Rdh14,427.1,467.7,427.8,414.7
Rdh16,2.2,0.0,1.7,0.0
Rdh18-ps,0.0,0.0,1.7,4.8
Rdh19,0.0,1.1,0.0,1.9
Rdh5,58.1,70.7,48.8,62.8
Rdh7,2.2,0.0,0.0,0.0
Rdh8,0.0,0.0,0.0,2.8
Rdh9,1.1,4.5,20.0,13.3
Rdm1,104.4,80.8,186.5,170.3
Rdx,4481.8,4479.6,4838.6,4520.8
Rec8,0.0,3.4,3.5,10.5
Reck,9.7,2.3,79.3,28.5
Recql,578.8,581.0,487.1,450.8
Recql4,105.4,68.4,60.1,63.7
Recql5,684.2,717.8,671.8,682.0
Reep1,14.0,30.3,27.9,32.3
Reep2,6.5,9.0,25.3,22.8
Reep3,6752.8,6740.7,5328.3,5158.1
Reep4,890.8,818.8,570.7,662.0
Reep5,5594.1,5982.5,5588.8,5755.4
Reep6,2.2,2.3,5.2,4.8
Reg1,0.0,0.0,0.0,0.0
Reg2,0.0,0.0,0.0,0.0
Reg3a,0.0,0.0,0.0,0.0
Reg3b,0.0,0.0,0.0,0.0
Reg3d,0.0,0.0,0.0,0.0
Reg3g,0.0,0.0,0.9,0.0
Reg4,0.0,0.0,0.0,1.9
Rel,1067.2,998.2,957.6,1097.6
Rela,1130.7,1087.9,1219.9,1483.8
Relb,569.1,563.0,1000.3,1157.6
Rell1,3088.6,2926.2,1704.3,1831.0
Rell2,64.6,58.3,69.7,83.7
Reln,5.4,2.3,7.8,24.7
Relt,703.6,812.0,214.3,165.5
Rem1,20.4,46.0,48.8,17.1
Rem2,1.1,0.0,0.0,0.0
Ren1,1.1,1.1,0.0,3.8
Ren2,1.1,1.1,0.0,3.8
Renbp,5340.3,5454.2,3137.7,4002.5
Rep15,2.2,16.8,8.7,12.4
Repin1,511.0,573.1,557.7,635.4
Reps1,633.6,810.9,927.1,819.9
Reps2,1273.7,1428.9,2464.2,2261.8
Rer1,2921.9,2888.1,2377.9,2237.1
Rere,543.3,552.9,1118.8,1260.3
Rerg,0.0,1.1,0.9,2.8
Rergl,0.0,0.0,0.0,2.8
Resp18,0.0,0.0,0.9,0.0
Rest,1632.0,1655.5,1656.4,1597.9
Ret,0.0,1.1,166.4,70.4
Retn,2.2,4.5,0.0,1.9
Retnla,106.5,79.6,0.0,0.0
Retnlb,0.0,0.0,0.9,3.8
Retnlg,0.0,0.0,145.5,146.5
Retsat,596.0,619.1,505.4,514.6
Rev1,919.8,964.6,806.0,740.0
Rev3l,2250.6,2192.7,2225.4,1928.9
Rex2,6.5,4.5,5.2,9.5
Rexo1,870.3,837.8,901.8,1011.1
Rexo2,2005.3,1995.3,1295.7,1128.1
Rexo4,803.6,776.1,796.4,830.4
Rfc1,1936.4,1925.8,1903.9,1764.4
Rfc2,1694.4,1556.8,930.6,962.6
Rfc3,219.5,275.9,300.6,295.8
Rfc4,50.6,48.2,46.2,53.3
Rfc5,182.9,201.9,194.3,186.4
Rfesd,316.3,305.1,271.8,254.0
Rffl,1772.9,1638.6,1053.4,1043.4
Rfk,1678.2,1544.4,1413.3,1240.3
Rfng,222.7,275.9,217.0,252.1
Rfpl3s,0.0,0.0,2.6,2.8
Rfpl4,0.0,2.3,0.0,0.0
Rfpl4b,0.0,0.0,0.0,0.0
Rft1,580.9,657.3,656.1,565.9
Rftn1,3938.5,3758.4,4998.9,5078.2
Rftn2,61.3,35.9,159.4,102.7
Rfwd2,823.0,790.7,978.5,920.7
Rfwd3,1340.4,1286.5,1630.3,1394.4
Rfx1,274.3,268.1,204.8,331.9
Rfx2,6.5,9.0,14.8,10.5
Rfx3,213.0,189.6,340.7,310.1
Rfx4,0.0,0.0,0.9,5.7
Rfx5,435.7,431.8,595.1,659.1
Rfx6,0.0,0.0,2.6,1.9
Rfx7,1104.8,1091.3,813.8,742.8
Rfx8,0.0,0.0,0.9,2.8
Rfxank,713.3,723.4,488.8,557.4
Rfxap,393.7,376.9,367.7,371.9
Rg9mtd1,487.3,485.7,360.7,348.1
Rg9mtd2,125.9,120.0,223.9,147.4
Rg9mtd3,221.6,243.4,256.2,185.5
Rgag1,0.0,2.3,3.5,2.8
Rgag4,1075.8,1077.8,1050.8,1185.1
Rgl1,10754.7,10465.4,1708.7,1558.9
Rgl2,2720.7,2870.1,2393.6,2765.0
Rgl3,30.1,50.5,63.6,76.1
Rgma,0.0,1.1,2.6,9.5
Rgmb,307.7,365.6,521.1,580.2
Rgn,0.0,0.0,0.0,0.0
Rgnef,11.8,6.7,27.0,16.2
Rgp1,1315.7,1372.8,1392.4,1402.0
Rgr,0.0,0.0,0.0,0.0
Rgs1,1974.1,1934.7,499.3,404.2
Rgs10,1162.9,1218.0,5799.7,6087.4
Rgs11,123.7,132.4,20.9,28.5
Rgs12,459.4,446.4,270.1,200.7
Rgs13,0.0,0.0,0.0,0.0
Rgs14,752.0,849.0,613.4,700.0
Rgs16,72.1,53.8,362.5,173.1
Rgs17,2.2,2.3,122.0,51.4
Rgs18,235.6,203.0,913.2,713.4
Rgs19,2184.9,2119.8,2013.7,2056.4
Rgs2,3424.3,3521.8,4493.5,4899.4
Rgs20,2.2,0.0,1.7,1.9
Rgs22,0.0,0.0,3.5,1.9
Rgs3,227.0,218.7,621.3,374.8
Rgs4,0.0,0.0,46.2,6.7
Rgs5,0.0,0.0,0.0,4.8
Rgs6,0.0,1.1,2.6,2.8
Rgs7,0.0,0.0,0.0,0.9
Rgs7bp,9.7,18.0,20.0,11.4
Rgs8,0.0,4.5,7.8,8.6
Rgs9,26.9,33.7,9.6,15.2
Rgs9bp,2.2,1.1,7.0,14.3
Rgsl1,3.2,0.0,11.3,12.4
Rhag,0.0,0.0,0.0,2.8
Rhbdd1,2793.8,2571.8,1277.4,1288.8
Rhbdd2,387.3,395.9,266.6,294.9
Rhbdd3,415.3,354.4,369.4,432.8
Rhbdf1,14.0,11.2,297.1,209.3
Rhbdf2,2572.2,2560.6,1736.6,2104.0
Rhbdl1,34.4,34.8,41.8,50.4
Rhbdl2,0.0,0.0,0.9,0.0
Rhbdl3,4.3,2.3,13.9,7.6
Rhbg,0.0,0.0,0.0,3.8
Rhcg,0.0,3.4,0.9,2.8
Rhd,14.0,9.0,7.0,2.8
Rheb,1863.3,1832.7,1155.4,1146.1
Rhebl1,108.7,97.6,75.8,52.3
Rho,2.2,0.0,1.7,3.8
Rhoa,10832.2,10930.9,8263.8,8293.1
Rhob,5556.5,5520.4,3977.7,3574.4
Rhobtb1,75.3,103.2,865.2,911.2
Rhobtb2,323.8,286.0,393.0,421.4
Rhobtb3,0.0,4.5,566.4,160.7
Rhoc,2062.3,1998.7,901.0,630.6
Rhod,33.4,30.3,119.4,98.9
Rhof,207.6,188.4,47.9,42.8
Rhog,3112.3,2959.8,5609.7,7264.0
Rhoh,349.6,330.9,279.7,282.5
Rhoj,531.4,521.5,234.4,201.6
Rhoq,3522.2,3427.5,2399.7,2018.3
Rhot1,1578.2,1639.8,1842.0,1610.3
Rhot2,802.5,764.9,759.8,935.9
Rhou,14.0,41.5,152.5,74.2
Rhov,504.6,485.7,47.9,37.1
Rhox1,0.0,0.0,0.9,1.9
Rhox10,0.0,0.0,0.0,0.0
Rhox11,0.0,0.0,0.0,0.9
Rhox12,0.0,0.0,0.0,1.9
Rhox13,0.0,0.0,1.7,0.0
Rhox2a,0.0,2.3,1.7,4.8
Rhox2b,0.0,0.0,1.7,1.9
Rhox2c,0.0,0.0,1.7,0.0
Rhox2d,0.0,0.0,0.0,1.9
Rhox2e,0.0,4.5,3.5,8.6
Rhox2f,0.0,0.0,0.0,0.9
Rhox2g,0.0,0.0,0.0,0.9
Rhox2h,0.0,0.0,0.0,0.0
Rhox3-ps,0.0,0.0,1.7,1.9
Rhox3a,0.0,0.0,0.0,5.7
Rhox3c,0.0,0.0,0.0,2.8
Rhox3e,0.0,0.0,0.0,7.6
Rhox3f,0.0,0.0,0.0,1.9
Rhox3g-ps,0.0,0.0,0.0,4.8
Rhox3h,0.0,0.0,0.0,0.0
Rhox4a,0.0,0.0,0.9,1.9
Rhox4b,0.0,0.0,0.0,2.8
Rhox4c,0.0,0.0,1.7,1.9
Rhox4d,0.0,0.0,0.0,2.8
Rhox4e,0.0,0.0,0.0,2.8
Rhox4f,0.0,0.0,0.0,1.9
Rhox4g,0.0,0.0,0.0,2.8
Rhox6,0.0,0.0,0.0,0.0
Rhox7,0.0,0.0,0.0,0.9
Rhox8,2.2,0.0,1.7,0.0
Rhox9,0.0,0.0,0.0,2.8
Rhpn1,1.1,1.1,3.5,3.8
Rhpn2,26.9,18.0,10.4,9.5
Rian,0.0,0.0,13.9,8.6
Ribc1,19.4,12.3,26.1,16.2
Ribc2,1.1,0.0,1.7,0.9
Ric3,8.6,6.7,40.1,17.1
Ric8,2565.8,2612.2,2287.3,2237.1
Ric8b,596.0,572.0,666.6,588.8
Rictor,2838.0,2836.5,2804.0,2515.8
Rif1,1311.4,1382.9,1560.6,1274.5
Riiad1,3.2,4.5,3.5,5.7
Rilp,115.1,121.1,149.0,203.5
Rilpl1,227.0,158.2,183.8,215.9
Rilpl2,8210.5,8373.7,1497.8,1879.5
Rimbp2,0.0,0.0,0.9,1.9
Rimbp3,5.4,6.7,0.0,7.6
Rimkla,2.2,2.3,1.7,3.8
Rimklb,0.0,0.0,3.5,3.8
Rims1,2.2,1.1,0.0,1.9
Rims2,8.6,7.9,5.2,14.3
Rims3,5.4,6.7,24.4,32.3
Rims4,1.1,0.0,0.0,0.0
Rin1,23.7,16.8,201.3,92.3
Rin2,5551.1,5280.4,4966.7,4885.1
Rin3,1113.5,1082.3,639.6,847.5
Ring1,377.6,378.0,381.6,411.8
Rinl,909.1,845.7,537.6,582.1
Rint1,340.0,408.3,406.0,321.5
Riok1,675.6,671.8,774.6,712.4
Riok2,497.0,448.6,742.4,660.1
Riok3,5934.1,5995.9,3729.3,3580.1
Ripk1,2354.9,2236.4,2533.0,2631.8
Ripk2,642.3,706.6,978.5,530.7
Ripk3,923.0,798.6,365.1,331.0
Ripk4,0.0,0.0,3.5,1.9
Ripply1,0.0,0.0,0.0,0.0
Ripply2,0.0,0.0,0.0,1.9
Ripply3,0.0,2.3,0.9,2.8
Rit1,1896.6,1874.2,1969.2,2119.2
Rit2,0.0,0.0,0.0,1.9
Rlbp1,0.0,0.0,0.9,1.9
Rlf,1981.6,1951.5,1504.8,1368.7
Rlim,8329.9,8082.1,7281.8,6330.9
Rln1,0.0,0.0,0.0,0.9
Rln3,1.1,0.0,2.6,0.9
Rltpr,10.8,13.5,13.1,14.3
Rmi1,953.2,933.2,1027.3,993.0
Rmnd1,322.7,240.0,424.3,409.9
Rmnd5a,5184.3,5306.2,4455.2,4729.1
Rmnd5b,2248.4,2178.1,1443.8,1596.0
Rmrp,251159.6,241021.7,144197.2,172910.7
Rmst,0.0,0.0,2.6,4.8
Rn4.5s,0.0,1.1,15.7,3.8
Rn45s,180430.3,205879.4,212372.2,257458.0
Rnase1,0.0,2.3,1.7,0.0
Rnase10,2.2,0.0,3.5,3.8
Rnase11,0.0,0.0,0.0,0.0
Rnase12,2.2,0.0,1.7,3.8
Rnase13,1.1,0.0,1.7,0.0
Rnase4,4193.5,4228.3,2103.4,2016.4
Rnase6,176.4,176.1,162.9,156.9
Rnase9,0.0,0.0,0.0,0.0
Rnaseh1,478.7,517.1,359.9,384.3
Rnaseh2a,606.8,501.4,370.3,317.7
Rnaseh2b,773.5,657.3,401.7,346.2
Rnaseh2c,704.7,641.6,481.8,553.6
Rnasek,2982.1,2983.4,1522.2,1694.0
Rnasel,2962.7,2881.3,3936.7,4059.5
Rnaset2a,3800.8,3894.1,3467.9,3459.4
Rnaset2b,6997.0,7182.6,6355.6,6446.9
Rnd1,12.9,20.2,60.1,39.9
Rnd2,106.5,123.4,44.4,32.3
Rnd3,648.7,685.3,1341.0,985.4
Rnf10,3316.7,3214.4,2825.8,2776.4
Rnf103,1259.8,1288.7,1317.5,1303.1
Rnf11,1792.3,1934.7,1858.6,1503.8
Rnf111,2324.8,2253.3,2707.3,2952.4
Rnf112,0.0,0.0,0.9,2.8
Rnf113a1,87.1,112.2,38.3,42.8
Rnf113a2,391.6,401.5,364.2,321.5
Rnf114,2590.5,2438.3,2914.6,3356.6
Rnf115,2788.5,2586.4,2549.5,2252.3
Rnf121,459.4,523.8,487.1,472.7
Rnf122,43.0,32.5,51.4,39.0
Rnf123,1362.0,1363.8,923.6,1065.3
Rnf125,2.2,6.7,15.7,16.2
Rnf126,386.2,361.2,419.1,429.9
Rnf128,9300.3,9193.5,1358.4,1139.5
Rnf13,8013.6,7968.8,8519.1,7821.4
Rnf130,4250.5,4201.4,5563.5,5479.6
Rnf133,0.0,0.0,1.7,1.9
Rnf135,263.6,274.8,523.7,533.6
Rnf138,351.8,317.4,709.3,568.8
Rnf139,1719.1,1580.3,1807.2,1757.7
Rnf14,2119.3,2209.5,2090.3,1882.3
Rnf141,351.8,326.4,370.3,312.0
Rnf144a,2.2,4.5,62.7,62.8
Rnf144b,1423.3,1373.9,6684.1,7283.0
Rnf145,1751.4,1871.9,2360.5,2567.2
Rnf146,2557.2,2345.2,2304.7,2294.2
Rnf148,0.0,2.3,0.0,0.9
Rnf149,8788.2,8890.7,3785.1,3658.1
Rnf150,200.1,166.0,4796.7,4597.9
Rnf151,6.5,0.0,7.0,2.8
Rnf152,18.3,21.3,15.7,20.9
Rnf157,515.3,434.1,316.3,304.4
Rnf165,0.0,4.5,2.6,9.5
Rnf166,2473.3,2184.8,1449.0,1674.0
Rnf167,1114.5,1229.3,1502.2,1605.5
Rnf168,786.4,752.6,833.9,824.6
Rnf169,674.5,662.9,1348.0,1490.5
Rnf17,54.9,70.7,53.1,58.0
Rnf170,736.9,618.0,634.3,558.3
Rnf180,319.5,302.8,615.2,726.7
Rnf181,1121.0,1186.6,690.1,645.8
Rnf182,0.0,0.0,0.0,2.8
Rnf183,4.3,2.3,6.1,3.8
Rnf185,1570.7,1526.5,996.8,938.8
Rnf186,19.4,32.5,3.5,4.8
Rnf187,2984.3,2814.0,2725.6,2901.0
Rnf19a,1488.9,1518.6,1364.5,1222.2
Rnf19b,2018.2,2105.2,2675.0,3240.6
Rnf2,1249.0,1212.4,2104.3,1909.9
Rnf20,2643.2,2833.1,2695.1,2542.4
Rnf207,6.5,5.6,7.8,12.4
Rnf208,11.8,4.5,5.2,9.5
Rnf214,1107.0,1044.2,1150.2,1166.1
Rnf215,375.5,439.7,412.1,399.5
Rnf216,2301.1,2430.5,2195.8,2262.8
Rnf217,630.4,618.0,330.2,277.7
Rnf219,270.0,321.9,391.2,345.3
Rnf220,1160.8,1174.3,1176.3,1290.7
Rnf222,0.0,0.0,1.7,4.8
Rnf24,619.7,554.1,549.8,517.4
Rnf25,547.6,536.1,602.1,635.4
Rnf26,922.0,858.0,766.8,786.6
Rnf31,486.3,461.0,790.3,777.1
Rnf32,2.2,0.0,1.7,2.8
Rnf34,1088.7,954.5,989.8,942.6
Rnf38,1635.2,1571.3,1677.3,2047.8
Rnf39,5.4,4.5,9.6,8.6
Rnf4,3304.9,3387.2,3019.2,2989.5
Rnf40,2309.7,2290.3,2064.2,2207.6
Rnf41,2420.5,2226.3,1774.9,1948.0
Rnf43,4.3,12.3,9.6,4.8
Rnf44,1277.0,1328.0,1444.7,1870.0
Rnf5,725.1,756.0,697.9,793.3
Rnf6,3230.6,3144.9,2452.8,2474.9
Rnf7,1284.5,1206.8,1268.7,1128.1
Rnf8,576.6,633.7,619.5,654.4
Rnft1,2375.4,2381.1,1526.6,1311.6
Rnft2,19.4,5.6,8.7,17.1
Rngtt,705.7,769.4,780.7,780.9
Rnh1,25041.3,26086.7,3068.0,3501.2
Rnls,105.4,106.6,83.6,108.4
Rnmt,1437.3,1455.8,1185.0,1085.3
Rnmtl1,154.9,103.2,168.2,167.4
Rnpc3,829.4,809.8,891.4,893.1
Rnpep,1883.7,2040.2,3089.8,3114.1
Rnpepl1,796.1,876.0,724.9,873.2
Rnps1,586.3,593.3,593.4,613.5
Rnu11,128.0,123.4,136.8,133.2
Rnu12,225.9,261.3,208.2,236.8
Rnu73b,5.4,4.5,3.5,4.8
Robo1,0.0,2.3,88.9,23.8
Robo2,2.2,2.3,33.1,6.7
Robo3,1.1,2.3,7.0,6.7
Robo4,2.2,2.3,2.6,1.9
Rock1,4817.4,4812.7,4891.7,4228.8
Rock2,3335.0,3307.5,5005.0,4213.6
Rod1,15202.1,15506.9,15813.2,15380.2
Rogdi,203.3,200.8,461.8,526.0
Rom1,90.4,105.4,103.7,113.2
Romo1,700.3,780.6,426.1,589.7
Ropn1,1.1,0.0,0.0,0.9
Ropn1l,76.4,56.1,34.0,65.6
Ror1,3.2,0.0,0.9,2.8
Ror2,0.0,0.0,58.4,29.5
Rora,920.9,972.4,217.8,216.9
Rorb,0.0,0.0,2.6,2.8
Rorc,0.0,0.0,1.7,0.0
Ros1,1.1,0.0,2.6,3.8
Rp1,0.0,2.3,1.7,2.8
Rp1l1,0.0,0.0,1.7,10.5
Rp2h,2179.6,2077.2,4100.5,3904.5
Rp9,579.9,481.2,519.3,572.6
Rpa1,787.5,900.6,1036.9,962.6
Rpa2,279.7,339.8,311.9,286.3
Rpa3,123.7,99.8,63.6,77.0
Rpain,561.6,504.7,385.1,429.0
Rpap1,413.1,370.1,359.9,494.6
Rpap2,477.7,487.9,548.1,510.8
Rpap3,384.1,300.6,361.6,323.4
Rpe,1599.7,1666.7,1061.3,1017.7
Rpe65,0.0,0.0,0.0,0.0
Rpf1,700.3,674.1,715.4,708.6
Rpf2,259.3,219.8,201.3,193.1
Rpgr,136.6,117.8,112.4,107.5
Rpgrip1,551.9,546.2,540.2,464.2
Rpgrip1l,184.0,158.2,304.1,153.1
Rph3a,0.0,2.3,3.5,1.9
Rph3al,0.0,2.3,0.0,2.8
Rpia,513.2,542.9,252.7,267.3
Rpl10,4561.4,4552.5,4021.2,5180.9
Rpl10a,2140.8,2146.7,1774.9,2160.1
Rpl10l,0.0,0.0,0.9,0.0
Rpl11,477.7,484.5,536.7,672.5
Rpl12,191.5,145.8,162.1,151.2
Rpl13,3570.6,3792.1,2841.4,2655.6
Rpl13a,3586.7,3823.5,3198.7,3488.8
Rpl14,1765.4,1850.6,1461.2,1432.4
Rpl15,4601.2,4541.3,4850.8,4971.7
Rpl17,932.7,842.3,805.1,770.4
Rpl18,443.2,328.6,344.2,390.0
Rpl18a,1911.7,2004.3,1929.1,2396.9
Rpl19,2859.5,2827.5,2101.7,2118.2
Rpl21,45.2,55.0,45.3,49.5
Rpl22,3546.9,3451.1,3779.0,3904.5
Rpl22l1,628.3,610.1,289.3,224.5
Rpl23,1196.3,1310.0,957.6,814.2
Rpl23a,2571.2,2334.0,1858.6,2056.4
Rpl24,194.7,185.1,183.0,164.5
Rpl26,2160.2,2089.5,1879.5,2389.3
Rpl27,400.2,382.5,289.3,390.9
Rpl27a,2552.9,2641.3,2407.5,2414.0
Rpl28,556.2,500.2,376.4,450.8
Rpl29,1587.9,1440.1,1248.6,1210.8
Rpl3,1117.8,1266.3,981.1,1302.1
Rpl30,988.7,908.5,774.6,643.9
Rpl31,638.0,628.1,488.8,529.8
Rpl32,4643.1,4389.8,3894.9,4327.8
Rpl34,89.3,84.1,83.6,85.6
Rpl34-ps1,19.4,25.8,21.8,21.9
Rpl35,2541.0,2343.0,1973.6,2647.1
Rpl35a,1226.4,1216.9,1212.9,1208.9
Rpl36,235.6,249.0,254.4,322.4
Rpl36a,150.6,126.7,108.0,120.8
Rpl36al,3596.4,3773.0,2376.1,2425.4
Rpl37,269.0,307.3,228.3,308.2
Rpl37a,423.9,407.1,319.8,434.7
Rpl38,154.9,121.1,126.3,160.7
Rpl39,2247.3,2174.7,2270.7,2299.9
Rpl39l,0.0,1.1,167.3,70.4
Rpl3l,24.7,24.7,36.6,36.1
Rpl4,16510.2,15325.2,14893.0,14406.2
Rpl41,15816.4,14730.8,10704.5,13896.4
Rpl5,3743.8,3522.9,3113.3,3178.8
Rpl6,4494.7,4290.0,4172.0,4794.8
Rpl7,2487.2,2455.1,2640.2,2376.0
Rpl7a,824.1,764.9,737.1,861.7
Rpl7l1,2302.2,2193.8,2076.4,1921.3
Rpl8,18714.6,19190.1,13540.7,13929.7
Rpl9,234.5,283.8,212.6,226.4
Rplp0,14483.4,13589.0,10742.8,12102.5
Rplp1,11269.0,11101.3,8657.7,10762.3
Rplp2,117.3,131.2,142.9,156.9
Rplp2-ps1,7441.3,7384.5,9164.8,10351.4
Rpn1,14786.8,14745.3,7142.4,7386.7
Rpn2,11511.0,11068.8,7335.0,6653.3
Rpp14,392.7,454.2,355.5,322.4
Rpp21,275.4,301.7,272.7,339.6
Rpp25,4.3,3.4,0.0,3.8
Rpp30,272.2,243.4,271.8,195.0
Rpp38,119.4,114.4,148.1,124.6
Rpp40,71.0,77.4,93.2,66.6
Rpph1,151062.2,156239.7,199748.1,226243.9
Rprd1a,553.0,595.6,575.1,509.8
Rprd1b,685.3,671.8,723.2,689.6
Rprd2,2087.1,2138.9,2038.9,2006.9
Rprl1,0.0,0.0,0.0,2.8
Rprl2,0.0,0.0,0.0,0.0
Rprl3,0.0,0.0,0.0,0.0
Rprm,0.0,0.0,7.8,4.8
Rprml,0.0,0.0,0.0,6.7
Rps10,600.3,590.0,486.2,612.5
Rps11,2508.8,2313.8,3126.4,3244.4
Rps12,255.0,255.7,228.3,230.2
Rps13,531.4,583.2,484.5,457.5
Rps14,3210.2,3267.2,2869.3,3186.4
Rps15,3933.1,3692.2,3507.2,4307.8
Rps15a,1352.3,1349.3,989.0,1417.2
Rps15a-ps4,741.2,781.7,569.8,676.3
Rps15a-ps6,4335.5,4525.6,3374.7,3208.2
Rps16,2091.4,2196.1,1604.1,1660.7
Rps17,657.3,714.5,600.3,747.6
Rps18,60.3,59.5,31.4,40.9
Rps19,1197.4,1245.0,1003.8,875.1
Rps19-ps3,160.3,162.6,133.3,154.1
Rps19bp1,465.8,415.0,298.0,268.2
Rps2,4078.3,4404.4,3259.7,2635.6
Rps20,4577.5,4188.0,4111.0,4417.2
Rps21,1774.0,1624.0,1596.3,2098.2
Rps23,2200.0,1781.1,1957.9,2181.0
Rps24,1920.3,1941.5,1959.6,1740.6
Rps25,1110.2,1294.3,882.7,987.3
Rps26,1312.5,1367.2,1132.7,1268.8
Rps27,125.9,99.8,137.7,156.9
Rps27a,1863.3,1967.3,1696.5,2066.9
Rps27l,1487.8,1314.5,1592.8,1205.1
Rps28,192.6,176.1,155.1,173.1
Rps29,25.8,37.0,34.0,50.4
Rps3,21146.9,21334.6,15427.2,15377.3
Rps3a,3314.5,3381.6,2512.9,2481.6
Rps4x,4065.4,4250.8,4110.1,4001.5
Rps4y2,21.5,19.1,74.9,29.5
Rps5,15653.9,15945.4,15472.5,18543.7
Rps6,7556.4,7560.5,6665.8,6195.8
Rps6ka1,2703.5,2814.0,3843.5,4367.7
Rps6ka2,7537.0,7833.1,382.5,316.7
Rps6ka3,2735.8,2720.9,1315.7,1226.0
Rps6ka4,1375.9,1305.5,1411.6,1481.9
Rps6ka5,287.2,292.7,821.7,818.9
Rps6ka6,0.0,0.0,1.7,1.9
Rps6kb1,3244.6,3304.2,1400.2,1266.0
Rps6kb2,292.6,272.6,232.6,309.1
Rps6kc1,557.3,564.2,670.9,744.8
Rps6kl1,23.7,26.9,15.7,18.1
Rps7,784.3,743.6,595.1,659.1
Rps8,3083.2,2889.2,2192.3,2024.1
Rps9,12308.2,12757.9,11911.3,12135.8
Rpsa,2494.8,2498.9,2221.9,2388.3
Rptn,0.0,0.0,4.3,7.6
Rptor,1084.4,937.6,1497.0,1694.0
Rpusd1,249.6,196.3,239.6,241.6
Rpusd2,280.8,251.2,222.2,207.3
Rpusd3,95.8,125.6,43.6,43.7
Rpusd4,372.2,439.7,352.9,394.7
Rqcd1,2442.1,2371.0,1991.0,1893.7
Rrad,10.8,9.0,487.9,468.0
Rraga,2049.4,2034.5,1896.9,1787.2
Rragb,4.3,2.3,23.5,19.0
Rragc,10927.9,11207.9,8467.7,8503.3
Rragd,1527.6,1599.4,348.5,338.6
Rras,882.2,813.2,799.0,727.6
Rras2,234.5,219.8,512.3,200.7
Rrbp1,9756.4,9890.0,6152.6,6760.8
Rreb1,2488.3,2458.5,3084.6,3686.7
Rrh,0.0,0.0,2.6,2.8
Rrm1,1237.2,1210.2,1678.2,1250.8
Rrm2,120.5,129.0,238.7,155.0
Rrm2b,431.4,426.2,544.6,484.1
Rrn3,1612.6,1708.2,1253.9,1055.8
Rrnad1,902.6,972.4,752.0,746.7
Rrp1,4199.9,4120.7,3541.1,4280.2
Rrp12,620.7,531.6,379.0,372.8
Rrp15,292.6,270.3,320.6,190.2
Rrp1b,357.2,402.7,314.5,261.6
Rrp36,431.4,431.8,436.5,451.8
Rrp7a,1690.1,1611.7,1072.6,1030.1
Rrp8,1003.7,990.4,960.2,827.5
Rrp9,363.6,378.0,297.1,280.6
Rrs1,462.6,454.2,359.9,324.3
Rs1,26.9,14.6,2.6,0.0
Rsad1,201.2,161.5,228.3,215.0
Rsad2,317.4,365.6,1646.8,1854.8
Rsbn1,1198.4,1165.3,1447.3,1194.6
Rsbn1l,1490.0,1582.6,2317.8,2214.3
Rsc1a1,2328.0,2251.0,2651.5,2851.6
Rsf1,711.1,708.8,947.1,1001.6
Rsl1,278.6,253.5,237.9,307.2
Rsl1d1,1880.5,1838.3,1772.3,1344.0
Rsl24d1,724.0,748.1,657.9,755.2
Rslcan18,73.2,63.9,85.4,90.4
Rsph1,8.6,2.3,0.0,2.8
Rsph3a,795.0,684.2,465.3,505.1
Rsph3b,473.4,411.6,325.9,313.9
Rsph4a,21.5,15.7,28.7,39.0
Rsph6a,0.0,0.0,0.9,7.6
Rsph9,161.4,143.6,47.9,88.5
Rspo1,0.0,0.0,2.6,1.9
Rspo2,14.0,11.2,942.8,329.1
Rspo3,0.0,1.1,27.9,13.3
Rspo4,2.2,0.0,1.7,2.8
Rspry1,1793.4,1722.7,1303.5,1306.9
Rsrc1,280.8,282.6,503.6,437.5
Rsrc2,2198.9,2050.2,2063.3,1888.0
Rsu1,3123.0,2983.4,2198.4,2065.0
Rtbdn,6.5,6.7,2.6,8.6
Rtcd1,789.6,816.5,586.4,571.6
Rtdr1,0.0,0.0,0.9,0.9
Rtel1,381.9,354.4,359.9,340.5
Rtf1,1435.1,1491.7,1454.3,1393.4
Rtkn,44.1,53.8,61.0,49.5
Rtkn2,0.0,0.0,27.9,15.2
Rtl1,1.1,1.1,5.2,3.8
Rtn1,20.4,21.3,135.9,146.5
Rtn2,2.2,7.9,31.4,39.0
Rtn3,12459.9,12372.1,7752.4,7407.6
Rtn4,12268.4,12046.8,16600.0,15006.4
Rtn4ip1,420.6,468.8,259.6,229.2
Rtn4r,0.0,2.3,3.5,3.8
Rtn4rl1,8.6,2.3,61.9,36.1
Rtn4rl2,0.0,0.0,1.7,0.9
Rtp1,0.0,0.0,0.0,7.6
Rtp2,0.0,0.0,1.7,4.8
Rtp3,1.1,0.0,0.0,1.9
Rtp4,166.8,167.1,3050.6,3596.3
Rttn,1536.2,1461.4,1097.0,1021.5
Rubie,0.0,0.0,0.0,4.8
Rufy1,1568.5,1779.9,1341.9,1348.7
Rufy2,842.4,763.8,804.2,768.5
Rufy3,668.1,642.7,1100.5,1016.8
Rufy4,3.2,29.2,3.5,3.8
Rundc1,826.2,778.4,691.0,744.8
Rundc3a,76.4,81.9,65.3,65.6
Rundc3b,19.4,20.2,33.1,56.1
Runx1,2602.4,2519.1,2406.6,2532.9
Runx1t1,2.2,0.0,49.7,26.6
Runx2,267.9,293.9,233.5,186.4
Runx3,159.2,172.7,64.5,47.6
Rusc1,987.6,946.6,390.4,446.1
Rusc2,533.6,545.1,438.3,469.9
Ruvbl1,107.6,95.3,115.0,127.5
Ruvbl2,798.2,779.5,932.3,805.6
Rwdd1,434.6,450.9,291.9,294.9
Rwdd2a,48.4,55.0,75.8,95.1
Rwdd2b,243.1,255.7,243.1,217.8
Rwdd3,35.5,39.3,38.3,52.3
Rwdd4a,476.6,512.6,581.2,523.1
Rxfp1,0.0,0.0,0.9,4.8
Rxfp2,1.1,1.1,3.5,6.7
Rxfp3,3.2,0.0,3.5,4.8
Rxfp4,5.4,4.5,5.2,11.4
Rxra,5086.4,4789.1,4611.1,4947.9
Rxrb,1065.0,1127.2,1108.3,1387.7
Rxrg,0.0,0.0,1.7,1.9
Rybp,534.7,447.5,1354.1,1282.2
Ryk,109.7,118.9,609.1,254.9
Ryr1,122.6,98.7,9.6,26.6
Ryr2,5.4,3.4,7.0,30.4
Ryr3,15.1,19.1,14.8,19.0
S100a1,18991.0,18337.7,1220.7,1540.9
S100a10,5599.5,5335.3,1563.2,1336.4
S100a11,2337.7,1988.6,542.0,430.9
S100a13,1213.5,1201.2,549.8,479.4
S100a14,8.6,0.0,0.0,1.9
S100a16,0.0,2.3,207.4,57.1
S100a2,0.0,0.0,2.6,0.0
S100a3,2.2,3.4,0.9,2.8
S100a4,7500.5,7227.4,3627.4,2955.2
S100a5,0.0,4.5,0.0,0.9
S100a6,6792.6,6865.2,4905.7,3283.4
S100a7a,0.0,0.0,6.1,0.9
S100a8,716.5,587.7,3117.7,2560.5
S100a9,129.1,140.2,6113.3,5749.7
S100b,10.8,9.0,27.0,7.6
S100g,6.5,5.6,2.6,1.9
S100pbp,720.8,686.4,619.5,559.3
S100z,0.0,0.0,0.0,0.0
S1pr1,1437.3,1187.8,5937.3,6336.6
S1pr2,2788.5,2861.1,3488.9,4046.2
S1pr3,33.4,42.6,196.9,110.3
S1pr4,63.5,63.9,33.1,56.1
S1pr5,4.3,4.5,8.7,11.4
Saa1,0.0,0.0,0.0,1.9
Saa2,0.0,0.0,0.0,5.7
Saa3,846.7,981.4,27.9,16.2
Saa4,0.0,0.0,2.6,1.9
Saal1,288.3,333.1,253.6,301.5
Sac3d1,173.2,173.9,174.3,144.6
Sacm1l,2492.6,2497.8,2598.3,2365.5
Sacs,274.3,187.3,325.0,185.5
Sae1,2111.8,2192.7,1392.4,1238.4
Safb,430.3,400.4,439.1,539.3
Safb2,828.4,809.8,724.1,954.0
Sag,7.5,4.5,4.3,7.6
Sall1,2.2,2.3,0.0,7.6
Sall2,143.1,84.1,164.7,131.3
Sall3,2.2,6.7,4.3,7.6
Sall4,0.0,0.0,1.7,5.7
Samd1,630.4,536.1,718.0,661.0
Samd10,217.3,210.9,119.4,136.0
Samd12,0.0,0.0,0.0,0.0
Samd14,6.5,10.1,68.8,26.6
Samd3,0.0,0.0,7.0,6.7
Samd4,4.3,6.7,1009.0,801.8
Samd4b,1459.9,1545.5,1469.1,1774.9
Samd5,513.2,496.9,33.1,31.4
Samd7,1.1,0.0,0.9,14.3
Samd8,8834.4,8732.6,2841.4,2517.7
Samd9l,4179.5,4186.8,7749.7,7514.1
Samhd1,5829.7,5780.6,8635.0,9521.1
Samm50,586.3,577.6,526.3,568.8
Samsn1,1241.5,1086.8,376.4,425.2
Sap130,611.1,587.7,783.3,895.0
Sap18,631.5,646.0,543.7,479.4
Sap25,234.5,206.4,455.7,513.6
Sap30,626.1,667.3,539.4,492.7
Sap30bp,795.0,766.0,879.2,818.9
Sap30l,336.7,343.2,345.0,398.5
Sar1a,4589.4,4684.8,3809.5,3324.3
Sar1b,1544.8,1581.4,1014.2,1000.6
Sardh,5.4,10.1,161.2,58.0
Sarm1,5.4,0.0,23.5,35.2
Sarnp,252.8,245.6,202.1,151.2
Sars,3910.5,3916.5,1727.0,1712.1
Sars2,145.2,162.6,196.0,230.2
Sart1,766.0,824.4,773.7,818.9
Sart3,513.2,508.1,661.3,691.5
Sash1,3940.6,3913.2,13321.1,13998.2
Sash3,3081.1,3213.3,2965.2,3066.5
Sass6,387.3,364.5,582.0,585.0
Sat1,9538.0,9153.2,7807.2,8409.2
Sat2,16.1,26.9,15.7,16.2
Satb1,90.4,70.7,132.4,166.4
Satb2,58.1,50.5,134.2,95.1
Satl1,5.4,0.0,3.5,0.9
Sav1,3879.3,3886.3,1597.2,1315.4
Sbds,1156.5,1246.1,1123.2,1169.0
Sbf1,1235.0,1250.6,1368.0,1565.6
Sbf2,3697.5,3779.7,8801.5,8402.5
Sbk1,480.9,430.7,194.3,228.3
Sbk2,82.8,78.5,0.0,1.9
Sbno1,6299.9,6283.1,4450.8,4144.2
Sbno2,4551.7,4461.6,3539.4,3779.9
Sbp,0.0,1.1,0.0,0.0
Sbpl,0.0,1.1,0.0,0.0
Sbsn,22.6,10.1,54.0,42.8
Sc4mol,4028.9,4191.3,1869.0,1589.4
Sc5d,3027.3,2793.9,1046.5,881.7
Scaf1,1476.0,1543.3,1544.0,1752.0
Scaf11,4440.9,4709.5,5376.2,4907.0
Scaf4,710.0,749.2,765.9,884.6
Scaf8,1698.7,1750.8,2073.8,2126.8
Scai,340.0,345.5,470.5,331.9
Scamp1,3951.4,4301.2,2030.2,1864.3
Scamp2,3651.3,3565.5,5445.0,5926.7
Scamp3,2832.6,2900.4,1158.0,1404.9
Scamp4,498.1,548.5,501.9,615.4
Scamp5,701.4,705.5,2909.4,2936.2
Scand1,753.1,625.8,665.7,456.6
Scap,515.3,521.5,631.7,655.3
Scaper,574.5,642.7,851.3,867.5
Scara3,10.8,10.1,177.7,68.5
Scara5,4.3,0.0,0.0,5.7
Scarb1,2173.1,2156.8,1592.8,1866.2
Scarb2,6553.8,6783.3,5515.6,5638.5
Scarf1,593.8,641.6,940.2,1568.5
Scarf2,38.7,41.5,176.0,66.6
Scarna10,590.6,595.6,714.5,711.5
Scarna13,1584.7,1402.0,1727.9,2362.7
Scarna17,5.4,0.0,7.8,15.2
Scarna2,350.7,390.3,551.6,492.7
Scarna3a,58.1,74.0,63.6,71.3
Scarna3b,8.6,14.6,13.9,9.5
Scarna6,2629.3,2718.7,2147.9,2130.6
Scarna8,10.8,16.8,8.7,26.6
Scarna9,60.3,65.1,124.6,152.2
Sccpdh,320.6,270.3,316.3,185.5
Scd1,4504.4,4494.2,399.1,178.8
Scd2,21727.9,22261.0,1534.4,826.6
Scd3,47.3,52.7,1.7,3.8
Scd4,83.9,77.4,12.2,6.7
Scel,352.9,380.2,24.4,27.6
Scfd1,1472.8,1302.2,1496.1,1464.8
Scfd2,547.6,559.7,398.2,419.5
Scg2,0.0,0.0,0.0,1.9
Scg3,0.0,0.0,4.3,1.9
Scg5,2.2,1.1,3.5,5.7
Scgb1a1,25.8,15.7,0.9,0.9
Scgb1c1,0.0,0.0,0.0,0.0
Scgb2b1-ps,0.0,0.0,0.0,0.9
Scgb3a1,6.5,4.5,4.3,0.9
Scgb3a2,0.0,0.0,0.0,0.9
Scgn,0.0,0.0,0.0,0.9
Schip1,31.2,16.8,103.7,25.7
Scin,1.1,2.3,11.3,0.9
Sclt1,266.8,274.8,267.5,293.0
Scly,1993.5,1950.4,562.0,663.0
Scmh1,149.5,154.8,355.5,350.0
Scml2,3.2,1.1,1.7,2.8
Scml4,99.0,48.2,7.0,5.7
Scn10a,0.0,0.0,2.6,11.4
Scn11a,0.0,3.4,2.6,7.6
Scn1a,0.0,2.3,4.3,9.5
Scn1b,129.1,151.4,538.5,550.7
Scn2a1,1.1,3.4,32.2,17.1
Scn2b,12.9,5.6,3.5,10.5
Scn3a,127.0,117.8,20.9,21.9
Scn3b,15.1,14.6,70.6,81.8
Scn4a,3.2,2.3,7.0,33.3
Scn4b,4.3,0.0,1.7,12.4
Scn5a,0.0,1.1,7.8,17.1
Scn7a,1.1,2.3,4.3,1.9
Scn8a,5.4,3.4,5.2,11.4
Scn9a,3.2,0.0,4.3,5.7
Scnm1,252.8,274.8,298.9,390.9
Scnn1a,12.9,10.1,24.4,40.9
Scnn1b,8.6,2.3,7.0,15.2
Scnn1g,0.0,0.0,2.6,2.8
Sco1,220.5,245.6,231.8,229.2
Sco2,681.0,743.6,570.7,650.6
Scoc,210.9,227.7,405.2,277.7
Scp2,2042.9,1977.3,2867.6,2681.3
Scpep1,14919.1,14596.2,7326.3,7004.3
Scrg1,0.0,0.0,0.9,1.9
Scrib,1041.4,1133.9,1117.9,1231.7
Scrn1,2.2,0.0,16.5,2.8
Scrn2,22.6,30.3,26.1,39.0
Scrn3,211.9,225.4,327.6,271.1
Scrt1,0.0,0.0,4.3,1.9
Scrt2,0.0,2.3,2.6,4.8
Sct,0.0,0.0,0.9,0.0
Sctr,3.2,0.0,4.3,6.7
Scube1,1.1,2.3,5.2,17.1
Scube2,0.0,2.3,0.9,6.7
Scube3,0.0,3.4,27.9,14.3
Scx,4.3,16.8,40.9,16.2
Scyl1,3052.0,2816.3,2236.7,2309.4
Scyl2,2123.6,2128.8,1857.7,1965.1
Scyl3,1032.8,1167.6,1009.0,922.6
Sdad1,1997.8,1734.0,800.8,646.8
Sdc1,11352.9,11258.4,1569.3,1204.2
Sdc2,186.1,170.5,1450.8,492.7
Sdc3,1936.4,1839.4,7023.0,8579.4
Sdc4,844.5,782.9,6157.8,5631.8
Sdcbp,41067.4,40192.7,29266.7,30605.4
Sdcbp2,9.7,10.1,3.5,6.7
Sdccag3,1639.5,1509.6,1266.9,1216.5
Sdccag8,833.7,915.2,1047.3,1214.6
Sdf2,1835.3,1720.5,1463.0,1720.6
Sdf2l1,5176.7,5158.1,1176.3,1558.0
Sdf4,2301.1,2415.9,2252.4,2370.3
Sdha,11106.5,10722.3,7245.2,7395.2
Sdhaf1,232.4,317.4,217.0,181.7
Sdhaf2,1414.7,1368.3,1007.3,1008.2
Sdhb,3726.6,3506.0,3081.1,3473.6
Sdhc,3069.3,3446.6,2251.5,2320.8
Sdhd,4335.5,4383.1,2223.7,2118.2
Sdk1,0.0,5.6,9.6,20.9
Sdk2,5.4,7.9,9.6,7.6
Sdpr,20.4,6.7,131.6,67.5
Sdr16c5,0.0,0.0,0.0,0.9
Sdr16c6,0.0,0.0,0.0,0.0
Sdr39u1,367.9,289.4,293.6,349.1
Sdr42e1,186.1,196.3,189.1,173.1
Sdr9c7,1.1,0.0,0.0,1.9
Sds,7.5,0.0,1.7,15.2
Sdsl,6.5,0.0,9.6,4.8
Sebox,8.6,3.4,4.3,14.3
Sec1,0.0,2.3,2.6,5.7
Sec11a,2126.9,2148.9,1418.5,1200.4
Sec11c,2517.4,2477.6,1226.8,1153.7
Sec13,2075.2,1945.9,2175.7,2104.9
Sec14l1,4440.9,4349.5,6529.0,7298.2
Sec14l2,24.7,21.3,19.2,22.8
Sec14l3,0.0,0.0,5.2,3.8
Sec14l4,0.0,0.0,1.7,7.6
Sec14l5,0.0,0.0,1.7,0.9
Sec16a,4373.1,4330.4,2682.0,3040.8
Sec16b,0.0,0.0,74.9,23.8
Sec22a,569.1,481.2,511.5,434.7
Sec22b,2122.6,2125.4,1504.8,1281.2
Sec22c,778.9,708.8,222.2,197.8
Sec23a,1690.1,1746.3,1784.5,1419.1
Sec23b,2158.1,1930.2,1525.7,1498.1
Sec23ip,2171.0,2141.1,1602.4,1557.0
Sec24a,1748.2,1677.9,1028.2,959.7
Sec24b,442.2,428.5,570.7,565.0
Sec24c,4859.4,4854.2,3306.7,4154.6
Sec24d,2635.7,2496.6,3048.0,2810.7
Sec31a,4130.0,3902.0,3377.3,3013.3
Sec31b,55.9,41.5,37.5,68.5
Sec61a1,9717.7,9542.4,6538.6,6411.7
Sec61a2,317.4,280.4,349.4,288.2
Sec61b,679.9,708.8,441.8,450.8
Sec61g,61.3,79.6,53.1,43.7
Sec62,4382.8,4230.6,3537.7,3330.9
Sec63,2807.8,2852.2,2339.6,2138.2
Secisbp2,818.7,759.3,669.2,802.8
Secisbp2l,2337.7,2382.2,3476.7,3492.6
Sectm1a,0.0,3.4,1.7,2.8
Sectm1b,0.0,0.0,2.6,8.6
Seh1l,2105.3,2109.7,1808.0,1607.5
Sel1l,14592.1,14568.1,7351.5,7156.5
Sel1l2,0.0,0.0,0.0,2.8
Sel1l3,76.4,85.2,379.9,273.9
Sele,1.1,0.0,1.7,8.6
Selenbp1,895.1,981.4,754.6,924.5
Selenbp2,145.2,132.4,210.0,128.4
Selk,1180.2,1245.0,960.2,1043.4
Sell,99.0,103.2,283.2,279.6
Selm,180.7,210.9,460.9,488.9
Selp,30.1,46.0,37.5,31.4
Selplg,6302.0,6031.8,3054.1,3920.7
Sema3a,1.1,1.1,66.2,22.8
Sema3b,0.0,6.7,19.2,6.7
Sema3c,0.0,3.4,22.6,5.7
Sema3d,2.2,0.0,13.9,18.1
Sema3e,5.4,4.5,5.2,0.9
Sema3f,1.1,1.1,13.1,20.0
Sema3g,0.0,0.0,4.3,3.8
Sema4a,2854.1,3042.8,469.6,597.3
Sema4b,1455.6,1451.3,687.5,770.4
Sema4c,143.1,118.9,289.3,215.9
Sema4d,10529.9,11029.6,6390.4,7970.7
Sema4f,2.2,0.0,8.7,13.3
Sema4g,15.1,6.7,24.4,21.9
Sema5a,1.1,2.3,50.5,29.5
Sema5b,3.2,0.0,0.9,8.6
Sema6a,0.0,1.1,6.1,16.2
Sema6b,525.0,521.5,386.0,476.5
Sema6c,4.3,5.6,18.3,8.6
Sema6d,387.3,402.7,1031.7,1058.6
Sema7a,10.8,24.7,778.1,366.2
Senp1,754.1,666.2,930.6,967.3
Senp2,3096.1,3009.2,2333.5,2217.1
Senp3,1336.1,1173.2,1034.3,1050.1
Senp5,2848.7,2731.0,2356.1,2077.3
Senp6,845.6,864.7,975.9,844.6
Senp7,813.3,712.2,1093.5,1031.0
Senp8,188.3,179.5,297.1,272.0
Sephs1,1167.2,1219.2,1158.9,1083.4
Sephs2,3652.3,3785.3,2214.9,1905.2
Sepn1,764.9,842.3,1037.8,1151.8
Sepp1,14241.4,14007.3,148240.3,141264.8
Sepsecs,345.3,356.7,339.8,337.7
Sepw1,775.7,1054.3,1128.4,1263.1
Sepx1,8186.8,8377.0,2307.3,2276.1
Serac1,1200.6,1159.7,670.1,709.6
Serbp1,6100.8,6447.9,7020.4,6357.5
Serf1,146.3,145.8,92.4,46.6
Serf2,5873.9,6073.3,4406.4,4322.1
Sergef,236.7,319.7,230.0,232.1
Serhl,1103.8,1155.2,682.3,697.2
Serinc1,11734.8,11912.2,9001.9,8717.3
Serinc2,0.0,3.4,6.1,2.8
Serinc3,18173.4,17381.0,61080.4,63581.0
Serinc4,1121.0,1181.0,1161.5,962.6
Serinc5,933.8,890.5,1547.5,1664.5
Serp1,14534.0,14466.1,16972.1,16737.5
Serp2,0.0,1.1,5.2,0.9
Serpina10,2.2,0.0,0.0,0.0
Serpina11,2.2,0.0,1.7,1.9
Serpina12,2.2,0.0,0.9,5.7
Serpina1a,0.0,2.3,1.7,1.9
Serpina1b,0.0,0.0,0.9,1.9
Serpina1c,0.0,2.3,0.0,1.9
Serpina1d,0.0,0.0,0.0,4.8
Serpina1e,1.1,0.0,0.0,4.8
Serpina1f,0.0,0.0,1.7,3.8
Serpina3a,0.0,0.0,0.9,5.7
Serpina3b,2.2,0.0,2.6,1.9
Serpina3c,3.2,1.1,2.6,13.3
Serpina3f,4.3,0.0,20.0,16.2
Serpina3g,28.0,44.9,43.6,38.0
Serpina3h,3.2,0.0,0.0,7.6
Serpina3i,1.1,0.0,4.3,3.8
Serpina3j,0.0,0.0,0.0,1.9
Serpina3k,0.0,0.0,0.0,1.9
Serpina3m,0.0,0.0,0.0,0.9
Serpina3n,2.2,2.3,3.5,2.8
Serpina4-ps1,0.0,0.0,0.0,3.8
Serpina5,0.0,0.0,0.9,5.7
Serpina6,0.0,0.0,0.0,4.8
Serpina7,0.0,0.0,0.9,0.0
Serpina9,0.0,0.0,0.0,0.9
Serpinb10-ps,50.6,20.2,48.8,36.1
Serpinb11,0.0,0.0,1.7,3.8
Serpinb12,22.6,14.6,12.2,1.9
Serpinb13,0.0,0.0,1.7,0.9
Serpinb1a,211.9,215.4,132.4,138.9
Serpinb1b,3.2,11.2,14.8,11.4
Serpinb1c,8.6,11.2,6.1,12.4
Serpinb2,37.7,47.1,611.7,236.8
Serpinb3a,0.0,0.0,0.0,0.0
Serpinb3b,0.0,0.0,1.7,0.0
Serpinb3c,0.0,0.0,0.0,0.9
Serpinb3d,0.0,0.0,0.9,0.0
Serpinb5,0.0,4.5,6.1,1.9
Serpinb6a,8010.4,8301.9,13077.1,13200.1
Serpinb6b,39.8,30.3,89.7,85.6
Serpinb6c,8.6,5.6,7.8,9.5
Serpinb6d,0.0,0.0,0.0,0.9
Serpinb6e,0.0,0.0,0.0,0.9
Serpinb7,0.0,1.1,0.9,0.0
Serpinb8,783.2,790.7,1101.4,989.2
Serpinb9,238.8,252.4,387.7,307.2
Serpinb9b,96.8,103.2,13.9,13.3
Serpinb9c,0.0,0.0,2.6,3.8
Serpinb9d,0.0,0.0,1.7,0.9
Serpinb9e,0.0,0.0,0.9,0.0
Serpinb9f,0.0,0.0,0.0,0.0
Serpinb9g,0.0,0.0,0.9,3.8
Serpinc1,6.5,13.5,7.0,17.1
Serpind1,20.4,22.4,16.5,17.1
Serpine1,59.2,80.8,17223.9,7469.4
Serpine2,28.0,28.0,934.9,268.2
Serpine3,22.6,11.2,37.5,20.0
Serpinf1,7.5,7.9,836.5,273.0
Serpinf2,2.2,6.7,2.6,9.5
Serping1,0.0,0.0,100.2,35.2
Serpinh1,6.5,0.0,4608.5,1767.2
Serpini1,166.8,173.9,11.3,24.7
Serpini2,0.0,0.0,0.0,0.0
Sertad1,388.4,376.9,355.5,375.7
Sertad2,2614.2,2485.4,1846.4,1769.1
Sertad3,429.2,321.9,403.4,391.9
Sertad4,3.2,0.0,126.3,39.0
Sesn1,712.2,784.0,6158.7,6633.4
Sesn2,250.7,260.2,345.9,318.6
Sesn3,71.0,46.0,161.2,138.9
Sestd1,2211.8,2414.8,1961.4,1923.2
Set,1982.7,2329.5,2625.4,2253.3
Setbp1,4.3,7.9,200.4,75.1
Setd1a,174.3,200.8,178.6,219.7
Setd2,3848.1,3912.1,5304.7,4759.6
Setd3,2253.8,2220.7,1727.9,1809.1
Setd4,46.3,69.5,56.6,61.8
Setd5,2532.4,2781.5,2020.6,2135.3
Setd6,228.1,252.4,187.3,159.8
Setd7,3529.7,3491.5,2218.4,2249.5
Setd8,3087.5,3115.7,829.5,782.8
Setdb1,2408.7,2454.0,2617.5,2551.9
Setdb2,589.5,567.5,582.9,658.2
Setmar,120.5,126.7,102.8,113.2
Setx,5383.3,5198.5,5069.5,4562.7
Sez6,4.3,0.0,4.3,9.5
Sez6l,4.3,3.4,5.2,11.4
Sez6l2,3.2,6.7,12.2,22.8
Sf1,1995.6,1933.6,2072.0,2336.0
Sf3a1,1192.0,1227.0,1382.8,1375.4
Sf3a2,526.1,639.3,630.8,682.0
Sf3a3,982.2,955.6,1133.6,1019.6
Sf3b1,11938.1,12303.7,13125.9,12737.9
Sf3b2,5045.5,4932.7,4627.7,4633.1
Sf3b3,2404.4,2653.7,2655.0,2602.4
Sf3b4,747.7,793.0,789.4,824.6
Sf3b5,768.1,669.6,709.3,749.5
Sfi1,880.0,836.7,1076.1,1192.7
Sfmbt1,701.4,722.3,1348.8,1381.1
Sfmbt2,378.7,347.7,48.8,47.6
Sfn,25.8,48.2,34.8,51.4
Sfpi1,7353.1,6888.7,6424.4,7069.0
Sfpq,1924.6,2092.9,2465.9,2293.2
Sfr1,2276.4,2145.6,2296.0,2197.2
Sfrp1,0.0,0.0,48.8,16.2
Sfrp2,4.3,0.0,41.8,20.9
Sfrp4,0.0,0.0,84.5,23.8
Sfrp5,26.9,25.8,7.0,19.0
Sfrs18,1669.6,1542.2,2215.8,2429.2
Sfswap,1051.1,947.7,1113.6,1256.5
Sft2d1,569.1,478.9,588.1,709.6
Sft2d2,4984.2,5151.4,6574.3,6956.8
Sft2d3,271.1,274.8,261.4,259.7
Sfta2,0.0,0.0,0.0,0.0
Sftpa1,0.0,0.0,0.0,4.8
Sftpb,3.2,7.9,0.0,7.6
Sftpc,0.0,0.0,1.7,0.0
Sftpd,0.0,0.0,2.6,1.9
Sfxn1,1375.9,1396.4,795.5,623.0
Sfxn2,205.5,231.1,231.8,190.2
Sfxn3,1614.8,1741.8,972.4,959.7
Sfxn4,26.9,28.0,98.5,71.3
Sfxn5,182.9,258.0,808.6,824.6
Sgca,0.0,0.0,1.7,1.9
Sgcb,427.1,390.3,992.5,931.2
Sgcd,0.0,0.0,93.2,23.8
Sgce,5.4,7.9,93.2,33.3
Sgcg,2.2,0.0,7.0,11.4
Sgcz,0.0,0.0,0.0,3.8
Sgip1,0.0,2.3,8.7,13.3
Sgk1,31019.5,31485.9,2443.2,2424.5
Sgk2,2.2,1.1,3.5,0.9
Sgk3,2302.2,2261.1,2817.9,2685.1
Sgms1,2382.9,2202.8,1429.0,1333.5
Sgms2,1052.1,1016.2,517.6,233.0
Sgol1,80.7,81.9,118.5,116.0
Sgol2,230.2,256.9,321.5,234.9
Sgpl1,25846.0,25998.1,19899.8,20747.6
Sgpp1,1754.6,1814.7,3418.3,3442.2
Sgpp2,57.0,47.1,38.3,32.3
Sgsh,659.5,628.1,3122.0,3725.7
Sgsm1,40.9,78.5,10.4,14.3
Sgsm2,319.5,306.2,252.7,273.9
Sgsm3,734.8,828.9,257.0,313.9
Sgta,2324.8,2216.2,1968.4,1992.7
Sgtb,77.5,83.0,126.3,102.7
Sh2b1,679.9,768.3,782.5,786.6
Sh2b2,516.4,524.9,367.7,461.3
Sh2b3,772.4,810.9,1694.8,1906.1
Sh2d1a,0.0,0.0,0.0,0.0
Sh2d1b1,1501.8,1542.2,240.5,293.0
Sh2d1b2,47.3,49.4,7.8,9.5
Sh2d2a,6.5,0.0,8.7,8.6
Sh2d3c,1060.7,971.3,473.1,668.7
Sh2d4a,2.2,0.0,1.7,7.6
Sh2d4b,15.1,4.5,13.1,11.4
Sh2d5,4.3,5.6,14.8,26.6
Sh2d7,19.4,15.7,9.6,32.3
Sh3bgr,0.0,2.3,7.8,4.8
Sh3bgrl,15383.9,15598.9,10903.1,9351.8
Sh3bgrl2,2632.5,2458.5,465.3,518.4
Sh3bgrl3,12064.0,11949.3,6859.2,9033.1
Sh3bp1,603.5,552.9,1410.7,1778.7
Sh3bp2,3602.8,3636.2,2716.0,3136.0
Sh3bp4,205.5,205.3,589.0,431.8
Sh3bp5,488.4,450.9,3047.1,3102.7
Sh3bp5l,1016.6,917.5,839.1,780.9
Sh3d19,406.7,376.9,358.1,305.3
Sh3gl1,1698.7,1554.5,3128.1,3208.2
Sh3gl2,1.1,0.0,0.0,5.7
Sh3gl3,0.0,0.0,8.7,3.8
Sh3glb1,1757.9,2087.3,1811.5,1779.6
Sh3glb2,842.4,817.6,638.7,705.8
Sh3kbp1,6401.0,5962.3,6438.4,6170.1
Sh3pxd2a,148.5,169.4,2616.6,2369.3
Sh3pxd2b,14024.1,14093.7,6173.5,6653.3
Sh3rf1,129.1,126.7,334.6,267.3
Sh3rf2,0.0,2.3,0.9,9.5
Sh3rf3,0.0,0.0,18.3,32.3
Sh3tc1,1725.6,1739.6,814.7,1017.7
Sh3tc2,0.0,0.0,1.7,6.7
Sh3yl1,55.9,63.9,27.0,14.3
Shank1,5.4,2.3,13.9,2.8
Shank2,1.1,0.0,16.5,10.5
Shank3,2.2,2.3,13.1,11.4
Sharpin,1156.5,1006.1,1036.0,1168.0
Shb,134.5,120.0,132.4,171.2
Shbg,2.2,0.0,0.0,0.9
Shc1,2652.9,2482.1,1747.0,1710.2
Shc2,37.7,48.2,29.6,28.5
Shc3,1.1,0.0,1.7,0.9
Shc4,10.8,2.3,31.4,13.3
Shcbp1,68.9,59.5,88.9,79.9
Shd,2.2,0.0,4.3,3.8
She,2.2,0.0,19.2,25.7
Shf,4.3,24.7,47.0,37.1
Shfm1,3472.7,3485.9,2491.2,2576.7
Shh,0.0,0.0,1.7,3.8
Shisa2,0.0,0.0,4.3,1.9
Shisa3,2.2,4.5,13.9,27.6
Shisa4,0.0,4.5,54.0,9.5
Shisa5,10759.0,10319.6,7133.7,8962.7
Shisa6,0.0,0.0,1.7,3.8
Shisa7,0.0,0.0,1.7,13.3
Shisa9,4.3,2.3,74.9,95.1
Shkbp1,1190.9,1087.9,1009.9,1155.7
Shmt1,103.3,92.0,124.6,123.6
Shmt2,785.3,734.6,770.3,621.1
Shoc2,2587.3,2480.9,2640.2,2487.3
Shox2,2.2,0.0,123.7,55.2
Shpk,172.1,249.0,142.9,195.9
Shprh,983.3,1016.2,1358.4,1274.5
Shq1,336.7,311.8,149.9,148.4
Shroom1,4.3,4.5,9.6,13.3
Shroom2,2.2,0.0,13.9,3.8
Shroom3,3.2,14.6,17.4,11.4
Shroom4,25.8,15.7,11.3,11.4
Siae,2201.1,2301.5,1960.5,1933.7
Siah1a,399.1,354.4,494.9,448.9
Siah1b,51.6,50.5,80.2,95.1
Siah2,412.0,335.4,273.6,274.9
Siah3,0.0,0.0,0.0,0.0
Sidt1,2.2,1.1,0.9,2.8
Sidt2,8489.1,8599.1,4202.5,4706.3
Sigirr,135.6,120.0,29.6,39.9
Siglec1,4409.7,4360.7,19562.6,27020.4
Siglec15,1.1,0.0,0.0,0.0
Siglec5,1308.2,1305.5,34.0,19.0
Siglece,29.1,41.5,530.6,459.4
Siglecg,34.4,57.2,74.9,26.6
Siglech,9.7,6.7,298.9,342.4
Sigmar1,1267.3,1311.1,779.0,799.0
Sik1,20.4,33.7,336.3,229.2
Sik2,1345.8,1390.8,968.1,933.1
Sik3,476.6,491.3,508.9,604.0
Sike1,1003.7,1113.7,1077.8,956.9
Sil1,1138.2,1135.0,812.1,860.8
Sim1,4.3,0.0,0.9,11.4
Sim2,3.2,0.0,3.5,6.7
Sin3a,2354.9,2234.2,2584.4,2754.5
Sin3b,2467.9,2593.1,2358.7,2632.8
Sip1,125.9,98.7,106.3,86.6
Sipa1,2134.4,2115.3,3286.7,4127.1
Sipa1l1,265.7,282.6,1152.8,1192.7
Sipa1l2,612.1,696.5,1617.2,1680.7
Sipa1l3,239.9,247.9,204.8,243.5
Sirpa,41248.2,41446.6,45365.7,51192.2
Sirpb1a,645.5,522.7,138.5,110.3
Sirpb1b,1590.0,1563.5,261.4,298.7
Sirt1,1255.5,1274.1,1027.3,861.7
Sirt2,4967.0,4644.4,3763.3,3925.4
Sirt3,302.3,336.5,230.9,306.3
Sirt4,143.1,158.2,128.9,140.8
Sirt5,81.8,62.8,100.2,84.6
Sirt6,298.0,275.9,187.3,264.4
Sirt7,1799.8,1596.0,1625.9,1958.4
Sis,0.0,0.0,0.0,0.9
Sit1,0.0,1.1,0.9,0.0
Siva1,249.6,260.2,228.3,242.5
Six1,93.6,90.9,103.7,47.6
Six2,0.0,0.0,8.7,7.6
Six3,0.0,0.0,2.6,5.7
Six3os1,0.0,3.4,2.6,8.6
Six4,0.0,7.9,99.3,42.8
Six5,5.4,9.0,80.2,56.1
Six6,0.0,2.3,0.9,3.8
Ska1,19.4,22.4,27.0,18.1
Skap1,2.2,0.0,7.8,7.6
Skap2,5854.5,5810.9,4644.3,5082.0
Ski,5183.2,5195.1,4671.3,4815.7
Skil,5111.1,5448.6,6154.3,6002.7
Skint1,0.0,0.0,0.0,0.0
Skint10,0.0,0.0,1.7,0.0
Skint11,0.0,0.0,0.0,0.0
Skint2,0.0,0.0,0.0,0.0
Skint3,0.0,0.0,0.0,0.0
Skint4,0.0,0.0,0.0,0.0
Skint5,0.0,0.0,0.0,0.0
Skint6,0.0,0.0,0.0,0.0
Skint7,0.0,0.0,0.0,2.8
Skint8,0.0,0.0,0.9,0.9
Skint9,0.0,0.0,0.0,0.0
Skiv2l,2480.8,2526.9,2105.2,2473.0
Skiv2l2,1524.4,1445.7,1501.3,1385.8
Skor1,5.4,3.4,2.6,4.8
Skor2,0.0,0.0,0.0,5.7
Skp1a,2338.8,2557.2,2697.7,2227.6
Skp2,163.5,203.0,291.0,266.3
Sla,3265.0,3308.7,1409.8,1485.7
Sla2,1656.7,1555.6,1362.8,1364.9
Slain1,6.5,6.7,11.3,12.4
Slain2,2420.5,2411.4,1749.7,1606.5
Slamf1,6.5,2.3,26.1,14.3
Slamf6,137.7,143.6,69.7,36.1
Slamf7,12365.2,12511.2,3501.9,4294.5
Slamf8,433.6,323.0,211.7,228.3
Slamf9,475.5,504.7,440.9,417.6
Slbp,994.0,941.0,775.5,739.0
Slc10a1,86.1,103.2,127.2,120.8
Slc10a2,0.0,0.0,0.9,0.0
Slc10a3,970.4,813.2,689.2,608.7
Slc10a4,0.0,0.0,0.0,3.8
Slc10a5,0.0,4.5,7.0,3.8
Slc10a6,1.1,0.0,2.6,1.9
Slc10a7,840.2,872.6,901.0,982.5
Slc11a1,4519.4,4416.8,10980.7,11989.3
Slc11a2,2053.7,2124.3,1801.9,1834.8
Slc12a1,0.0,0.0,3.5,2.8
Slc12a2,345.3,311.8,563.7,451.8
Slc12a3,0.0,3.4,3.5,9.5
Slc12a4,1615.9,1704.8,1656.4,1414.4
Slc12a5,15.1,6.7,13.9,34.2
Slc12a6,6473.1,6379.5,7863.9,8572.8
Slc12a7,1482.5,1391.9,3129.0,3311.0
Slc12a8,0.0,2.3,1.7,9.5
Slc12a9,483.0,520.4,1241.7,1602.7
Slc13a1,1.1,1.1,0.9,2.8
Slc13a2,1.1,13.5,25.3,48.5
Slc13a3,11.8,4.5,540.2,459.4
Slc13a4,8.6,5.6,11.3,11.4
Slc13a5,0.0,2.3,157.7,36.1
Slc14a1,11.8,0.0,255.3,219.7
Slc14a2,0.0,1.1,3.5,4.8
Slc15a1,1.1,0.0,0.9,3.8
Slc15a2,456.1,420.6,386.0,258.7
Slc15a3,9886.6,9639.9,3178.7,4259.3
Slc15a4,3080.0,3042.8,3722.4,4104.2
Slc15a5,0.0,1.1,3.5,4.8
Slc16a1,1185.5,1259.5,564.6,448.0
Slc16a10,1618.0,1589.3,3546.4,3917.8
Slc16a11,16.1,12.3,19.2,35.2
Slc16a12,0.0,1.1,13.9,14.3
Slc16a13,196.9,214.2,231.8,262.5
Slc16a14,22.6,65.1,1.7,4.8
Slc16a2,0.0,0.0,8.7,0.0
Slc16a3,6754.9,6414.3,743.2,720.0
Slc16a4,20.4,13.5,35.7,20.9
Slc16a5,25.8,25.8,34.8,37.1
Slc16a6,230.2,263.6,432.2,389.0
Slc16a7,768.1,717.8,1529.2,1594.1
Slc16a8,3.2,3.4,5.2,5.7
Slc16a9,12.9,19.1,88.9,58.0
Slc17a1,0.0,0.0,0.0,0.0
Slc17a2,0.0,0.0,1.7,3.8
Slc17a3,0.0,2.3,4.3,12.4
Slc17a4,0.0,0.0,1.7,3.8
Slc17a5,3005.8,2897.0,2298.6,2345.5
Slc17a6,0.0,0.0,0.0,2.8
Slc17a7,0.0,5.6,1.7,0.0
Slc17a8,3.2,3.4,7.0,3.8
Slc17a9,247.4,232.2,159.4,148.4
Slc18a1,290.5,278.2,48.8,67.5
Slc18a2,186.1,195.2,203.0,186.4
Slc18a3,0.0,2.3,1.7,10.5
Slc19a1,199.0,213.1,275.3,225.4
Slc19a2,350.7,390.3,424.3,332.9
Slc19a3,0.0,0.0,1.7,0.0
Slc1a1,0.0,0.0,159.4,42.8
Slc1a2,6.5,3.4,10.4,27.6
Slc1a3,30.1,29.2,8.7,16.2
Slc1a4,33.4,19.1,156.8,65.6
Slc1a5,3119.8,2913.9,877.4,841.8
Slc1a6,0.0,0.0,19.2,19.0
Slc1a7,0.0,0.0,1.7,3.8
Slc20a1,1682.6,1803.5,691.0,565.9
Slc20a2,515.3,446.4,698.8,556.4
Slc22a1,0.0,0.0,1.7,3.8
Slc22a12,2.2,0.0,2.6,4.8
Slc22a13,2.2,0.0,2.6,8.6
Slc22a13b,10.8,15.7,8.7,19.0
Slc22a14,0.0,0.0,0.9,5.7
Slc22a15,50.6,59.5,101.9,92.3
Slc22a16,0.0,0.0,3.5,1.9
Slc22a17,20.4,16.8,16.5,15.2
Slc22a18,125.9,107.7,32.2,32.3
Slc22a19,0.0,0.0,0.9,2.8
Slc22a2,0.0,0.0,1.7,6.7
Slc22a20,5.4,5.6,5.2,5.7
Slc22a21,64.6,39.3,123.7,104.6
Slc22a22,0.0,0.0,0.0,0.0
Slc22a23,50.6,71.8,74.1,76.1
Slc22a26,0.0,0.0,1.7,3.8
Slc22a27,0.0,0.0,0.0,1.9
Slc22a28,0.0,0.0,0.0,1.9
Slc22a29,0.0,0.0,0.0,0.0
Slc22a3,0.0,0.0,0.9,7.6
Slc22a30,0.0,0.0,0.0,2.8
Slc22a4,3807.2,3672.0,1300.9,1466.7
Slc22a5,505.6,521.5,528.9,479.4
Slc22a6,0.0,0.0,0.0,5.7
Slc22a7,0.0,2.3,0.0,6.7
Slc22a8,3.2,4.5,0.0,2.8
Slc23a1,47.3,23.6,55.8,59.0
Slc23a2,10596.6,10666.2,6670.1,7558.8
Slc23a3,1.1,4.5,3.5,4.8
Slc24a1,15.1,23.6,27.0,28.5
Slc24a2,2.2,0.0,1.7,4.8
Slc24a3,24.7,21.3,108.9,76.1
Slc24a4,0.0,0.0,1.7,3.8
Slc24a5,107.6,108.8,223.1,186.4
Slc24a6,4912.1,5013.4,2416.2,2940.0
Slc25a1,707.9,725.7,467.9,533.6
Slc25a10,930.6,932.0,1659.0,1826.2
Slc25a11,3049.9,3122.5,2485.1,2688.0
Slc25a12,1082.3,1128.3,1060.4,1033.9
Slc25a13,736.9,685.3,333.7,311.0
Slc25a14,157.1,138.0,118.5,79.9
Slc25a15,415.3,452.0,433.9,308.2
Slc25a16,646.6,680.8,748.5,631.6
Slc25a17,809.0,776.1,910.5,869.4
Slc25a18,73.2,95.3,75.8,96.1
Slc25a19,725.1,715.6,646.5,737.1
Slc25a2,40.9,16.8,22.6,48.5
Slc25a20,518.5,547.3,479.2,546.9
Slc25a21,0.0,0.0,0.9,1.9
Slc25a22,507.8,574.3,528.9,604.0
Slc25a23,129.1,171.6,172.5,203.5
Slc25a24,3345.7,3276.1,1847.2,1433.4
Slc25a25,738.0,849.0,341.6,409.9
Slc25a26,266.8,269.2,190.8,209.3
Slc25a27,2.2,0.0,18.3,15.2
Slc25a28,423.9,416.1,493.2,574.5
Slc25a29,8.6,13.5,20.0,18.1
Slc25a3,9880.1,10456.4,7764.5,7826.1
Slc25a30,703.6,794.1,596.0,704.8
Slc25a31,0.0,1.1,4.3,3.8
Slc25a32,871.4,881.6,481.0,388.1
Slc25a33,241.0,215.4,119.4,107.5
Slc25a34,5.4,15.7,5.2,8.6
Slc25a35,116.2,97.6,80.2,83.7
Slc25a36,1210.3,1174.3,2261.1,1974.6
Slc25a37,575.6,582.1,979.4,1080.5
Slc25a38,365.8,404.9,258.8,253.0
Slc25a39,2868.1,2746.7,2168.8,2096.3
Slc25a4,3688.9,3900.8,3562.9,3020.9
Slc25a40,210.9,226.6,291.9,289.1
Slc25a41,2.2,0.0,0.9,1.9
Slc25a42,135.6,125.6,80.2,81.8
Slc25a43,207.6,237.8,82.8,53.3
Slc25a44,2860.5,2713.1,1042.1,1121.4
Slc25a45,825.1,807.5,1462.1,1615.1
Slc25a46,2039.7,2083.9,1744.4,1735.9
Slc25a47,23.7,19.1,29.6,28.5
Slc25a48,0.0,0.0,0.0,4.8
Slc25a5,10032.9,9967.4,4495.3,3822.7
Slc26a1,99.0,96.5,165.5,211.2
Slc26a10,38.7,28.0,1.7,10.5
Slc26a11,214.1,275.9,1213.8,1351.6
Slc26a2,1529.8,1555.6,1329.7,1432.4
Slc26a3,0.0,0.0,0.9,2.8
Slc26a4,4.3,4.5,3.5,0.9
Slc26a5,0.0,1.1,3.5,4.8
Slc26a6,531.4,590.0,341.6,371.9
Slc26a7,0.0,0.0,4.3,1.9
Slc26a9,4.3,20.2,4.3,6.7
Slc27a1,5215.5,5303.9,2622.7,3273.9
Slc27a2,0.0,1.1,1.7,4.8
Slc27a3,74.2,38.1,34.8,16.2
Slc27a4,2103.2,2007.6,1213.8,1260.3
Slc27a5,0.0,0.0,3.5,6.7
Slc27a6,657.3,681.9,5.2,8.6
Slc28a1,1.1,0.0,3.5,2.8
Slc28a2,82.8,62.8,265.7,232.1
Slc28a3,1.1,6.7,1.7,4.8
Slc29a1,2990.7,3048.4,2953.9,2804.0
Slc29a2,40.9,24.7,31.4,46.6
Slc29a3,3882.6,4343.9,1937.9,2372.2
Slc29a4,0.0,2.3,2.6,5.7
Slc2a1,6427.9,6552.2,854.8,668.7
Slc2a10,2.2,0.0,69.7,33.3
Slc2a12,8.6,7.9,9.6,10.5
Slc2a13,6.5,0.0,113.3,31.4
Slc2a2,0.0,0.0,4.3,6.7
Slc2a3,321.7,384.7,538.5,609.7
Slc2a4,2.2,1.1,0.0,3.8
Slc2a4rg-ps,135.6,152.5,122.0,151.2
Slc2a5,0.0,1.1,0.0,9.5
Slc2a6,2417.3,2528.0,409.5,636.3
Slc2a7,0.0,0.0,1.7,0.9
Slc2a8,431.4,407.1,558.5,658.2
Slc2a9,348.6,259.1,806.0,916.9
Slc30a1,1708.4,1809.1,2414.5,2468.2
Slc30a10,0.0,0.0,6.1,11.4
Slc30a2,0.0,0.0,4.3,3.8
Slc30a3,0.0,0.0,1.7,2.8
Slc30a4,1480.3,1585.9,1393.3,865.5
Slc30a5,2342.0,2482.1,2683.7,2625.2
Slc30a6,380.8,374.6,336.3,315.8
Slc30a7,4707.7,4602.9,2989.6,2971.4
Slc30a8,0.0,0.0,0.9,2.8
Slc30a9,2282.8,2182.6,1636.4,1517.1
Slc31a1,5172.4,5039.2,4127.6,4054.8
Slc31a2,3875.0,3811.1,1595.4,1582.7
Slc32a1,117.3,144.7,8.7,4.8
Slc33a1,1635.2,1574.7,1515.3,1213.7
Slc34a1,0.0,1.1,1.7,2.8
Slc34a2,0.0,0.0,1.7,6.7
Slc34a3,0.0,0.0,1.7,0.0
Slc35a1,733.7,649.4,636.1,583.1
Slc35a2,837.0,801.9,670.9,656.3
Slc35a3,1894.5,1994.2,1758.4,1562.7
Slc35a4,2194.6,2146.7,1901.3,2069.7
Slc35a5,2102.1,2111.9,2427.6,2224.8
Slc35b1,2359.2,2348.6,1055.2,1063.4
Slc35b2,1213.5,1324.6,1589.3,1696.9
Slc35b3,1251.2,1295.4,558.5,582.1
Slc35b4,3051.0,3023.8,2228.0,2199.1
Slc35c1,1609.4,1587.0,877.4,1006.3
Slc35c2,1969.8,2033.4,925.4,1035.8
Slc35d1,97.9,104.3,94.1,80.8
Slc35d2,340.0,251.2,227.4,237.8
Slc35d3,0.0,2.3,13.1,8.6
Slc35e1,3046.7,2981.2,1944.0,1872.8
Slc35e2,503.5,581.0,616.9,669.6
Slc35e3,621.8,588.8,547.2,507.9
Slc35e4,851.0,920.8,484.5,533.6
Slc35f1,2.2,4.5,1.7,6.7
Slc35f2,4.3,0.0,1.7,8.6
Slc35f3,0.0,0.0,1.7,0.0
Slc35f4,3.2,1.1,0.0,0.0
Slc35f5,1843.9,1983.0,2087.7,2123.0
Slc36a1,729.4,749.2,411.3,448.9
Slc36a2,95.8,108.8,5.2,3.8
Slc36a3,17.2,9.0,0.9,2.8
Slc36a4,4575.4,4486.3,1180.7,1062.4
Slc37a1,230.2,244.5,130.7,181.7
Slc37a2,4662.5,4710.6,11404.2,12742.6
Slc37a3,1491.1,1460.3,963.7,805.6
Slc37a4,759.5,787.4,402.6,472.7
Slc38a1,4996.0,4905.8,1592.8,1570.4
Slc38a10,7001.3,7034.5,5338.7,5187.6
Slc38a11,0.0,0.0,0.0,1.9
Slc38a2,4020.3,4302.4,2362.2,1921.3
Slc38a3,0.0,0.0,1.7,2.8
Slc38a4,2.2,0.0,108.0,29.5
Slc38a5,0.0,0.0,0.9,2.8
Slc38a6,1434.0,1357.1,571.6,631.6
Slc38a7,3268.3,3201.0,2061.6,2169.6
Slc38a8,0.0,0.0,0.0,9.5
Slc38a9,1286.7,1322.3,1499.6,1484.8
Slc39a1,7125.0,7114.2,5194.1,5089.6
Slc39a10,1067.2,971.3,1939.6,1808.1
Slc39a11,2514.1,2405.8,846.9,895.0
Slc39a12,3.2,9.0,16.5,32.3
Slc39a13,820.8,797.4,703.2,620.1
Slc39a14,688.5,729.0,845.2,545.0
Slc39a2,2982.1,2902.6,2.6,16.2
Slc39a3,650.9,575.4,582.9,713.4
Slc39a4,477.7,468.8,417.4,386.2
Slc39a5,5.4,5.6,5.2,16.2
Slc39a6,1764.3,1602.7,1163.2,1118.6
Slc39a7,4514.0,4443.7,3239.7,3283.4
Slc39a8,362.5,397.0,272.7,308.2
Slc39a9,2875.6,2860.0,2501.6,2682.3
Slc3a1,77.5,69.5,75.8,51.4
Slc3a2,8391.2,8430.9,6041.9,6203.4
Slc40a1,1638.4,1583.7,6757.3,7607.3
Slc41a1,461.5,404.9,448.7,404.2
Slc41a2,3293.0,3203.2,1286.1,1125.2
Slc41a3,461.5,501.4,544.6,602.1
Slc43a1,0.0,0.0,21.8,13.3
Slc43a2,8483.7,8351.2,25506.9,29323.2
Slc43a3,416.3,419.5,240.5,196.9
Slc44a1,840.2,788.5,1984.9,2157.2
Slc44a2,3234.9,3207.7,1526.6,1618.9
Slc44a3,0.0,1.1,7.0,3.8
Slc44a4,0.0,2.3,0.9,3.8
Slc44a5,0.0,0.0,0.0,2.8
Slc45a1,0.0,0.0,2.6,2.8
Slc45a2,0.0,1.1,0.0,2.8
Slc45a3,45.2,60.6,24.4,26.6
Slc45a4,1210.3,1234.9,1912.6,2166.7
Slc46a1,171.1,130.1,196.0,209.3
Slc46a2,4.3,6.7,12.2,9.5
Slc46a3,821.9,773.9,3578.6,3853.1
Slc47a1,50.6,47.1,3.5,3.8
Slc47a2,4.3,3.4,0.0,4.8
Slc48a1,5539.3,5520.4,7317.5,7660.6
Slc4a1,0.0,0.0,7.8,6.7
Slc4a10,4.3,0.0,0.9,7.6
Slc4a11,18.3,19.1,12.2,16.2
Slc4a1ap,698.2,635.9,671.8,698.1
Slc4a2,1743.9,1925.8,1734.0,1835.7
Slc4a3,109.7,66.2,36.6,39.0
Slc4a4,0.0,1.1,39.2,19.0
Slc4a5,20.4,15.7,12.2,19.0
Slc4a7,1985.9,2178.1,5459.8,5332.2
Slc4a8,5.4,20.2,19.2,22.8
Slc4a9,0.0,0.0,2.6,6.7
Slc50a1,635.8,612.4,611.7,617.3
Slc52a2,529.3,548.5,357.2,362.4
Slc52a3,201.2,197.4,7.0,5.7
Slc5a1,1.1,1.1,0.0,5.7
Slc5a10,3.2,0.0,3.5,5.7
Slc5a11,4.3,3.4,11.3,9.5
Slc5a12,0.0,0.0,0.9,7.6
Slc5a2,83.9,89.7,142.0,149.3
Slc5a3,546.5,613.5,789.4,424.2
Slc5a4a,0.0,0.0,0.0,1.9
Slc5a4b,0.0,0.0,1.7,4.8
Slc5a5,0.0,0.0,2.6,4.8
Slc5a6,296.9,254.6,146.4,173.1
Slc5a7,0.0,0.0,2.6,7.6
Slc5a8,0.0,0.0,8.7,0.9
Slc5a9,1.1,1.1,2.6,9.5
Slc6a1,0.0,2.3,4.3,7.6
Slc6a11,0.0,1.1,2.6,7.6
Slc6a12,5822.2,5794.1,24.4,21.9
Slc6a13,234.5,208.6,13.1,20.0
Slc6a14,0.0,0.0,0.0,0.9
Slc6a15,0.0,4.5,7.0,6.7
Slc6a17,1.1,0.0,36.6,24.7
Slc6a18,0.0,2.3,3.5,8.6
Slc6a19,2.2,3.4,0.0,4.8
Slc6a2,2.2,3.4,4.3,8.6
Slc6a20a,12.9,6.7,5.2,3.8
Slc6a20b,34.4,29.2,55.8,59.0
Slc6a3,0.0,3.4,4.3,3.8
Slc6a4,782.1,767.2,27.0,24.7
Slc6a5,0.0,0.0,2.6,3.8
Slc6a6,41848.5,40802.9,28935.6,31791.4
Slc6a7,0.0,0.0,5.2,10.5
Slc6a8,2836.9,2927.3,926.2,895.0
Slc6a9,37.7,56.1,126.3,53.3
Slc7a1,933.8,873.7,615.2,370.0
Slc7a10,0.0,0.0,3.5,6.7
Slc7a11,12143.6,12046.8,439.1,305.3
Slc7a12,0.0,0.0,0.0,1.9
Slc7a13,0.0,0.0,8.7,16.2
Slc7a14,4.3,5.6,5.2,0.9
Slc7a15,102.2,114.4,68.8,62.8
Slc7a2,41012.6,40279.1,152.5,169.3
Slc7a3,17.2,10.1,19.2,7.6
Slc7a4,158.1,218.7,26.1,17.1
Slc7a5,811.2,756.0,692.7,365.2
Slc7a6,869.2,836.7,833.0,541.2
Slc7a6os,196.9,214.2,221.3,195.9
Slc7a7,728.3,622.5,1146.7,1044.4
Slc7a8,2203.2,2326.2,2733.4,3175.9
Slc7a9,0.0,0.0,0.0,1.9
Slc8a1,968.2,1028.5,4497.9,4416.2
Slc8a2,3.2,2.3,1.7,5.7
Slc8a3,2.2,0.0,14.8,4.8
Slc9a1,1543.8,1495.1,955.0,1255.5
Slc9a10,2.2,0.0,1.7,1.9
Slc9a2,9.7,18.0,2.6,4.8
Slc9a3,0.0,1.1,7.0,10.5
Slc9a3r1,4112.8,3890.7,2488.6,2860.1
Slc9a3r2,441.1,408.3,54.9,31.4
Slc9a4,248.5,265.8,17.4,13.3
Slc9a5,85.0,76.3,81.9,57.1
Slc9a6,2145.1,2227.5,1218.1,1379.2
Slc9a7,417.4,457.6,1859.4,2111.6
Slc9a8,951.0,927.6,957.6,1121.4
Slc9a9,435.7,366.8,10285.4,10244.9
Slco1a1,0.0,0.0,3.5,0.0
Slco1a4,0.0,2.3,0.0,0.0
Slco1a5,0.0,0.0,6.1,7.6
Slco1a6,0.0,1.1,0.0,0.9
Slco1b2,0.0,0.0,0.9,1.9
Slco1c1,0.0,0.0,0.9,5.7
Slco2a1,14.0,22.4,244.8,64.7
Slco2b1,1022.0,936.5,2014.5,2129.6
Slco3a1,352.9,338.7,356.4,354.8
Slco4a1,1642.7,1579.2,81.9,91.3
Slco4c1,3.2,1.1,6.1,1.9
Slco5a1,10.8,10.1,11.3,26.6
Slco6b1,0.0,0.0,1.7,0.0
Slco6c1,0.0,0.0,0.0,0.0
Slco6d1,0.0,0.0,0.0,1.9
Slfn1,79.6,101.0,272.7,378.6
Slfn10-ps,1123.1,1177.7,612.5,604.0
Slfn14-ps,3.2,4.5,2.6,2.8
Slfn2,7255.2,7172.5,7584.2,7868.9
Slfn3,312.0,315.2,272.7,285.3
Slfn4,104.4,106.6,135.9,170.3
Slfn5,2952.0,2876.8,10435.2,11316.9
Slfn8,843.4,778.4,3877.5,4397.2
Slfn9,355.0,380.2,680.5,727.6
Slfnl1,0.0,0.0,10.4,8.6
Slit1,10.8,5.6,158.6,229.2
Slit2,1.1,2.3,501.9,180.7
Slit3,3.2,0.0,14.8,20.0
Slitrk1,0.0,2.3,2.6,1.9
Slitrk2,0.0,0.0,1.7,3.8
Slitrk3,0.0,0.0,3.5,1.9
Slitrk4,0.0,0.0,0.0,3.8
Slitrk5,2.2,2.3,3.5,1.9
Slitrk6,0.0,0.0,25.3,10.5
Slk,6277.3,6445.7,5994.0,5624.2
Slmap,1998.8,2159.0,2424.1,1800.5
Slmo1,6.5,0.0,21.8,28.5
Slmo2,1369.5,1370.6,764.2,837.0
Sln,0.0,0.0,0.0,0.9
Slpi,2557.2,2581.9,142.9,102.7
Sltm,1655.7,1624.0,1251.2,1286.0
Slu7,295.9,314.1,420.8,493.6
Slurp1,0.0,0.0,0.0,0.0
Slx,0.0,0.0,0.0,0.9
Slx1b,441.1,447.5,345.0,445.1
Slx4,1023.1,955.6,792.0,785.7
Slxl1,1.1,0.0,0.0,0.0
Sly,0.0,0.0,0.0,0.0
Smad1,387.3,364.5,1086.6,1174.7
Smad2,2542.1,2322.8,2477.2,2356.0
Smad3,57.0,81.9,1219.9,1030.1
Smad4,1279.1,1269.6,1471.7,1516.1
Smad5,1208.1,1227.0,2039.8,2086.8
Smad6,36.6,34.8,206.5,157.9
Smad7,179.7,148.1,366.8,229.2
Smad9,0.0,10.1,83.6,29.5
Smagp,21.5,23.6,1042.1,1412.5
Smap1,1471.7,1375.1,1333.1,1244.1
Smap2,2520.6,2293.6,2640.2,2978.1
Smarca1,0.0,0.0,12.2,2.8
Smarca2,1976.2,1979.6,2203.6,2476.8
Smarca4,4834.6,4657.9,4402.9,4804.3
Smarca5,1052.1,1063.3,928.0,695.3
Smarca5-ps,447.5,400.4,385.1,319.6
Smarcad1,1224.3,1101.4,1354.1,1228.9
Smarcal1,1228.6,1239.3,1023.8,1057.7
Smarcb1,530.4,458.7,490.6,507.9
Smarcc1,1278.1,1172.1,1543.1,1489.5
Smarcc2,4414.0,4190.2,3945.4,4744.4
Smarcd1,457.2,482.3,524.5,493.6
Smarcd2,1906.3,1880.9,2519.9,2653.7
Smarcd3,35.5,37.0,113.3,66.6
Smarce1,663.8,612.4,704.9,705.8
Smc1a,3257.5,3257.1,3308.5,3096.0
Smc1b,3.2,4.5,6.1,6.7
Smc2,274.3,278.2,371.2,377.6
Smc3,1221.0,1307.8,1526.6,1413.4
Smc4,2335.6,2371.0,2254.2,1979.4
Smc5,1866.5,2082.8,1950.9,1898.5
Smc6,2450.7,2392.3,1943.1,1593.2
Smchd1,1649.2,1714.9,3186.5,3044.6
Smcp,0.0,0.0,1.7,1.9
Smcr7,381.9,376.9,330.2,265.4
Smcr7l,2782.0,2688.4,1510.0,1545.6
Smcr8,6541.9,6561.2,5355.3,5852.5
Smek1,2877.8,2965.5,3027.9,2745.0
Smek2,3456.5,3571.1,2935.6,2689.9
Smg1,12571.8,12696.2,11839.0,11422.4
Smg5,2151.6,2062.6,1521.4,1417.2
Smg6,820.8,807.5,1178.0,1216.5
Smg7,2591.6,2586.4,2445.0,2389.3
Smgc,0.0,2.3,4.3,0.0
Smn1,475.5,392.6,426.9,421.4
Smndc1,770.3,832.2,784.2,696.2
Smo,0.0,2.3,384.3,144.6
Smoc1,110.8,121.1,361.6,151.2
Smoc2,0.0,0.0,114.1,72.3
Smok2a,0.0,6.7,1.7,0.0
Smok2b,2.2,2.3,0.0,3.8
Smok3a,3.2,2.3,2.6,11.4
Smok3b,3.2,0.0,2.6,9.5
Smok4a,3.2,2.3,1.7,4.8
Smox,901.5,764.9,1104.0,1294.5
Smpd1,1179.1,1144.0,936.7,862.7
Smpd2,550.8,577.6,359.0,450.8
Smpd3,6.5,14.6,207.4,267.3
Smpd4,762.7,778.4,870.5,860.8
Smpdl3a,14397.4,13582.3,7064.9,7601.6
Smpdl3b,468.0,514.8,134.2,140.8
Smpx,0.0,0.0,0.0,0.0
Smr2,0.0,0.0,0.0,0.0
Smr3a,0.0,0.0,0.0,0.0
Sms,469.1,465.5,484.5,442.3
Smtn,22.6,12.3,98.5,62.8
Smtnl1,0.0,0.0,1.7,1.9
Smtnl2,6.5,2.3,1.7,2.8
Smu1,2104.3,2048.0,2444.1,2152.5
Smug1,426.0,390.3,359.0,372.8
Smurf1,2569.0,2597.6,1133.6,1105.2
Smurf2,549.7,649.4,1395.9,1071.9
Smyd1,6.5,6.7,3.5,2.8
Smyd2,683.1,678.6,518.4,517.4
Smyd3,447.5,503.6,319.8,383.3
Smyd4,154.9,189.6,149.9,187.4
Smyd5,575.6,573.1,525.4,456.6
Snai1,0.0,0.0,81.0,21.9
Snai2,0.0,0.0,343.3,159.8
Snai3,4.3,4.5,5.2,1.9
Snap23,4639.9,4591.7,4538.8,4474.2
Snap25,0.0,0.0,1.7,4.8
Snap29,1157.6,1176.5,686.6,634.4
Snap47,571.3,556.3,521.1,595.4
Snap91,0.0,0.0,1.7,8.6
Snapc1,457.2,435.2,494.0,337.7
Snapc2,309.8,366.8,397.3,409.0
Snapc3,361.5,366.8,398.2,338.6
Snapc4,575.6,551.8,474.9,393.8
Snapc5,734.8,659.5,718.8,749.5
Snapin,1660.0,1559.0,1303.5,1172.8
Snca,21.5,34.8,22.6,7.6
Sncaip,2.2,0.0,40.1,41.8
Sncb,0.0,0.0,0.0,0.9
Sncg,1.1,0.0,13.9,4.8
Snd1,8503.1,8659.7,5301.3,5924.7
Sned1,58.1,42.6,40.1,30.4
Snf8,430.3,519.3,326.7,337.7
Snhg1,313.1,298.3,286.7,176.0
Snhg10,23.7,23.6,36.6,32.3
Snhg11,184.0,171.6,7.0,9.5
Snhg12,202.3,214.2,255.3,236.8
Snhg3,288.3,316.3,277.9,197.8
Snhg4,91.4,107.7,108.0,86.6
Snhg5,271.1,266.9,285.8,230.2
Snhg6,130.2,98.7,125.5,124.6
Snhg7,71.0,86.4,113.3,92.3
Snhg8,608.9,683.0,748.5,767.6
Snhg9,9.7,7.9,13.1,13.3
Snip1,634.7,729.0,589.9,541.2
Snn,224.8,249.0,303.2,183.6
Snora15,630.4,788.5,675.3,318.6
Snora16a,94.7,115.5,94.1,79.9
Snora17,76.4,134.6,72.3,111.3
Snora19,9.7,9.0,7.0,5.7
Snora20,3.2,3.4,3.5,0.9
Snora21,394.8,480.0,331.1,266.3
Snora23,1568.5,1753.0,1590.2,2052.6
Snora24,201.2,314.1,209.1,212.1
Snora26,236.7,343.2,208.2,157.9
Snora28,55.9,53.8,47.9,48.5
Snora2b,5.4,6.7,5.2,12.4
Snora3,33.4,29.2,41.8,43.7
Snora30,3.2,18.0,4.3,8.6
Snora31,164.6,199.6,88.0,73.2
Snora33,65.6,80.8,54.0,50.4
Snora34,97.9,104.3,94.1,77.0
Snora35,0.0,0.0,0.0,0.0
Snora36b,0.0,2.3,4.3,3.8
Snora41,23.7,29.2,20.9,15.2
Snora43,293.7,302.8,259.6,252.1
Snora44,102.2,120.0,152.5,355.7
Snora47,4.3,7.9,10.4,9.5
Snora52,94.7,121.1,104.6,97.0
Snora5c,258.2,260.2,157.7,122.7
Snora61,79.6,98.7,54.9,39.0
Snora62,19.4,16.8,20.9,18.1
Snora64,1139.3,1363.8,824.3,807.5
Snora65,71.0,67.3,74.1,75.1
Snora68,111.9,123.4,101.9,94.2
Snora69,24.7,41.5,37.5,45.7
Snora70,332.4,418.4,296.2,213.1
Snora74a,2462.5,2644.7,2729.9,3402.3
Snora75,4.3,6.7,13.9,9.5
Snora78,166.8,222.1,183.8,145.5
Snora7a,61.3,111.0,68.0,78.9
Snora81,2092.4,2431.6,2019.8,1684.5
Snord100,22.6,29.2,31.4,21.9
Snord104,58.1,47.1,55.8,62.8
Snord11,1.1,0.0,0.0,0.9
Snord110,0.0,1.1,1.7,3.8
Snord111,5.4,2.3,7.0,9.5
Snord116,0.0,0.0,2.6,0.9
Snord116l1,0.0,0.0,2.6,0.9
Snord116l2,0.0,0.0,2.6,0.9
Snord12,19.4,11.2,20.0,5.7
Snord123,0.0,0.0,0.9,0.0
Snord15a,2921.9,3189.8,2959.9,3896.9
Snord15b,5652.2,7110.8,6112.5,9063.6
Snord16a,16.1,15.7,14.8,13.3
Snord17,11723.0,12256.6,15809.7,19043.1
Snord19,6.5,9.0,9.6,4.8
Snord1a,3.2,1.1,4.3,1.9
Snord1b,8.6,5.6,5.2,3.8
Snord1c,2.2,5.6,3.5,0.9
Snord2,32.3,47.1,30.5,27.6
Snord22,7460.7,7901.5,6996.0,6481.2
Snord23,4.3,4.5,4.3,3.8
Snord32a,12.9,14.6,7.8,11.4
Snord33,5.4,4.5,9.6,10.5
Snord34,4.3,7.9,2.6,1.9
Snord35a,6.5,6.7,9.6,7.6
Snord35b,4.3,9.0,8.7,11.4
Snord37,8.6,5.6,10.4,7.6
Snord38a,1.1,0.0,1.7,2.8
Snord42a,5.4,2.3,3.5,0.9
Snord42b,3.2,6.7,4.3,0.9
Snord43,12.9,18.0,19.2,19.0
Snord45b,7.5,5.6,5.2,4.8
Snord45c,8.6,5.6,12.2,5.7
Snord47,10.8,9.0,12.2,11.4
Snord49a,9.7,10.1,15.7,20.0
Snord49b,11.8,9.0,13.9,25.7
Snord4a,7.5,5.6,6.1,8.6
Snord52,2.2,5.6,3.5,1.9
Snord53,5.4,7.9,5.2,6.7
Snord55,5.4,6.7,7.0,4.8
Snord57,6.5,3.4,3.5,5.7
Snord58b,0.0,1.1,0.0,1.9
Snord58b,0.0,1.1,0.0,2.8
Snord58b,0.0,1.1,6.1,1.9
Snord58b,0.0,1.1,6.1,2.8
Snord58b,0.0,3.4,0.0,1.9
Snord58b,0.0,3.4,0.0,2.8
Snord58b,0.0,3.4,6.1,1.9
Snord58b,0.0,3.4,6.1,2.8
Snord58b,4.3,1.1,0.0,1.9
Snord58b,4.3,1.1,0.0,2.8
Snord58b,4.3,1.1,6.1,1.9
Snord58b,4.3,1.1,6.1,2.8
Snord58b,4.3,3.4,0.0,1.9
Snord58b,4.3,3.4,0.0,2.8
Snord58b,4.3,3.4,6.1,1.9
Snord58b,4.3,3.4,6.1,2.8
Snord61,2.2,2.3,2.6,0.9
Snord64,0.0,0.0,0.0,0.0
Snord65,7.5,10.1,12.2,9.5
Snord66,5.4,4.5,7.0,3.8
Snord67,1.1,0.0,0.9,0.0
Snord68,5.4,3.4,6.1,2.8
Snord69,5.4,6.7,3.5,7.6
Snord7,1.1,5.6,0.9,13.3
Snord70,1.1,0.0,2.6,1.9
Snord71,8.6,3.4,4.3,5.7
Snord72,7.5,7.9,8.7,10.5
Snord73a,4.3,2.3,3.5,5.7
Snord8,11.8,15.7,17.4,15.2
Snord82,4.3,1.1,0.9,1.9
Snord83b,12.9,16.8,16.5,20.9
Snord85,1.1,1.1,5.2,0.9
Snord87,6.5,12.3,10.4,5.7
Snord88a,9.7,14.6,3.5,2.8
Snord88c,21.5,11.2,5.2,0.9
Snord89,26.9,12.3,12.2,20.0
Snord90,1.1,1.1,0.0,0.9
Snord91a,2.2,1.1,0.9,2.8
Snord92,1.1,0.0,3.5,0.0
Snord93,3.2,2.3,1.7,0.9
Snord95,9.7,9.0,9.6,5.7
Snord96a,44.1,40.4,34.0,50.4
Snord99,8.6,11.2,4.3,2.8
Snph,9.7,6.7,1.7,7.6
Snrk,1589.0,1631.9,1793.2,1907.1
Snrnp200,6021.2,6161.9,6684.1,7271.6
Snrnp25,348.6,374.6,205.6,249.2
Snrnp27,761.7,702.1,590.8,547.9
Snrnp35,402.4,358.9,191.7,225.4
Snrnp40,598.1,604.5,633.5,669.6
Snrnp48,436.8,416.1,448.7,468.0
Snrnp70,2589.4,2538.1,3039.2,3328.1
Snrpa,793.9,779.5,800.8,885.5
Snrpa1,456.1,486.8,431.3,384.3
Snrpb,3000.4,3175.2,3031.4,3208.2
Snrpb2,965.0,889.4,1437.7,1414.4
Snrpc,151.7,170.5,210.0,142.7
Snrpd1,334.6,348.8,383.4,301.5
Snrpd2,537.9,429.6,486.2,458.5
Snrpd3,591.7,581.0,707.5,624.0
Snrpe,210.9,251.2,242.2,195.0
Snrpf,142.0,138.0,129.8,137.0
Snrpg,159.2,132.4,127.2,188.3
Snrpn,0.0,0.0,13.9,6.7
Snta1,144.2,72.9,686.6,563.1
Sntb1,146.3,114.4,33.1,31.4
Sntb2,1748.2,1782.2,1309.6,1265.0
Sntg1,0.0,0.0,6.1,3.8
Sntg2,0.0,0.0,0.9,0.0
Sntn,0.0,0.0,0.0,2.8
Snupn,147.4,154.8,138.5,110.3
Snurf,0.0,0.0,13.9,5.7
Snw1,2450.7,2447.3,3087.2,2846.8
Snx1,6825.9,6899.9,3562.0,3646.7
Snx10,1383.5,1415.4,1599.8,1563.7
Snx11,579.9,576.5,787.7,689.6
Snx12,2605.6,2581.9,1382.8,1415.3
Snx13,3051.0,2930.7,3596.9,3356.6
Snx14,1918.2,1837.1,1453.4,1433.4
Snx15,515.3,514.8,351.1,387.1
Snx16,322.7,317.4,437.4,373.8
Snx17,2366.8,2397.9,2465.0,2316.1
Snx18,2536.7,2550.5,2862.4,2424.5
Snx19,1974.1,2083.9,1802.8,1750.1
Snx2,5764.1,5844.5,6416.6,6365.1
Snx20,1640.6,1602.7,1209.4,1317.3
Snx21,302.3,293.9,279.7,300.6
Snx22,5389.7,5032.5,3073.2,3188.3
Snx24,1028.5,978.0,1146.7,1098.6
Snx25,1838.5,1796.8,573.3,539.3
Snx27,4269.8,4193.6,3201.3,3405.1
Snx29,782.1,816.5,1266.9,1427.7
Snx3,4076.2,4172.3,4954.5,5460.6
Snx30,3563.0,3589.0,4246.1,4246.0
Snx31,0.0,0.0,1.7,2.8
Snx32,462.6,476.7,318.9,349.1
Snx33,734.8,778.4,665.7,781.8
Snx4,795.0,727.9,726.7,672.5
Snx5,18439.1,18319.8,18231.2,17749.5
Snx6,2263.5,2261.1,2513.8,2094.4
Snx7,2248.4,2280.2,784.2,435.6
Snx8,1694.4,1638.6,3303.3,3702.8
Snx9,2356.0,2403.5,3244.0,3224.4
Soat1,34546.0,35066.0,14997.6,15334.5
Soat2,127.0,105.4,23.5,23.8
Sobp,370.1,354.4,10.4,6.7
Socs1,78.5,87.5,34.0,46.6
Socs2,1492.1,1461.4,89.7,66.6
Socs3,899.4,907.4,480.1,343.4
Socs4,841.3,860.3,670.1,618.2
Socs5,578.8,615.8,1622.4,1473.3
Socs6,3699.7,3830.2,1775.8,1851.9
Socs7,1269.4,1399.7,1099.6,1242.2
Sod1,638.0,688.7,1541.4,2063.1
Sod2,3461.9,3451.1,2472.9,2466.3
Sod3,0.0,0.0,153.3,58.0
Sohlh1,0.0,0.0,0.9,2.8
Sohlh2,0.0,0.0,1.7,5.7
Solh,2330.2,2270.1,393.8,451.8
Son,22989.8,22511.1,22672.4,22107.7
Sorbs1,14.0,6.7,595.1,229.2
Sorbs2,4.3,0.0,336.3,127.5
Sorbs3,710.0,671.8,586.4,545.0
Sorcs1,0.0,0.0,7.8,7.6
Sorcs2,7.5,6.7,67.1,22.8
Sorcs3,0.0,3.4,0.9,8.6
Sord,1384.6,1469.3,1119.7,1126.2
Sorl1,1272.7,1296.5,2695.1,3342.4
Sort1,14304.9,14624.2,4844.7,5062.0
Sos1,653.0,775.0,724.1,686.7
Sos2,2357.1,2271.2,2707.3,2582.4
Sost,0.0,0.0,1.7,5.7
Sostdc1,0.0,0.0,0.0,1.9
Sowaha,0.0,0.0,1.7,8.6
Sowahb,0.0,0.0,2.6,3.8
Sowahc,6289.1,6172.0,842.6,935.9
Sowahd,0.0,0.0,0.0,0.0
Sox1,0.0,0.0,1.7,6.7
Sox10,3.2,0.0,10.4,15.2
Sox11,0.0,0.0,100.2,39.9
Sox12,11.8,6.7,40.1,22.8
Sox13,3.2,2.3,13.1,9.5
Sox14,0.0,0.0,0.0,0.9
Sox15,4.3,5.6,12.2,13.3
Sox17,1.1,0.0,3.5,4.8
Sox18,0.0,0.0,0.0,3.8
Sox2,0.0,2.3,3.5,1.9
Sox21,0.0,0.0,1.7,1.9
Sox2ot,0.0,0.0,1.7,0.0
Sox3,0.0,2.3,1.7,0.0
Sox30,0.0,0.0,3.5,1.9
Sox4,121.6,121.1,412.1,238.7
Sox5,2.2,2.3,26.1,12.4
Sox6,0.0,0.0,12.2,14.3
Sox7,184.0,214.2,2.6,6.7
Sox8,0.0,0.0,5.2,12.4
Sox9,0.0,0.0,18.3,20.9
Sp1,3418.9,3321.0,4042.2,4230.7
Sp100,1210.3,1111.5,2705.5,3073.2
Sp110,567.0,523.8,928.8,1113.8
Sp140,456.1,471.1,436.5,528.8
Sp2,164.6,145.8,253.6,286.3
Sp3,3943.9,3504.9,3655.3,3830.3
Sp4,438.9,418.4,481.0,506.0
Sp5,0.0,0.0,3.5,1.9
Sp6,4.3,4.5,28.7,19.0
Sp7,0.0,0.0,353.8,125.5
Sp8,0.0,2.3,3.5,1.9
Sp9,0.0,0.0,2.6,1.9
Spa17,21.5,23.6,12.2,4.8
Spaca1,2.2,2.3,5.2,3.8
Spaca3,0.0,0.0,1.7,0.9
Spaca4,0.0,3.4,0.9,1.9
Spaca5,1.1,0.0,0.9,1.9
Spaca7,0.0,0.0,0.0,0.0
Spag1,82.8,72.9,74.9,59.9
Spag11a,0.0,0.0,0.0,0.0
Spag11b,4.3,7.9,0.0,0.0
Spag16,0.0,1.1,0.9,0.9
Spag17,105.4,109.9,115.0,138.9
Spag4,5.4,2.3,14.8,3.8
Spag5,180.7,223.2,212.6,174.1
Spag6,0.0,0.0,0.9,2.8
Spag7,780.0,801.9,960.2,1084.3
Spag8,0.0,2.3,6.1,6.7
Spag9,10010.3,9868.7,7212.1,6657.1
Spam1,0.0,0.0,1.7,1.9
Sparc,16.1,4.5,13327.2,4400.0
Sparcl1,0.0,0.0,2.6,5.7
Spast,1843.9,1745.2,1795.0,1574.2
Spata1,99.0,117.8,122.0,94.2
Spata13,346.4,388.1,518.4,448.0
Spata16,0.0,0.0,0.9,0.0
Spata17,2.2,0.0,1.7,2.8
Spata18,0.0,0.0,0.0,1.9
Spata19,0.0,0.0,0.9,0.0
Spata2,932.7,987.0,767.6,859.8
Spata20,0.0,2.3,1.7,1.9
Spata21,4.3,5.6,13.1,8.6
Spata22,0.0,0.0,0.0,3.8
Spata24,20.4,19.1,54.9,26.6
Spata2l,282.9,305.1,271.0,296.8
Spata3,0.0,2.3,0.0,0.9
Spata4,0.0,0.0,1.7,0.0
Spata5,401.3,440.8,451.3,378.6
Spata5l1,101.1,135.7,110.6,123.6
Spata6,1072.6,1162.0,1043.9,955.9
Spata7,61.3,71.8,108.0,104.6
Spata9,4.3,4.5,10.4,5.7
Spatc1,3.2,4.5,4.3,10.5
Spats1,3.2,5.6,6.1,7.6
Spats2,209.8,259.1,273.6,154.1
Spats2l,4.3,2.3,27.0,12.4
Spc24,36.6,25.8,58.4,55.2
Spc25,161.4,171.6,154.2,106.5
Spcs1,2203.2,2350.8,1789.7,1625.5
Spcs2,2723.9,2688.4,1573.6,1405.8
Spcs3,5413.4,5523.8,3003.5,2604.3
Spdef,0.0,0.0,0.0,1.9
Spdya,51.6,78.5,69.7,50.4
Spdyb,0.0,0.0,0.0,0.9
Specc1,2022.5,2005.4,3172.6,3171.2
Specc1l,2357.1,2319.4,4583.3,4715.8
Speer1-ps1,0.0,0.0,0.0,0.9
Speer2,0.0,0.0,0.0,0.0
Speer3,0.0,0.0,0.0,0.0
Speer4a,0.0,0.0,1.7,0.9
Speer4b,0.0,0.0,1.7,2.8
Speer4d,1.1,0.0,3.5,7.6
Speer4e,0.0,2.3,1.7,3.8
Speer4f,0.0,0.0,0.0,0.0
Speer5-ps1,0.0,1.1,1.7,3.8
Speer6-ps1,0.0,0.0,0.0,0.0
Speer7-ps1,0.0,2.3,3.5,3.8
Speer8-ps1,2.2,1.1,5.2,9.5
Speer9-ps1,0.0,0.0,0.0,0.9
Spef1,143.1,180.6,65.3,61.8
Spef2,75.3,59.5,37.5,27.6
Speg,2153.7,2089.5,442.6,426.1
Spem1,0.0,0.0,1.7,0.9
Spen,654.1,652.8,879.2,1014.9
Spert,0.0,0.0,0.0,0.0
Spesp1,0.0,0.0,0.9,0.0
Spg11,3240.3,3262.7,2634.9,2779.3
Spg20,780.0,816.5,1192.9,1162.3
Spg21,4963.7,4831.7,3175.2,3267.2
Spg7,1317.9,1372.8,1291.3,1295.5
Sphk1,414.2,385.8,58.4,34.2
Sphk2,2225.8,2215.1,2621.9,2965.7
Sphkap,0.0,0.0,1.7,4.8
Spib,35.5,29.2,80.2,69.4
Spic,3.2,1.1,210.9,202.6
Spice1,357.2,349.9,368.6,410.9
Spin1,2711.0,2578.5,2519.0,2388.3
Spin2,4.3,0.0,4.3,7.6
Spin4,32.3,39.3,22.6,25.7
Spink10,4.3,2.3,2.6,3.8
Spink11,0.0,0.0,0.9,0.0
Spink12,0.0,0.0,0.0,1.9
Spink13,0.0,0.0,0.0,0.9
Spink14,1.1,0.0,0.0,0.0
Spink2,88.2,48.2,3.5,1.9
Spink3,0.0,0.0,0.0,0.0
Spink4,1.1,1.1,0.0,2.8
Spink5,0.0,0.0,0.0,2.8
Spink6,0.0,0.0,0.0,0.0
Spink7,0.0,0.0,0.0,0.0
Spink8,0.0,1.1,0.9,0.9
Spinkl,0.0,0.0,0.0,0.0
Spinlw1,0.0,0.0,0.0,0.9
Spint1,4100.9,4136.4,46.2,29.5
Spint2,58.1,63.9,7.8,21.9
Spint3,0.0,0.0,0.0,0.9
Spint4,0.0,0.0,0.0,1.9
Spire1,698.2,736.9,905.3,652.5
Spire2,0.0,0.0,13.9,11.4
Spn,1145.7,1155.2,542.8,603.0
Spn-ps,0.0,0.0,0.9,1.9
Spna1,2.2,2.3,7.0,4.8
Spna2,16632.9,17070.4,11247.3,11761.0
Spnb1,49.5,33.7,132.4,132.2
Spnb2,4624.9,4570.4,3475.8,3490.7
Spnb3,22.6,37.0,43.6,46.6
Spnb4,19.4,19.1,27.0,39.9
Spns1,2808.9,2579.6,1119.7,1286.9
Spns2,20.4,28.0,49.7,21.9
Spns3,2.2,3.4,28.7,32.3
Spo11,2.2,0.0,1.7,3.8
Spock1,0.0,0.0,3.5,7.6
Spock2,2.2,0.0,4.3,20.9
Spock3,0.0,0.0,0.9,0.0
Spon1,59.2,52.7,34.8,18.1
Spon2,2.2,2.3,11.3,10.5
Spop,2858.4,2921.7,3183.9,3011.4
Spopl,676.7,729.0,797.3,646.8
Spp1,188740.9,192050.4,25753.5,11354.9
Spp2,0.0,0.0,0.0,0.0
Sppl3,730.5,763.8,975.0,940.7
Spr,174.3,169.4,216.1,181.7
Spred1,920.9,1001.6,2829.2,2511.0
Spred2,95.8,108.8,162.1,126.5
Spred3,61.3,49.4,138.5,139.8
Sprn,2.2,0.0,7.0,4.8
Sprr1a,0.0,0.0,0.0,0.0
Sprr1b,0.0,0.0,0.0,0.0
Sprr2a1,8.6,4.5,5.2,33.3
Sprr2a2,8.6,4.5,5.2,33.3
Sprr2b,0.0,0.0,0.0,0.0
Sprr2d,0.0,0.0,0.9,0.0
Sprr2e,0.0,0.0,0.0,1.9
Sprr2f,0.0,0.0,0.0,0.0
Sprr2g,0.0,0.0,0.0,0.0
Sprr2h,0.0,0.0,1.7,0.0
Sprr2i,0.0,0.0,0.0,0.0
Sprr2j-ps,0.0,0.0,0.0,0.0
Sprr2k,0.0,0.0,0.0,0.9
Sprr3,0.0,0.0,0.0,0.0
Sprr4,0.0,0.0,0.0,0.0
Spry1,32.3,50.5,56.6,31.4
Spry2,109.7,90.9,191.7,155.0
Spry3,110.8,90.9,12.2,22.8
Spry4,4.3,2.3,172.5,66.6
Spryd3,1225.3,1184.4,858.3,809.4
Spryd4,302.3,324.1,189.1,140.8
Spsb1,76.4,74.0,133.3,79.9
Spsb2,736.9,785.1,579.4,630.6
Spsb3,858.5,784.0,642.2,690.5
Spsb4,831.6,819.9,7.8,7.6
Spt1,0.0,0.0,1.7,0.9
Sptlc1,1894.5,1722.7,1429.9,1471.4
Sptlc2,7192.8,6892.1,3719.8,3966.3
Sptlc3,0.0,1.1,0.9,3.8
Spty2d1,2163.4,2123.1,1781.0,1743.5
Spz1,2.2,0.0,0.0,5.7
Sqle,4000.9,3983.8,1292.2,919.8
Sqrdl,1214.6,1186.6,1451.7,1488.6
Sqstm1,14909.5,14709.4,11000.7,12051.1
Sra1,1209.2,1163.1,880.9,732.4
Srbd1,440.0,385.8,485.3,399.5
Src,1277.0,1312.3,357.2,197.8
Srcin1,14.0,2.3,7.8,31.4
Srcrb4d,162.5,146.9,105.4,124.6
Srd5a1,53.8,63.9,50.5,46.6
Srd5a2,0.0,0.0,0.9,1.9
Srd5a3,1785.8,1709.3,1424.6,1311.6
Srebf1,2550.7,2697.4,1483.9,1564.6
Srebf2,4099.9,4059.0,2871.9,3064.6
Srek1,1331.8,1216.9,1543.1,1417.2
Srek1ip1,795.0,687.5,657.0,634.4
Srf,996.2,955.6,1193.7,1155.7
Srfbp1,512.1,577.6,484.5,467.0
Srgap1,21.5,15.7,40.1,20.0
Srgap2,1202.7,1268.5,3856.6,4397.2
Srgap3,24.7,34.8,190.8,152.2
Srgn,3621.1,3690.0,1402.9,1422.0
Sri,3162.8,3056.3,2654.1,2684.2
Srl,54.9,53.8,95.8,80.8
Srm,276.5,289.4,299.7,226.4
Srms,3.2,0.0,0.0,4.8
Srp14,2314.0,2364.3,1581.5,1722.5
Srp19,909.1,907.4,589.9,516.5
Srp54a,4207.4,3856.0,5438.9,4718.7
Srp54b,1958.0,1809.1,2433.7,2171.5
Srp54c,3288.7,3295.2,3887.9,3549.7
Srp68,2434.5,2218.5,2351.8,2090.6
Srp72,4904.6,4374.1,4119.7,3980.6
Srp9,1602.9,1611.7,1117.9,1089.1
Srpk1,1685.8,1712.7,1121.4,1081.5
Srpk2,1843.9,1850.6,1551.9,1494.3
Srpk3,33.4,32.5,62.7,73.2
Srpr,2348.5,2335.1,1872.5,1736.8
Srprb,1673.9,1622.9,1190.2,1237.5
Srpx,0.0,1.1,115.9,32.3
Srpx2,12.9,9.0,530.6,215.9
Srr,715.4,806.4,681.4,657.2
Srrd,248.5,263.6,413.0,399.5
Srrm1,1308.2,1333.6,1413.3,1500.0
Srrm2,14910.5,15118.8,12507.3,13025.1
Srrm3,0.0,1.1,1.7,4.8
Srrm4,2.2,0.0,3.5,10.5
Srrt,963.9,1004.9,933.2,1033.0
Srsf1,4456.0,4410.0,4251.3,4097.6
Srsf10,2010.7,2137.7,2050.3,1676.9
Srsf11,3472.7,3293.0,3847.0,3850.3
Srsf12,1.1,2.3,0.0,1.9
Srsf2,5400.5,5476.7,5384.0,4898.5
Srsf3,2796.0,2811.8,2543.4,2031.7
Srsf4,806.9,896.1,811.2,927.4
Srsf5,2399.0,2478.7,2416.2,2457.8
Srsf6,3818.0,3960.3,3842.6,3323.3
Srsf7,1391.0,1393.0,1524.0,1383.9
Srsf9,1180.2,1095.8,1557.1,1453.4
Srxn1,3351.1,3410.7,2655.0,2282.8
Sry,0.0,0.0,1.7,2.8
Ss18,2419.5,2403.5,1425.5,1500.0
Ss18l1,208.7,226.6,264.9,281.5
Ssb,3222.0,2947.5,3565.5,2980.0
Ssbp1,291.5,274.8,192.6,215.0
Ssbp2,64.6,55.0,315.4,345.3
Ssbp3,337.8,308.4,536.7,473.7
Ssbp4,1457.7,1459.2,1395.9,1354.4
Ssfa2,1465.2,1693.6,1385.4,1561.8
Ssh1,966.1,938.8,886.1,954.0
Ssh2,1946.1,2007.6,6732.0,7081.4
Ssh3,1912.8,1904.4,1831.6,2177.2
Ssna1,924.1,943.3,573.3,616.3
Sspn,4.3,2.3,76.7,27.6
Sspo,3.2,3.4,20.0,28.5
Ssr1,9232.5,8613.7,5778.8,4788.1
Ssr2,2472.2,2454.0,1559.7,1468.6
Ssr3,12756.8,12565.0,9176.1,8073.4
Ssr4,4105.2,3633.9,1995.4,1926.1
Ssrp1,3475.9,3602.5,3473.2,3103.6
Sssca1,164.6,145.8,161.2,176.9
Sst,0.0,0.0,0.0,1.9
Sstr1,2.2,0.0,1.7,1.9
Sstr2,0.0,5.6,5.2,3.8
Sstr3,0.0,0.0,4.3,6.7
Sstr4,4.3,6.7,10.4,19.0
Sstr5,11.8,25.8,0.0,3.8
Ssty1,0.0,0.0,0.0,0.0
Ssty2,0.0,0.0,0.0,0.0
Ssu72,3018.7,3041.7,2322.1,2245.7
Ssx2ip,274.3,300.6,221.3,211.2
Ssx9,0.0,0.0,0.0,0.0
Ssxb1,0.0,0.0,0.0,0.0
Ssxb10,0.0,0.0,0.9,0.0
Ssxb2,0.0,0.0,1.7,0.9
Ssxb3,0.0,0.0,0.9,0.9
Ssxb5,0.0,0.0,0.0,0.0
Ssxb6,0.0,0.0,0.0,0.0
Ssxb8,0.0,0.0,0.0,0.0
Ssxb9,0.0,0.0,0.0,0.0
St13,4611.9,4558.1,4008.2,3613.4
St14,270.0,232.2,20.9,31.4
St18,540.1,586.6,644.8,667.7
St3gal1,4127.8,4129.6,2741.2,2989.5
St3gal2,977.9,1085.7,1018.6,840.8
St3gal3,461.5,342.1,330.2,341.5
St3gal4,164.6,158.2,217.0,195.9
St3gal5,1263.0,1214.7,1383.7,1768.2
St3gal6,6.5,4.5,94.1,59.0
St5,61.3,89.7,271.8,118.9
St6gal1,2982.1,2940.8,7599.0,8355.0
St6gal2,0.0,0.0,0.0,0.0
St6galnac1,0.0,0.0,2.6,6.7
St6galnac2,21.5,15.7,44.4,20.0
St6galnac3,0.0,2.3,11.3,9.5
St6galnac4,2378.6,2519.1,1318.3,1452.4
St6galnac5,0.0,0.0,2.6,3.8
St6galnac6,881.1,872.6,533.3,661.0
St7,799.3,641.6,210.9,174.1
St7l,916.6,817.6,741.5,662.0
St8sia1,14.0,18.0,27.9,32.3
St8sia2,1.1,2.3,2.6,3.8
St8sia3,0.0,1.1,9.6,1.9
St8sia4,5178.9,5150.3,7885.7,8285.5
St8sia5,2.2,1.1,3.5,1.9
St8sia6,20.4,15.7,33.1,42.8
Stab1,1429.7,1215.8,60824.3,75415.3
Stab2,23.7,12.3,318.0,376.7
Stac,2.2,0.0,6.1,7.6
Stac2,513.2,495.7,15.7,18.1
Stac3,6.5,4.5,5.2,12.4
Stag1,2264.6,2327.3,3200.4,2844.0
Stag2,6790.4,6894.3,8362.3,8083.9
Stag3,15.1,6.7,28.7,34.2
Stam,1199.5,1301.0,1016.8,996.8
Stam2,1487.8,1435.6,1598.0,1420.1
Stambp,732.6,782.9,675.3,654.4
Stambpl1,600.3,579.9,492.3,507.9
Stap1,529.3,467.7,1397.6,1386.8
Stap2,115.1,103.2,4.3,3.8
Star,106.5,158.2,171.6,201.6
Stard10,38.7,67.3,30.5,31.4
Stard13,25.8,16.8,400.8,132.2
Stard3,1721.3,1683.5,1902.1,2197.2
Stard3nl,1247.9,1347.0,1713.1,1579.9
Stard4,1889.1,1817.0,916.6,890.3
Stard5,1906.3,2087.3,1740.9,1782.5
Stard6,20.4,23.6,8.7,21.9
Stard7,2211.8,2248.8,1747.9,1645.5
Stard8,1466.3,1424.4,3343.3,3802.7
Stat1,4000.9,3752.8,7344.6,8281.7
Stat2,1997.8,2035.7,2913.8,3708.6
Stat3,4060.1,4007.4,4149.3,4168.9
Stat4,29.1,11.2,84.5,56.1
Stat5a,1518.0,1431.1,905.3,1144.2
Stat5b,3228.5,3047.3,3191.7,3506.0
Stat6,9058.2,8760.6,6952.5,7471.3
Stau1,1168.3,1220.3,1494.3,1550.4
Stau2,361.5,400.4,284.9,315.8
Stbd1,52.7,69.5,76.7,57.1
Stc1,0.0,2.3,52.3,19.0
Stc2,90.4,104.3,45.3,14.3
Steap1,0.0,6.7,28.7,11.4
Steap2,5.4,2.3,204.8,72.3
Steap3,1923.5,1897.7,510.6,563.1
Steap4,0.0,1.1,9.6,10.5
Stfa1,2.2,0.0,0.0,5.7
Stfa2,2.2,7.9,0.9,0.9
Stfa2l1,3.2,3.4,4.3,11.4
Stfa3,10.8,12.3,0.0,0.0
Stil,191.5,149.2,159.4,110.3
Stim1,1744.9,1947.1,1804.5,1905.2
Stim2,477.7,469.9,698.8,643.0
Stip1,1736.3,1651.0,1768.8,1531.4
Stk10,2878.8,2765.8,1981.4,2154.4
Stk11,1288.8,1253.9,1179.8,1399.1
Stk11ip,3325.3,3453.3,1501.3,1511.4
Stk16,720.8,856.9,643.0,704.8
Stk17b,1945.0,2078.3,6681.5,5568.1
Stk19,350.7,324.1,316.3,323.4
Stk24,6169.7,6001.6,3061.9,2899.1
Stk25,1841.8,1714.9,1566.7,1543.7
Stk3,345.3,311.8,393.8,424.2
Stk30,16.1,28.0,49.7,61.8
Stk31,0.0,0.0,0.0,2.8
Stk32a,0.0,0.0,1.7,1.9
Stk32b,1.1,0.0,3.5,0.0
Stk32c,218.4,178.3,6.1,10.5
Stk33,0.0,1.1,0.0,0.0
Stk35,1227.5,1193.4,1279.1,1247.9
Stk36,28.0,37.0,47.9,69.4
Stk38,4842.2,5017.9,2557.4,2723.2
Stk38l,259.3,249.0,186.5,141.7
Stk39,104.4,123.4,117.6,80.8
Stk4,6371.9,6431.1,6262.3,6485.0
Stk40,544.4,529.4,743.2,668.7
Stmn1,108.7,99.8,123.7,154.1
Stmn1-rs1,14.0,14.6,10.4,8.6
Stmn2,0.0,0.0,0.0,2.8
Stmn3,1.1,2.3,8.7,9.5
Stmn4,0.0,3.4,2.6,2.8
Stom,12125.3,11907.8,5966.1,6714.2
Stoml1,564.8,635.9,735.4,802.8
Stoml2,684.2,688.7,538.5,507.0
Stoml3,0.0,0.0,0.0,6.7
Ston1,25.8,29.2,243.1,98.0
Ston2,334.6,370.1,819.1,804.7
Stox1,0.0,2.3,1.7,3.8
Stox2,23.7,13.5,72.3,31.4
Stra13,672.4,644.9,451.3,539.3
Stra6,1.1,0.0,3.5,8.6
Stra8,0.0,1.1,0.9,1.9
Strada,504.6,535.0,606.4,597.3
Stradb,534.7,520.4,524.5,445.1
Strap,3286.6,3206.6,2767.4,2217.1
Strbp,314.1,291.6,183.8,171.2
Strc,0.0,1.1,5.2,12.4
Strn,2416.2,2607.7,1818.5,1881.4
Strn3,2172.0,2198.3,2497.3,2147.7
Strn4,2155.9,2058.1,2085.1,2160.1
Stt3a,7702.7,7641.3,7282.7,7027.1
Stt3b,10334.1,10419.4,4774.1,4565.5
Stub1,2055.9,2009.9,1765.3,1698.8
Stx11,158.1,126.7,145.5,113.2
Stx12,2976.7,2811.8,3692.8,3214.9
Stx16,1307.1,1377.3,2484.2,2831.6
Stx17,1257.6,1206.8,1469.9,1509.5
Stx18,705.7,724.5,541.1,495.5
Stx19,6.5,4.5,12.2,11.4
Stx1a,7.5,4.5,30.5,19.0
Stx1b,0.0,2.3,3.5,5.7
Stx2,2622.8,2673.8,1919.6,2410.2
Stx3,4169.8,4222.7,428.7,439.4
Stx4a,2691.6,2774.8,1877.7,1961.3
Stx5a,1442.6,1425.5,1450.8,1584.6
Stx6,2487.2,2517.9,1229.5,1207.0
Stx7,5642.6,5326.4,4785.4,4643.5
Stx8,745.5,861.4,526.3,578.3
Stxbp1,516.4,477.8,648.3,768.5
Stxbp2,5436.0,5600.0,3663.1,4418.1
Stxbp3a,1293.1,1190.0,1727.9,1621.7
Stxbp4,166.8,164.9,264.0,189.3
Stxbp5,3842.7,3842.5,2798.8,2823.0
Stxbp5l,0.0,0.0,1.7,8.6
Stxbp6,35.5,23.6,38.3,33.3
Styk1,1.1,0.0,7.0,3.8
Styx,1018.8,1008.3,1062.2,839.9
Styxl1,3.2,3.4,6.1,1.9
Sub1,2384.0,2293.6,1933.5,1747.3
Sucla2,1405.0,1440.1,1308.7,1191.8
Suclg1,1477.1,1354.9,1138.8,1069.1
Suclg2,220.5,205.3,288.4,278.7
Sucnr1,0.0,0.0,1.7,0.0
Suds3,1945.0,1908.9,1349.7,1331.6
Sufu,192.6,216.5,266.6,326.2
Sugp1,512.1,464.3,574.2,598.3
Sugp2,725.1,690.9,792.0,879.8
Sugt1,1542.7,1459.2,1523.1,1581.8
Sulf1,0.0,0.0,403.4,126.5
Sulf2,4230.0,3937.9,3689.3,4069.0
Sult1a1,38.7,25.8,880.0,787.6
Sult1b1,0.0,0.0,1.7,0.9
Sult1c1,1.1,0.0,0.0,0.9
Sult1c1,1.1,0.0,0.0,0.9
Sult1c1,1.1,0.0,0.0,0.9
Sult1c1,1.1,0.0,0.0,0.9
Sult1c1,1.1,0.0,0.0,0.9
Sult1c1,1.1,0.0,0.0,0.9
Sult1c1,1.1,0.0,0.0,0.9
Sult1c1,1.1,0.0,0.0,0.9
Sult1c1,1.1,0.0,0.0,0.9
Sult1c1,1.1,0.0,0.0,0.9
Sult1c1,1.1,0.0,0.0,0.9
Sult1c1,1.1,0.0,0.0,0.9
Sult1c1,1.1,0.0,0.0,0.9
Sult1c1,1.1,0.0,0.0,0.9
Sult1c1,1.1,0.0,0.0,0.9
Sult1c1,1.1,0.0,0.0,0.9
Sult1c2,0.0,0.0,0.0,0.0
Sult1d1,0.0,0.0,1.7,0.0
Sult1e1,0.0,0.0,0.0,0.0
Sult2a1,0.0,0.0,0.0,0.0
Sult2a2,0.0,0.0,0.0,0.0
Sult2a3,0.0,0.0,0.0,0.0
Sult2a4,0.0,0.0,0.0,0.9
Sult2a5,0.0,0.0,0.0,0.0
Sult2a6,0.0,0.0,0.0,0.0
Sult2a7,0.0,0.0,0.0,0.0
Sult2b1,15.1,25.8,7.8,10.5
Sult3a1,0.0,0.0,0.0,0.0
Sult4a1,0.0,0.0,5.2,1.9
Sult5a1,0.0,0.0,0.0,0.9
Sult6b1,52.7,65.1,97.6,125.5
Sumf1,2915.4,2899.3,2008.4,1917.5
Sumf2,531.4,616.9,469.6,376.7
Sumo1,1407.1,1294.3,1376.7,1278.3
Sumo2,1280.2,1289.8,1662.5,1252.7
Sumo3,2864.9,2700.8,3079.3,3763.7
Sun1,1689.0,1783.3,1109.2,1080.5
Sun2,4618.4,4674.7,2126.9,2130.6
Sun3,1.1,1.1,1.7,0.9
Sun5,0.0,1.1,0.0,0.9
Suox,347.5,287.1,146.4,157.9
Supt16h,2521.7,2593.1,2598.3,2172.4
Supt3h,87.1,60.6,139.4,169.3
Supt4h1,487.3,483.4,453.1,464.2
Supt5h,2605.6,2534.8,2951.2,3379.5
Supt6h,896.1,799.7,948.9,1006.3
Supt7l,497.0,502.5,502.8,513.6
Supv3l1,470.1,447.5,409.5,334.8
Surf1,724.0,865.9,933.2,913.1
Surf2,649.8,679.7,608.2,546.0
Surf4,13387.2,12941.8,8938.3,8850.5
Surf6,972.5,897.3,986.4,982.5
Susd1,392.7,389.2,645.7,520.3
Susd2,10.8,2.3,6.1,6.7
Susd3,235.6,255.7,1283.5,1591.3
Susd4,37.7,26.9,0.0,1.9
Susd5,0.0,0.0,110.6,20.9
Suv39h1,364.7,365.6,664.0,605.9
Suv39h2,137.7,125.6,546.3,503.2
Suv420h1,1718.1,1843.9,1908.2,1956.5
Suv420h2,611.1,671.8,657.9,758.1
Suz12,2120.4,2193.8,2143.5,1968.9
Sv2a,7.5,11.2,8.7,23.8
Sv2b,0.0,0.0,0.0,0.9
Sv2c,2.2,0.0,4.3,3.8
Sva,0.0,0.0,0.0,0.0
Sval1,0.0,0.0,0.0,0.0
Sval2,0.0,0.0,0.0,0.9
Sval3,0.0,0.0,0.0,0.9
Svep1,47.3,51.6,172.5,113.2
Svil,5549.0,5545.1,2274.2,2311.3
Svip,260.3,258.0,167.3,152.2
Svop,0.0,0.0,0.9,7.6
Svopl,0.0,3.4,0.9,4.8
Svs1,0.0,0.0,1.7,8.6
Svs2,0.0,0.0,1.7,0.9
Svs3a,0.0,0.0,0.0,0.9
Svs3b,1.1,1.1,1.7,1.9
Svs4,0.0,0.0,0.0,0.0
Svs5,0.0,0.0,0.9,0.9
Svs6,0.0,0.0,0.0,0.9
Swap70,1857.9,1843.9,4387.2,4648.3
Swi5,1273.7,1380.7,1007.3,843.7
Syap1,1338.3,1349.3,1337.5,1192.7
Sybu,3.2,0.0,3.5,11.4
Syce1,6.5,7.9,0.9,4.8
Syce1l,4.3,4.5,12.2,5.7
Syce2,94.7,118.9,85.4,89.4
Syce3,0.0,0.0,0.9,0.9
Sycn,0.0,0.0,0.9,0.0
Sycp1,0.0,0.0,0.0,0.9
Sycp1-ps1,0.0,0.0,0.0,3.8
Sycp2,6.5,7.9,0.0,0.9
Sycp3,78.5,68.4,38.3,33.3
Syde1,6.5,21.3,318.9,124.6
Syde2,77.5,88.6,115.0,45.7
Syf2,1737.4,1867.4,1510.0,1732.1
Syk,12493.2,12157.9,9954.2,11149.4
Sympk,1829.9,1682.4,1800.2,2337.9
Syn1,26.9,22.4,56.6,51.4
Syn2,9.7,3.4,9.6,11.4
Syn3,80.7,111.0,176.9,189.3
Syna,4.3,3.4,4.3,6.7
Synb,2.2,0.0,0.9,4.8
Sync,35.5,20.2,67.1,43.7
Syncrip,685.3,762.7,844.3,630.6
Syne1,5682.4,5781.7,1925.7,2062.1
Syne2,1161.9,1185.5,568.1,502.2
Syngr1,4273.1,3983.8,1357.5,1597.0
Syngr2,2367.8,2417.0,2528.6,2667.0
Syngr3,5.4,3.4,5.2,9.5
Syngr4,9.7,4.5,2.6,5.7
Synj1,2314.0,2308.2,3346.8,3289.1
Synj2,1808.4,1828.2,849.6,864.6
Synj2bp,1767.5,1570.2,1483.0,1429.6
Synm,4.3,5.6,47.0,31.4
Synpo,444.3,347.7,181.2,72.3
Synpo2,2.2,0.0,23.5,10.5
Synpo2l,14.0,4.5,7.0,4.8
Synpr,0.0,1.1,2.6,1.9
Synrg,1340.4,1314.5,1366.3,1324.0
Syp,37.7,30.3,117.6,105.6
Sypl,4459.2,4334.9,4604.2,3948.2
Sypl2,4.3,2.3,1.7,2.8
Sys1,788.6,680.8,765.9,752.4
Syt1,0.0,0.0,1.7,0.0
Syt10,0.0,0.0,0.0,3.8
Syt11,364.7,376.9,273.6,273.9
Syt12,6.5,1.1,18.3,31.4
Syt13,8.6,2.3,66.2,26.6
Syt14,0.0,4.5,3.5,1.9
Syt15,4.3,11.2,15.7,26.6
Syt16,0.0,0.0,1.7,1.9
Syt17,0.0,5.6,5.2,2.8
Syt2,0.0,1.1,2.6,4.8
Syt3,2.2,4.5,33.1,27.6
Syt4,0.0,2.3,1.7,0.0
Syt5,4.3,9.0,3.5,6.7
Syt6,0.0,0.0,12.2,11.4
Syt7,108.7,102.1,7.8,11.4
Syt8,5.4,14.6,8.7,20.9
Syt9,20.4,15.7,4.3,3.8
Sytl1,6.5,6.7,4.3,4.8
Sytl2,0.0,0.0,425.2,145.5
Sytl3,9.7,10.1,6.1,3.8
Sytl4,4.3,1.1,44.4,16.2
Sytl5,0.0,0.0,46.2,10.5
Syvn1,388.4,458.7,324.1,402.3
Szt2,528.2,545.1,545.5,696.2
T,0.0,0.0,2.6,0.0
T2,0.0,0.0,0.9,0.0
Taar1,0.0,0.0,0.9,0.0
Taar2,0.0,0.0,0.0,1.9
Taar3,2.2,0.0,0.0,0.9
Taar4,0.0,0.0,0.9,3.8
Taar5,2.2,0.0,0.0,0.0
Taar6,0.0,0.0,0.0,0.0
Taar7a,0.0,0.0,0.0,1.9
Taar7b,0.0,0.0,0.0,1.9
Taar7d,0.0,0.0,3.5,6.7
Taar7e,0.0,0.0,0.0,1.9
Taar7f,0.0,0.0,0.0,0.9
Taar8a,0.0,0.0,2.6,0.0
Taar8b,0.0,0.0,0.0,0.9
Taar8c,0.0,0.0,0.0,0.0
Taar9,0.0,0.0,0.0,0.9
Tab1,625.0,631.5,573.3,772.3
Tab2,1839.6,1895.5,3822.6,4117.6
Tab3,695.0,596.7,626.5,532.6
Tac1,0.0,0.0,0.0,0.9
Tac2,0.0,0.0,0.9,0.0
Tac4,26.9,19.1,18.3,31.4
Tacc1,7119.6,7319.4,7656.5,7379.1
Tacc2,190.4,209.7,186.5,114.1
Tacc3,193.6,263.6,400.8,384.3
Taco1,335.7,334.2,218.7,230.2
Tacr1,4.3,0.0,5.2,6.7
Tacr2,0.0,0.0,5.2,1.9
Tacr3,0.0,0.0,2.6,4.8
Tacstd2,12.9,9.0,7.8,17.1
Tada1,1109.2,1120.5,870.5,780.9
Tada2a,152.8,160.4,223.1,207.3
Tada2b,406.7,490.1,569.8,511.7
Tada3,625.0,565.3,776.4,876.0
Taf1,1723.4,1695.8,1517.9,1525.7
Taf10,236.7,204.1,162.1,172.2
Taf11,586.3,584.3,542.0,462.3
Taf12,550.8,485.7,442.6,409.9
Taf13,470.1,461.0,362.5,366.2
Taf15,198.0,145.8,233.5,230.2
Taf1a,109.7,115.5,129.8,117.0
Taf1b,471.2,532.8,466.2,461.3
Taf1c,534.7,527.1,435.7,518.4
Taf1d,923.0,832.2,926.2,711.5
Taf2,1471.7,1506.3,1213.8,1091.9
Taf3,613.2,635.9,536.7,524.1
Taf4a,128.0,190.7,195.2,195.9
Taf4b,476.6,468.8,115.9,69.4
Taf5,264.7,288.3,279.7,280.6
Taf5l,1253.3,1282.0,1094.4,1093.8
Taf6,933.8,882.7,934.1,869.4
Taf6l,556.2,570.9,451.3,479.4
Taf7,460.4,393.7,442.6,430.9
Taf7l,0.0,0.0,0.9,1.9
Taf8,537.9,565.3,614.3,714.3
Taf9,1788.0,1847.2,1409.8,1302.1
Taf9b,174.3,130.1,106.3,74.2
Tagap,683.1,659.5,889.6,938.8
Tagap,683.1,659.5,889.6,935.0
Tagap,683.1,659.5,925.4,938.8
Tagap,683.1,659.5,925.4,935.0
Tagap,683.1,656.1,889.6,938.8
Tagap,683.1,656.1,889.6,935.0
Tagap,683.1,656.1,925.4,938.8
Tagap,683.1,656.1,925.4,935.0
Tagap,675.6,659.5,889.6,938.8
Tagap,675.6,659.5,889.6,935.0
Tagap,675.6,659.5,925.4,938.8
Tagap,675.6,659.5,925.4,935.0
Tagap,675.6,656.1,889.6,938.8
Tagap,675.6,656.1,889.6,935.0
Tagap,675.6,656.1,925.4,938.8
Tagap,675.6,656.1,925.4,935.0
Tagap1,724.0,607.9,492.3,506.0
Tagln,124.8,124.5,7224.3,2583.3
Tagln2,8694.6,8836.9,4849.9,4261.2
Tagln3,4.3,5.6,11.3,5.7
Tal1,397.0,354.4,295.4,253.0
Tal2,14.0,26.9,5.2,4.8
Taldo1,7695.2,7182.6,7383.8,8079.1
Tanc1,328.1,315.2,442.6,295.8
Tanc2,541.1,647.2,2526.9,2387.4
Tank,3267.2,3096.7,1490.9,1390.6
Taok1,6082.6,6233.7,7516.2,6507.8
Taok2,2026.8,2040.2,2382.2,2708.9
Taok3,4396.8,4083.7,3656.2,4244.1
Tap1,1388.9,1456.9,1991.0,2540.5
Tap2,1635.2,1571.3,1223.4,1463.8
Tapbp,10590.1,10773.8,8466.0,10424.7
Tapbpl,559.4,474.4,504.5,554.5
Tapt1,3623.3,3540.8,1047.3,923.6
Tarbp2,369.0,372.4,340.7,334.8
Tardbp,4246.2,4257.5,4703.5,4376.3
Tarm1,96.8,75.2,3.5,3.8
Tars,1971.9,1990.8,1847.2,1560.8
Tars2,543.3,590.0,627.4,646.8
Tarsl2,533.6,496.9,142.9,156.0
Tas1r1,4.3,10.1,11.3,5.7
Tas1r2,0.0,0.0,4.3,7.6
Tas1r3,64.6,43.8,73.2,142.7
Tas2r102,0.0,0.0,0.0,0.0
Tas2r103,0.0,0.0,0.0,0.0
Tas2r104,0.0,0.0,0.0,0.0
Tas2r105,0.0,0.0,0.0,3.8
Tas2r106,0.0,0.0,2.6,0.0
Tas2r107,0.0,0.0,0.0,0.0
Tas2r108,1.1,2.3,0.9,0.0
Tas2r109,0.0,2.3,0.0,0.0
Tas2r110,0.0,0.0,0.0,0.0
Tas2r113,0.0,0.0,0.0,0.0
Tas2r114,0.0,0.0,0.0,0.0
Tas2r115,0.0,0.0,0.0,0.0
Tas2r116,0.0,0.0,0.0,0.0
Tas2r117,0.0,0.0,0.0,0.0
Tas2r118,0.0,0.0,0.0,1.9
Tas2r119,2.2,0.0,3.5,2.8
Tas2r120,0.0,0.0,0.0,0.0
Tas2r121,0.0,0.0,0.0,0.0
Tas2r122,0.0,0.0,0.0,0.0
Tas2r123,0.0,0.0,0.0,0.0
Tas2r124,0.0,0.0,1.7,0.0
Tas2r125,0.0,0.0,0.0,0.0
Tas2r126,2.2,0.0,0.0,0.9
Tas2r129,0.0,0.0,0.0,0.0
Tas2r130,0.0,0.0,0.0,0.0
Tas2r131,0.0,0.0,0.0,2.8
Tas2r134,0.0,0.0,0.0,1.9
Tas2r135,2.2,5.6,5.2,1.9
Tas2r136,0.0,0.0,0.0,0.0
Tas2r137,1.1,0.0,5.2,2.8
Tas2r138,0.0,0.0,0.0,2.8
Tas2r139,0.0,0.0,1.7,0.0
Tas2r140,0.0,0.0,0.0,0.9
Tas2r143,3.2,0.0,0.0,3.8
Tas2r144,0.0,2.3,0.0,0.0
Tasp1,179.7,190.7,161.2,150.3
Tat,0.0,0.0,0.0,4.8
Tatdn1,164.6,182.8,176.0,178.8
Tatdn2,5482.3,5547.3,1739.2,1713.0
Tatdn3,163.5,171.6,166.4,180.7
Tax1bp1,11890.8,11445.7,5850.2,5257.0
Tax1bp3,985.4,891.7,574.2,487.0
Taz,1196.3,1215.8,1286.1,1349.7
Tbata,0.0,0.0,4.3,0.9
Tbc1d1,2627.1,2659.3,1977.9,2143.9
Tbc1d10a,803.6,910.7,548.9,526.9
Tbc1d10b,3248.9,3223.4,2485.9,2531.0
Tbc1d10c,21.5,29.2,54.9,33.3
Tbc1d12,392.7,383.6,528.9,396.6
Tbc1d13,3681.4,3793.2,3931.5,4485.6
Tbc1d14,2475.4,2442.8,3915.8,3913.1
Tbc1d15,2827.2,2937.4,2036.3,2129.6
Tbc1d16,814.4,784.0,917.5,945.4
Tbc1d17,1084.4,1154.1,1315.7,1464.8
Tbc1d19,296.9,284.9,364.2,354.8
Tbc1d2,3481.3,3233.5,301.5,331.9
Tbc1d20,3239.2,3285.1,1271.3,1413.4
Tbc1d21,0.0,0.0,0.0,1.9
Tbc1d22a,3512.5,3467.9,3191.7,3659.1
Tbc1d22b,604.6,563.0,379.0,461.3
Tbc1d23,1761.1,1834.9,2022.4,2069.7
Tbc1d24,1710.5,1721.6,1211.2,1242.2
Tbc1d25,352.9,382.5,291.0,305.3
Tbc1d2b,2540.0,2639.1,5282.1,5134.3
Tbc1d30,174.3,191.8,63.6,73.2
Tbc1d4,543.3,597.8,2223.7,2071.6
Tbc1d5,1717.0,1617.3,2675.0,2841.1
Tbc1d7,245.3,233.3,197.8,144.6
Tbc1d8,1226.4,1243.8,2385.7,2600.5
Tbc1d8b,669.2,629.2,535.9,452.7
Tbc1d9,6316.0,6349.2,2527.8,2619.5
Tbc1d9b,3309.2,3203.2,3305.9,3761.8
Tbca,444.3,441.9,351.1,315.8
Tbcb,1346.9,1422.2,1035.1,1130.9
Tbcc,400.2,380.2,382.5,390.0
Tbccd1,695.0,649.4,619.5,588.8
Tbcd,2564.7,2666.0,1930.9,2053.5
Tbce,925.2,890.5,792.9,782.8
Tbcel,986.5,990.4,1109.2,1159.5
Tbck,1344.8,1339.2,1407.2,1411.5
Tbk1,2931.5,2879.1,2625.4,2545.3
Tbkbp1,459.4,482.3,597.7,696.2
Tbl1x,996.2,915.2,1568.4,1617.0
Tbl1xr1,9394.9,9390.9,6289.4,6481.2
Tbl2,375.5,369.0,385.1,302.5
Tbl3,1141.4,1093.5,766.8,782.8
Tbp,612.1,519.3,535.9,469.9
Tbpl1,702.5,772.8,861.7,844.6
Tbpl2,0.0,2.3,0.0,8.6
Tbr1,0.0,0.0,4.3,6.7
Tbrg1,1692.2,1832.7,1200.7,1116.7
Tbrg3,227.0,219.8,264.9,280.6
Tbrg4,1165.1,1250.6,881.8,816.1
Tbx1,0.0,0.0,0.0,3.8
Tbx10,6.5,13.5,9.6,8.6
Tbx15,0.0,0.0,270.1,77.0
Tbx18,2.2,0.0,99.3,34.2
Tbx19,0.0,0.0,3.5,3.8
Tbx2,4.3,0.0,10.4,15.2
Tbx20,4.3,4.5,4.3,3.8
Tbx21,0.0,0.0,1.7,4.8
Tbx22,0.0,1.1,0.0,0.9
Tbx3,1.1,0.0,22.6,15.2
Tbx4,4.3,0.0,1.7,6.7
Tbx5,0.0,0.0,3.5,1.9
Tbx6,28.0,23.6,27.0,58.0
Tbxa2r,2.2,0.0,11.3,11.4
Tbxas1,3370.5,3432.0,2959.1,3620.1
Tc2n,0.0,0.0,0.0,4.8
Tcam1,6.5,0.0,7.0,4.8
Tcap,0.0,2.3,4.3,5.7
Tcea1,1352.3,1453.6,1380.2,1153.7
Tcea2,116.2,96.5,117.6,115.1
Tcea3,5.4,4.5,35.7,38.0
Tceal1,8.6,9.0,27.0,36.1
Tceal3,6.5,0.0,5.2,4.8
Tceal5,14.0,9.0,0.0,3.8
Tceal6,4.3,0.0,0.0,3.8
Tceal7,42.0,58.3,0.0,0.0
Tceal8,1161.9,1090.2,1165.8,841.8
Tceanc,156.0,109.9,187.3,183.6
Tceb1,646.6,597.8,850.4,722.9
Tceb2,849.9,862.5,609.9,524.1
Tceb3,4846.5,4900.2,5103.5,5189.5
Tcerg1,631.5,661.7,623.0,729.5
Tcerg1l,0.0,0.0,0.0,3.8
Tcf12,2289.3,2295.9,2632.3,2708.9
Tcf15,0.0,0.0,0.0,3.8
Tcf19,184.0,258.0,143.8,108.4
Tcf20,8988.3,8566.6,5560.9,6263.4
Tcf21,0.0,0.0,0.0,1.9
Tcf23,2.2,0.0,0.0,3.8
Tcf25,8281.5,8094.4,6354.7,6352.8
Tcf3,689.6,697.6,860.9,922.6
Tcf4,430.3,411.6,2926.8,2891.5
Tcf7,6.5,13.5,44.4,19.0
Tcf7l1,1.1,3.4,33.1,26.6
Tcf7l2,1649.2,1542.2,510.6,637.3
Tcfl5,0.0,0.0,6.1,1.9
Tchh,69.9,65.1,3.5,12.4
Tchhl1,0.0,0.0,1.7,1.9
Tchp,206.6,176.1,147.2,182.6
Tcirg1,23637.4,23091.0,8735.2,11618.4
Tcl1,0.0,1.1,0.0,1.9
Tcl1b1,0.0,0.0,0.0,0.0
Tcl1b2,0.0,0.0,0.9,0.9
Tcl1b3,0.0,0.0,1.7,0.0
Tcl1b4,0.0,0.0,0.0,0.0
Tcl1b5,0.0,1.1,0.0,0.0
Tcn2,7636.0,7131.0,5009.4,5209.5
Tcof1,671.3,659.5,927.1,1101.4
Tcp1,5670.5,5594.4,4924.0,4064.3
Tcp10a,3.2,2.3,7.8,2.8
Tcp10b,5.4,4.5,7.0,14.3
Tcp10c,2.2,5.6,4.3,4.8
Tcp11,6.5,5.6,8.7,13.3
Tcp11l1,462.6,573.1,481.8,488.9
Tcp11l2,1467.4,1611.7,1944.0,2063.1
Tcstv1,0.0,0.0,0.0,0.0
Tcstv3,0.0,2.3,0.0,1.9
Tcta,482.0,498.0,518.4,469.9
Tcte1,0.0,0.0,1.7,3.8
Tcte2,18.3,15.7,0.9,2.8
Tcte3,86.1,74.0,386.0,468.9
Tctex1d1,0.0,0.0,0.0,5.7
Tctex1d2,282.9,268.1,263.1,262.5
Tctex1d4,18.3,20.2,28.7,21.9
Tctn1,2300.1,2142.2,582.0,610.6
Tctn2,16.1,16.8,39.2,19.0
Tctn3,408.8,458.7,405.2,431.8
Tdg,773.5,870.4,636.1,618.2
Tdgf1,0.0,0.0,1.7,3.8
Tdh,0.0,0.0,0.0,2.8
Tdo2,3.2,11.2,10.4,10.5
Tdp1,235.6,264.7,257.9,278.7
Tdp2,404.5,384.7,535.0,493.6
Tdpoz1,0.0,2.3,0.0,1.9
Tdpoz2,2.2,0.0,1.7,0.0
Tdpoz3,0.0,0.0,0.0,0.9
Tdpoz4,0.0,0.0,0.0,5.7
Tdpoz5,0.0,0.0,0.0,7.6
Tdrd1,2.2,1.1,3.5,6.7
Tdrd12,1.1,3.4,2.6,3.8
Tdrd3,414.2,457.6,779.8,630.6
Tdrd5,1.1,2.3,0.0,0.9
Tdrd6,4.3,6.7,20.0,16.2
Tdrd7,1865.4,1820.3,1891.7,1867.1
Tdrd9,0.0,0.0,1.7,7.6
Tdrkh,7.5,13.5,87.1,54.2
Tead1,1.1,2.3,636.1,214.0
Tead2,24.7,24.7,90.6,64.7
Tead3,9.7,2.3,67.1,31.4
Tead4,3.2,0.0,5.2,6.7
Tec,4960.5,5042.6,1783.6,1886.1
Tecpr1,7381.0,7343.0,2452.8,2926.7
Tecpr2,1341.5,1204.6,1231.2,1448.6
Tecr,2320.5,2160.2,1425.5,1675.0
Tecrl,0.0,0.0,2.6,0.9
Tecta,5.4,0.0,7.0,14.3
Tectb,0.0,0.0,0.9,6.7
Teddm1,1.1,0.0,3.5,9.5
Tef,1310.3,1357.1,2194.0,2084.9
Tek,1.1,2.3,3.5,1.9
Tekt1,0.0,0.0,0.0,0.0
Tekt2,2.2,10.1,6.1,8.6
Tekt3,0.0,0.0,1.7,5.7
Tekt4,2.2,0.0,0.0,1.9
Tekt5,1.1,6.7,0.9,0.0
Telo2,491.6,496.9,383.4,443.2
Tenc1,30.1,26.9,72.3,48.5
Tep1,5920.1,6057.6,7151.1,8091.5
Tepp,1.1,1.1,0.9,1.9
Terc,45.2,56.1,51.4,60.9
Terf1,135.6,172.7,215.2,195.0
Terf2,505.6,490.1,653.5,694.3
Terf2ip,414.2,472.2,370.3,400.4
Tert,0.0,4.5,15.7,5.7
Tes,3047.7,2915.0,841.7,779.0
Tesc,1.1,4.5,13.9,6.7
Tesk1,800.4,816.5,1315.7,1587.5
Tesk2,298.0,262.5,447.0,478.4
Tespa1,0.0,4.5,5.2,3.8
Tet1,4.3,12.3,19.2,30.4
Tet2,2190.3,2059.2,2551.3,2839.2
Tet3,2773.4,2723.2,3996.9,4622.6
Tex10,1556.7,1518.6,1307.0,1121.4
Tex101,2.2,5.6,2.6,5.7
Tex11,0.0,0.0,0.9,0.0
Tex12,1.1,1.1,5.2,6.7
Tex13,0.0,0.0,0.0,1.9
Tex13a,0.0,0.0,0.0,0.0
Tex14,16.1,7.9,19.2,24.7
Tex15,10.8,10.1,24.4,17.1
Tex16,0.0,0.0,0.0,0.0
Tex19.1,0.0,0.0,0.9,4.8
Tex19.2,0.0,0.0,0.0,0.0
Tex2,3062.8,3024.9,2385.7,2506.3
Tex21,1.1,2.3,0.0,1.9
Tex22,18.3,10.1,10.4,12.4
Tex24,0.0,0.0,0.0,0.0
Tex261,2562.6,2358.7,2038.9,2080.2
Tex264,2190.3,2159.0,1485.6,1539.9
Tex28,0.0,0.0,0.0,1.9
Tex9,33.4,53.8,27.9,24.7
Tfam,781.0,679.7,682.3,653.4
Tfap2a,1.1,3.4,3.5,10.5
Tfap2b,1.1,0.0,2.6,1.9
Tfap2c,2.2,0.0,0.0,3.8
Tfap2d,0.0,0.0,1.7,4.8
Tfap2e,2.2,11.2,2.6,5.7
Tfap4,58.1,49.4,266.6,234.0
Tfb1m,123.7,152.5,86.3,66.6
Tfb2m,554.0,561.9,459.2,395.7
Tfcp2,167.8,164.9,209.1,201.6
Tfcp2l1,4.3,2.3,27.0,17.1
Tfdp1,677.8,693.1,724.9,739.0
Tfdp2,379.8,341.0,467.0,462.3
Tfe3,1017.7,1019.5,1423.8,1723.5
Tfeb,1484.6,1314.5,803.4,1103.3
Tfec,2750.8,2724.3,792.9,765.7
Tff1,0.0,0.0,1.7,1.9
Tff1,0.0,0.0,1.7,1.9
Tff1,0.0,0.0,1.7,1.9
Tff1,0.0,0.0,1.7,1.9
Tff1,0.0,0.0,1.7,1.9
Tff1,0.0,0.0,1.7,1.9
Tff1,0.0,0.0,1.7,1.9
Tff1,0.0,0.0,1.7,1.9
Tff1,0.0,0.0,1.7,1.9
Tff1,0.0,0.0,1.7,1.9
Tff1,0.0,0.0,1.7,1.9
Tff1,0.0,0.0,1.7,1.9
Tff1,0.0,0.0,1.7,1.9
Tff1,0.0,0.0,1.7,1.9
Tff1,0.0,0.0,1.7,1.9
Tff1,0.0,0.0,1.7,1.9
Tff2,0.0,0.0,0.0,0.0
Tff3,1.1,0.0,0.0,2.8
Tfg,1456.6,1478.2,1324.4,1277.4
Tfip11,1561.0,1560.1,1869.0,2023.1
Tfpi,628.3,594.4,476.6,404.2
Tfpi2,16.1,25.8,7.0,1.9
Tfpt,370.1,398.2,320.6,351.0
Tfr2,6.5,10.1,3.5,7.6
Tfrc,1960.1,1923.5,8006.8,5733.6
Tg,3.2,12.3,18.3,3.8
Tgds,471.2,457.6,398.2,365.2
Tgfa,2.2,2.3,1.7,4.8
Tgfb1,1564.2,1665.5,1606.8,1908.0
Tgfb1i1,2.2,0.0,351.1,139.8
Tgfb2,1.1,2.3,416.5,173.1
Tgfb3,11.8,9.0,1530.9,548.8
Tgfbi,5203.6,5245.6,5127.0,6190.1
Tgfbr1,14819.1,14524.4,10480.5,10050.9
Tgfbr2,12855.8,12791.6,9803.5,9244.3
Tgfbr3,424.9,413.9,337.2,187.4
Tgfbrap1,792.9,908.5,1815.9,2231.4
Tgif1,1882.6,1837.1,1794.1,1846.2
Tgif2,83.9,65.1,142.0,147.4
Tgif2lx1,0.0,0.0,0.0,3.8
Tgif2lx2,0.0,0.0,0.0,3.8
Tgm1,172.1,179.5,22.6,50.4
Tgm2,18121.8,17861.1,3376.5,5058.2
Tgm3,0.0,0.0,11.3,34.2
Tgm4,332.4,376.9,256.2,220.7
Tgm5,0.0,2.3,4.3,2.8
Tgm6,2.2,1.1,1.7,7.6
Tgm7,0.0,2.3,1.7,10.5
Tgoln1,16968.5,16523.0,7958.0,7673.9
Tgoln2,8864.6,8768.5,4185.9,3938.7
Tgs1,1890.2,1813.6,2458.1,2513.9
Tgtp1,19.4,21.3,500.1,634.4
Tgtp2,46.3,42.6,962.8,1286.0
Th,0.0,0.0,0.9,2.8
Th1l,645.5,638.2,675.3,730.5
Tha1,192.6,209.7,131.6,156.9
Thada,833.7,836.7,844.3,807.5
Thap1,276.5,229.9,248.3,233.0
Thap11,939.2,925.3,844.3,909.3
Thap2,176.4,225.4,335.5,336.7
Thap3,179.7,181.7,309.3,367.1
Thap4,780.0,754.8,404.3,512.7
Thap6,459.4,469.9,324.1,276.8
Thap7,499.2,510.3,395.6,439.4
Thbd,419.6,415.0,902.7,896.9
Thbs1,4635.6,5114.4,22987.0,10664.4
Thbs2,2.2,7.9,5456.4,2056.4
Thbs3,11.8,10.1,58.4,12.4
Thbs4,0.0,2.3,1.7,11.4
Theg,0.0,0.0,0.9,2.8
Them4,175.4,155.9,89.7,81.8
Them5,0.0,0.0,0.0,3.8
Themis,0.0,0.0,5.2,6.7
Thg1l,171.1,212.0,174.3,156.0
Thnsl1,170.0,210.9,249.2,195.9
Thnsl2,17.2,11.2,13.1,14.3
Thoc1,1419.0,1600.5,1239.0,960.7
Thoc2,4349.4,3968.1,4258.3,4012.9
Thoc3,449.7,459.9,598.6,586.9
Thoc5,981.1,960.1,978.5,958.8
Thoc6,546.5,593.3,445.2,431.8
Thoc7,606.8,649.4,697.1,601.1
Thop1,522.8,511.4,541.1,583.1
Thpo,3.2,0.0,3.5,2.8
Thra,162.5,144.7,373.8,461.3
Thrap3,2787.4,2773.7,3133.3,3292.9
Thrb,245.3,266.9,27.9,47.6
Thrsp,6.5,2.3,0.9,0.0
Thsd1,0.0,3.4,95.8,51.4
Thsd4,0.0,0.0,282.3,73.2
Thsd7a,1.1,0.0,37.5,26.6
Thsd7b,2.2,2.3,2.6,0.9
Thtpa,264.7,264.7,189.9,215.0
Thumpd1,958.5,856.9,881.8,834.2
Thumpd2,171.1,138.0,111.5,122.7
Thumpd3,874.6,817.6,901.0,910.3
Thy1,2.2,2.3,10.4,21.9
Thyn1,347.5,404.9,366.0,417.6
Tia1,924.1,890.5,1057.8,859.8
Tial1,1791.2,1737.3,2147.9,2098.2
Tiam1,359.3,283.8,372.1,401.4
Tiam2,111.9,94.2,401.7,146.5
Ticam1,1277.0,1173.2,679.6,771.4
Ticam2,2301.1,2399.1,1549.2,1460.0
Tie1,18.3,15.7,5.2,16.2
Tifa,2708.9,2392.3,3788.6,4262.1
Tifab,2470.0,2394.6,1558.0,1880.4
Tigd2,594.9,695.4,550.7,507.0
Tigd3,10.8,13.5,13.1,8.6
Tigd4,0.0,2.3,3.5,3.8
Tigd5,88.2,78.5,125.5,129.4
Tigit,0.0,0.0,5.2,1.9
Timd2,2.2,0.0,2.6,11.4
Timd4,0.0,1.1,4.3,8.6
Timeless,49.5,55.0,80.2,71.3
Timm10,360.4,326.4,195.2,141.7
Timm13,1304.9,1213.6,841.7,843.7
Timm17a,477.7,410.5,370.3,275.8
Timm17b,349.6,335.4,371.2,395.7
Timm22,602.5,586.6,525.4,532.6
Timm23,1252.2,1062.1,686.6,662.0
Timm44,1367.3,1320.1,1003.8,944.5
Timm50,575.6,523.8,452.2,520.3
Timm8a1,606.8,666.2,221.3,129.4
Timm8a2,0.0,0.0,0.0,1.9
Timm8b,1094.1,1040.8,395.6,377.6
Timm9,193.6,217.6,140.3,109.4
Timp1,28.0,43.8,1972.7,668.7
Timp2,5873.9,5659.5,11995.8,9095.0
Timp3,60.3,33.7,12274.6,3564.9
Timp4,2.2,4.5,2.6,1.9
Tinag,0.0,0.0,0.0,1.9
Tinagl1,0.0,0.0,51.4,19.0
Tinf2,421.7,413.9,337.2,361.4
Tiparp,3856.7,3778.6,2042.4,1887.1
Tipin,231.3,251.2,298.9,212.1
Tiprl,820.8,867.0,933.2,822.7
Tirap,1024.2,970.2,718.0,766.6
Tjap1,509.9,450.9,583.8,491.7
Tjp1,459.4,434.1,338.1,127.5
Tjp2,50.6,44.9,42.7,26.6
Tjp3,76.4,81.9,126.3,118.9
Tk1,50.6,62.8,122.8,131.3
Tk2,1156.5,1140.7,1890.8,1748.2
Tkt,17967.9,16842.7,8504.3,9852.1
Tktl1,6.5,5.6,6.1,4.8
Tktl2,0.0,0.0,0.9,0.0
Tlcd1,95.8,55.0,66.2,51.4
Tlcd2,256.0,237.8,135.0,148.4
Tle1,340.0,353.3,636.1,830.4
Tle2,227.0,205.3,184.7,233.0
Tle3,2733.6,2660.4,1525.7,1707.3
Tle4,1368.4,1382.9,2066.8,2338.9
Tle6,139.9,138.0,175.1,231.1
Tlk1,2889.6,2811.8,2536.5,2528.2
Tlk2,1251.2,1403.1,1402.9,1325.0
Tll1,0.0,1.1,25.3,12.4
Tll2,0.0,2.3,3.5,4.8
Tln1,38864.2,38194.1,34864.3,38320.2
Tln2,1370.6,1224.8,528.0,217.8
Tlr1,242.1,245.6,1419.4,1539.9
Tlr11,47.3,34.8,17.4,17.1
Tlr12,0.0,2.3,7.0,15.2
Tlr13,11054.9,11390.7,12665.0,12390.7
Tlr2,3808.3,4019.7,3616.9,3681.9
Tlr3,380.8,333.1,625.6,649.6
Tlr4,8683.8,8585.7,5828.4,5522.4
Tlr5,11.8,11.2,108.0,93.2
Tlr6,706.8,732.4,751.1,747.6
Tlr7,7781.2,7177.0,15211.9,14924.6
Tlr8,3679.2,3756.2,8818.9,9126.3
Tlr9,625.0,606.8,3090.7,3665.8
Tlx1,0.0,0.0,3.5,0.9
Tlx2,0.0,0.0,7.0,0.0
Tlx3,0.0,0.0,0.9,1.9
Tm2d1,227.0,181.7,196.9,156.9
Tm2d2,1975.2,1954.9,2385.7,2629.0
Tm2d3,662.7,676.3,487.9,564.0
Tm4sf1,0.0,0.0,461.8,216.9
Tm4sf19,408.8,421.7,104.6,92.3
Tm4sf20,18.3,13.5,10.4,13.3
Tm4sf4,0.0,1.1,0.0,3.8
Tm4sf5,10.8,19.1,146.4,127.5
Tm6sf1,3841.7,3660.8,5989.6,6196.8
Tm6sf2,1.1,1.1,4.3,0.9
Tm7sf2,253.9,246.8,156.8,135.1
Tm7sf3,641.2,634.8,795.5,717.2
Tm9sf1,1309.2,1303.3,1367.1,1421.0
Tm9sf2,6136.3,6087.9,7181.6,6359.4
Tm9sf3,12425.4,12393.4,12034.1,10466.5
Tm9sf4,2633.6,2540.4,2816.2,3183.5
Tmbim1,4244.0,4151.0,1335.8,1227.9
Tmbim4,1791.2,1702.6,1224.2,1305.0
Tmbim6,24332.4,24072.3,14592.4,15526.7
Tmc1,0.0,0.0,0.9,1.9
Tmc2,2.2,2.3,1.7,4.8
Tmc3,11.8,19.1,37.5,40.9
Tmc4,62.4,52.7,20.0,33.3
Tmc5,0.0,1.1,2.6,5.7
Tmc6,1168.3,1179.9,580.3,688.6
Tmc7,2.2,1.1,7.8,2.8
Tmc8,228.1,198.5,108.9,129.4
Tmcc1,3162.8,3010.3,1207.7,1155.7
Tmcc2,52.7,42.6,366.0,353.8
Tmcc3,2282.8,2348.6,2035.5,2165.8
Tmco1,3123.0,2894.8,1935.2,1964.1
Tmco2,0.0,0.0,0.0,1.9
Tmco3,1331.8,1311.1,878.3,872.2
Tmco4,555.1,570.9,401.7,439.4
Tmco5,0.0,1.1,0.9,0.0
Tmco5b,0.0,0.0,2.6,0.0
Tmco6,318.4,324.1,311.9,284.4
Tmco7,182.9,153.7,169.0,167.4
Tmed1,372.2,455.4,577.7,512.7
Tmed10,11474.4,11563.4,8932.2,8629.8
Tmed11,0.0,0.0,0.0,0.0
Tmed2,8925.9,9475.1,5081.7,4318.2
Tmed3,3807.2,4051.1,1820.2,1657.9
Tmed4,1552.4,1542.2,968.9,1080.5
Tmed5,5796.4,5369.0,3432.2,3007.6
Tmed6,0.0,0.0,2.6,1.9
Tmed7,6071.8,6052.0,6025.3,5450.1
Tmed8,2891.7,2870.1,1650.3,1498.1
Tmed9,5471.5,5495.7,3441.8,3287.2
Tmeff1,608.9,510.3,196.9,65.6
Tmeff2,0.0,0.0,9.6,8.6
Tmem100,0.0,0.0,12.2,6.7
Tmem101,332.4,409.4,303.2,321.5
Tmem102,6.5,4.5,7.8,0.0
Tmem104,3247.8,3218.9,2469.4,3003.7
Tmem106a,4112.8,4314.7,7664.3,8739.2
Tmem106b,5015.4,4738.7,4022.1,3653.4
Tmem106c,834.8,801.9,885.3,845.6
Tmem107,76.4,70.7,45.3,36.1
Tmem108,0.0,0.0,2.6,0.9
Tmem109,2382.9,2415.9,1910.0,1852.8
Tmem11,535.8,556.3,520.2,489.8
Tmem110,289.4,366.8,341.6,332.9
Tmem111,3016.5,3089.9,2399.7,2237.1
Tmem115,1158.6,1279.7,1137.1,1213.7
Tmem116,18.3,12.3,21.8,27.6
Tmem117,0.0,0.0,7.0,8.6
Tmem119,211.9,170.5,367.7,160.7
Tmem120a,721.9,685.3,634.3,697.2
Tmem120b,284.0,265.8,128.9,141.7
Tmem121,0.0,0.0,18.3,9.5
Tmem123,4759.3,4592.9,5103.5,4545.6
Tmem125,0.0,0.0,0.9,4.8
Tmem126a,584.2,547.3,489.7,374.8
Tmem126b,383.0,380.2,263.1,267.3
Tmem127,3844.9,3736.0,3244.9,3189.2
Tmem128,686.4,631.5,619.5,497.5
Tmem129,801.5,804.2,486.2,472.7
Tmem130,0.0,2.3,0.0,3.8
Tmem131,1636.3,1758.6,1971.8,1974.6
Tmem132a,1740.6,1768.7,963.7,1052.0
Tmem132b,0.0,1.1,2.6,14.3
Tmem132c,0.0,1.1,8.7,1.9
Tmem132d,0.0,0.0,2.6,5.7
Tmem132e,0.0,1.1,0.9,3.8
Tmem134,777.8,806.4,1034.3,972.1
Tmem135,2621.7,2621.1,1604.1,1481.9
Tmem136,0.0,0.0,14.8,5.7
Tmem138,135.6,134.6,81.0,98.9
Tmem139,1.1,0.0,0.0,4.8
Tmem140,2110.7,1963.9,2093.0,2249.5
Tmem141,549.7,578.7,452.2,493.6
Tmem143,296.9,315.2,378.2,433.7
Tmem144,125.9,186.2,67.1,104.6
Tmem145,0.0,0.0,1.7,5.7
Tmem146,10.8,22.4,5.2,4.8
Tmem147,1028.5,1013.9,979.4,934.0
Tmem149,81.8,71.8,24.4,27.6
Tmem14a,67.8,67.3,44.4,39.9
Tmem14c,3820.2,3682.1,1759.2,1753.0
Tmem150a,196.9,168.2,134.2,119.8
Tmem150b,225.9,283.8,519.3,659.1
Tmem150c,6.5,0.0,6.1,0.0
Tmem151a,229.2,227.7,11.3,11.4
Tmem151b,2.2,0.0,8.7,9.5
Tmem154,12980.6,12339.6,198.7,156.9
Tmem158,31.2,25.8,22.6,30.4
Tmem159,591.7,537.2,403.4,445.1
Tmem160,744.5,715.6,461.8,576.4
Tmem161a,636.9,653.9,548.9,520.3
Tmem161b,577.7,546.2,440.0,383.3
Tmem163,10.8,2.3,12.2,18.1
Tmem164,11475.5,11705.9,5811.0,6409.8
Tmem165,4114.9,3973.7,1563.2,1264.1
Tmem167,2563.6,2523.6,2390.1,2019.3
Tmem167b,789.6,851.3,721.5,664.9
Tmem168,4378.5,4429.1,2997.4,2883.9
Tmem169,0.0,0.0,0.9,6.7
Tmem17,32.3,13.5,25.3,18.1
Tmem170,93.6,89.7,88.0,78.0
Tmem170b,3842.7,3767.4,1963.1,1996.5
Tmem171,35.5,29.2,181.2,182.6
Tmem173,1993.5,1923.5,1407.2,1427.7
Tmem174,0.0,0.0,1.7,4.8
Tmem175,684.2,634.8,794.7,903.6
Tmem176a,109.7,134.6,4843.8,4770.0
Tmem176b,232.4,273.7,14278.7,14969.3
Tmem177,259.3,214.2,169.0,165.5
Tmem178,23.7,18.0,11.3,9.5
Tmem179,0.0,0.0,0.0,4.8
Tmem179b,1209.2,1322.3,914.0,1050.1
Tmem18,1074.7,1116.0,759.8,662.0
Tmem180,1146.8,1099.2,377.3,468.0
Tmem181a,806.9,795.2,545.5,516.5
Tmem181b-ps,1314.6,1266.3,1353.2,1144.2
Tmem181c-ps,2116.1,1984.1,1827.2,1811.0
Tmem182,0.0,0.0,6.1,1.9
Tmem183a,1477.1,1590.4,1175.4,1061.5
Tmem184a,3.2,1.1,4.3,4.8
Tmem184b,2407.6,2386.7,1570.2,1717.8
Tmem184c,1267.3,1110.4,903.6,880.8
Tmem185b,1183.4,1247.2,872.2,933.1
Tmem186,543.3,601.2,451.3,427.1
Tmem188,916.6,955.6,827.8,798.0
Tmem189,6743.1,6491.7,2357.0,2486.3
Tmem19,793.9,762.7,983.7,1000.6
Tmem190,0.0,0.0,0.0,1.9
Tmem191c,10.8,22.4,41.8,47.6
Tmem192,963.9,952.2,675.3,753.3
Tmem194,411.0,465.5,390.4,353.8
Tmem194b,180.7,198.5,303.2,328.1
Tmem196,0.0,0.0,0.0,1.9
Tmem198,24.7,22.4,5.2,10.5
Tmem198b,3266.1,3185.3,699.7,770.4
Tmem199,866.0,911.8,384.3,338.6
Tmem2,1395.3,1551.1,1726.1,1266.9
Tmem20,31.2,39.3,29.6,23.8
Tmem200a,0.0,0.0,33.1,21.9
Tmem200b,5.4,11.2,13.9,17.1
Tmem200c,0.0,0.0,1.7,1.9
Tmem201,177.5,145.8,222.2,199.7
Tmem202,190.4,217.6,51.4,39.0
Tmem203,393.7,395.9,343.3,347.2
Tmem204,7.5,7.9,22.6,13.3
Tmem205,352.9,288.3,332.0,324.3
Tmem206,3380.2,3475.8,2850.2,3002.8
Tmem207,0.0,0.0,0.0,1.9
Tmem208,976.8,967.9,586.4,556.4
Tmem209,840.2,772.8,846.9,745.7
Tmem210,0.0,0.0,1.7,0.9
Tmem211,0.0,0.0,1.7,1.9
Tmem212,0.0,0.0,0.9,0.9
Tmem213,0.0,0.0,1.7,0.0
Tmem214,2081.7,1994.2,1582.4,1567.5
Tmem215,4.3,6.7,0.0,3.8
Tmem216,158.1,111.0,76.7,63.7
Tmem217,15.1,15.7,0.0,1.9
Tmem218,131.3,153.7,84.5,99.9
Tmem219,1010.2,889.4,846.1,983.5
Tmem22,23.7,26.9,27.0,23.8
Tmem220,48.4,63.9,82.8,105.6
Tmem221,38.7,61.7,117.6,141.7
Tmem222,856.3,764.9,812.1,807.5
Tmem223,341.0,342.1,267.5,332.9
Tmem225,0.0,0.0,0.0,0.0
Tmem229a,0.0,2.3,10.4,12.4
Tmem229b,1423.3,1290.9,2169.6,2745.0
Tmem231,22.6,19.1,74.1,69.4
Tmem232,0.0,0.0,3.5,2.8
Tmem233,2.2,0.0,0.0,0.0
Tmem25,8.6,7.9,20.9,22.8
Tmem26,58.1,75.2,137.7,93.2
Tmem27,0.0,0.0,1.7,0.0
Tmem28,0.0,0.0,2.6,0.0
Tmem29,132.3,178.3,165.5,215.9
Tmem30a,2576.5,2575.1,2298.6,2018.3
Tmem30b,0.0,0.0,13.9,8.6
Tmem30c,0.0,1.1,0.9,0.0
Tmem33,2522.7,2390.1,2438.9,2198.1
Tmem35,0.0,0.0,5.2,2.8
Tmem37,791.8,775.0,1227.7,1529.5
Tmem38a,36.6,23.6,118.5,121.7
Tmem38b,1416.8,1560.1,518.4,585.9
Tmem39a,705.7,611.3,516.7,533.6
Tmem39b,239.9,218.7,279.7,268.2
Tmem40,199.0,217.6,46.2,33.3
Tmem41a,406.7,399.3,162.1,182.6
Tmem41b,1286.7,1277.5,575.1,488.9
Tmem42,192.6,185.1,105.4,76.1
Tmem43,3615.8,3508.3,2871.9,2684.2
Tmem44,2.2,7.9,22.6,14.3
Tmem45a,0.0,0.0,88.9,25.7
Tmem45b,1.1,6.7,3.5,4.8
Tmem47,2.2,1.1,418.2,135.1
Tmem48,298.0,317.4,369.4,254.9
Tmem5,669.2,648.3,394.7,279.6
Tmem50a,7005.6,6899.9,5569.6,5573.8
Tmem50b,2545.3,2535.9,1889.1,2112.5
Tmem51,937.0,874.8,880.9,1159.5
Tmem52,0.0,0.0,0.0,0.9
Tmem53,93.6,81.9,29.6,12.4
Tmem54,1.1,0.0,1.7,0.9
Tmem55a,1079.0,1105.9,1388.9,1235.5
Tmem55b,3246.8,3488.1,3197.0,3427.0
Tmem56,0.0,0.0,7.0,2.8
Tmem57,1178.0,1200.1,1715.7,1591.3
Tmem59,4951.9,4897.9,5487.7,5125.8
Tmem59l,0.0,0.0,0.0,0.0
Tmem60,568.0,462.1,440.0,314.8
Tmem62,569.1,594.4,215.2,218.8
Tmem63a,1760.0,1666.7,1110.1,1111.9
Tmem63b,791.8,865.9,500.1,505.1
Tmem63c,0.0,0.0,0.0,4.8
Tmem64,2195.7,2196.1,699.7,623.0
Tmem65,3545.8,3561.0,2662.8,2480.6
Tmem66,5993.3,6270.7,4861.2,4938.4
Tmem67,278.6,263.6,250.1,320.5
Tmem68,1153.3,1109.2,1245.1,1179.4
Tmem69,202.3,247.9,212.6,197.8
Tmem70,711.1,732.4,711.9,565.0
Tmem71,1150.0,1114.9,780.7,762.8
Tmem72,0.0,3.4,5.2,11.4
Tmem74,0.0,4.5,7.0,7.6
Tmem79,81.8,94.2,74.9,74.2
Tmem8,352.9,298.3,3661.4,4305.9
Tmem80,282.9,263.6,241.4,203.5
Tmem81,190.4,186.2,235.3,253.0
Tmem82,644.4,624.7,61.0,59.0
Tmem85,890.8,997.1,641.3,612.5
Tmem86a,2433.5,2485.4,3293.7,3824.6
Tmem86b,52.7,41.5,62.7,87.5
Tmem87a,1484.6,1471.5,2068.6,1948.9
Tmem87b,4378.5,4288.9,3269.3,3179.7
Tmem88,237.8,182.8,163.8,178.8
Tmem88b,1.1,3.4,3.5,7.6
Tmem89,0.0,1.1,0.0,0.0
Tmem8b,25.8,24.7,72.3,69.4
Tmem8c,0.0,0.0,0.0,0.0
Tmem9,434.6,416.1,352.9,376.7
Tmem90a,2.2,0.0,0.9,1.9
Tmem90b,0.0,0.0,1.7,3.8
Tmem91,5.4,4.5,10.4,16.2
Tmem92,0.0,0.0,1.7,5.7
Tmem93,793.9,695.4,656.1,526.9
Tmem95,3.2,2.3,3.5,3.8
Tmem97,527.1,492.4,303.2,242.5
Tmem98,2.2,4.5,79.3,37.1
Tmem9b,2626.0,2735.5,1815.0,1660.7
Tmf1,1910.6,1997.5,2628.0,2616.6
Tmie,4.3,10.1,31.4,14.3
Tmigd1,1.1,0.0,1.7,0.0
Tmlhe,600.3,644.9,522.8,478.4
Tmod1,705.7,671.8,538.5,442.3
Tmod2,4.3,2.3,13.9,16.2
Tmod3,4260.2,4155.4,3680.6,3552.6
Tmod4,40.9,23.6,46.2,62.8
Tmpo,2471.1,2431.6,2347.4,2175.3
Tmppe,2634.6,2458.5,1703.5,1846.2
Tmprss11a,0.0,0.0,4.3,0.0
Tmprss11bnl,0.0,0.0,1.7,2.8
Tmprss11c,0.0,0.0,0.0,1.9
Tmprss11d,0.0,0.0,0.0,0.0
Tmprss11e,0.0,0.0,0.0,0.9
Tmprss11f,0.0,0.0,0.0,4.8
Tmprss11g,0.0,0.0,4.3,2.8
Tmprss12,0.0,1.1,0.0,0.0
Tmprss13,2.2,0.0,2.6,4.8
Tmprss15,2.2,0.0,2.6,0.9
Tmprss2,4.3,4.5,19.2,30.4
Tmprss3,2.2,0.0,3.5,7.6
Tmprss4,0.0,0.0,64.5,60.9
Tmprss5,0.0,1.1,0.9,2.8
Tmprss6,11.8,6.7,1.7,6.7
Tmprss7,2.2,0.0,11.3,3.8
Tmprss9,17.2,16.8,18.3,31.4
Tmsb10,6111.6,5690.9,775.5,672.5
Tmsb15a,0.0,0.0,0.0,0.0
Tmsb15b1,1.1,0.0,0.0,0.0
Tmsb15b2,2.2,0.0,1.7,0.0
Tmsb15l,2.2,0.0,1.7,0.0
Tmsb4x,72292.4,73419.3,97534.1,95046.2
Tmtc1,33.4,15.7,34.0,52.3
Tmtc2,44.1,46.0,92.4,44.7
Tmtc3,1156.5,1126.1,1468.2,1089.1
Tmtc4,133.4,93.1,225.7,148.4
Tmub1,278.6,247.9,186.5,196.9
Tmub2,1201.7,1187.8,1119.7,1209.9
Tmx1,3879.3,3766.3,2747.3,2432.1
Tmx2,761.7,673.0,643.0,585.9
Tmx3,4650.7,4632.1,3908.8,3364.2
Tmx4,2076.3,2151.2,923.6,872.2
Tnc,5.4,5.6,6626.6,2567.2
Tnf,469.1,351.1,486.2,551.7
Tnfaip1,1822.4,1854.0,1928.3,1801.5
Tnfaip2,12408.2,12037.9,9972.5,9893.9
Tnfaip3,1722.4,1652.1,1035.1,923.6
Tnfaip6,6.5,0.0,8.7,5.7
Tnfaip8,3500.6,3462.3,4121.5,4063.3
Tnfaip8l1,73.2,127.9,71.4,90.4
Tnfaip8l2,1518.0,1407.6,2957.3,3382.3
Tnfaip8l3,299.1,321.9,1.7,8.6
Tnfrsf10b,81.8,57.2,222.2,80.8
Tnfrsf11a,1019.9,1045.3,3350.3,3926.4
Tnfrsf11b,2.2,4.5,1679.9,507.9
Tnfrsf12a,73.2,68.4,168.2,94.2
Tnfrsf13b,205.5,219.8,177.7,205.4
Tnfrsf13c,2.2,0.0,13.1,11.4
Tnfrsf14,485.2,485.7,989.0,1266.0
Tnfrsf17,2.2,2.3,1.7,7.6
Tnfrsf18,43.0,62.8,12.2,14.3
Tnfrsf19,0.0,2.3,16.5,19.0
Tnfrsf1a,3694.3,3648.5,4313.1,4321.1
Tnfrsf1b,28748.5,28753.8,17729.3,19556.7
Tnfrsf21,4117.1,4279.9,2306.4,2551.0
Tnfrsf22,334.6,307.3,83.6,68.5
Tnfrsf23,2557.2,2529.2,228.3,182.6
Tnfrsf25,1.1,0.0,4.3,8.6
Tnfrsf26,5454.3,5604.5,235.3,221.6
Tnfrsf4,14.0,24.7,23.5,28.5
Tnfrsf8,20.4,26.9,7.0,11.4
Tnfrsf9,993.0,941.0,5.2,4.8
Tnfsf10,38.7,24.7,145.5,167.4
Tnfsf11,0.0,0.0,6.1,2.8
Tnfsf12,2485.1,2588.6,887.0,987.3
Tnfsf13,1323.2,1302.2,104.6,141.7
Tnfsf13b,43.0,48.2,34.8,49.5
Tnfsf14,131.3,141.3,85.4,84.6
Tnfsf15,206.6,182.8,42.7,31.4
Tnfsf18,4.3,4.5,5.2,6.7
Tnfsf4,81.8,95.3,5.2,1.9
Tnfsf8,1069.3,998.2,22.6,20.9
Tnfsf9,162.5,130.1,97.6,95.1
Tnik,83.9,87.5,232.6,116.0
Tnip1,3312.4,3375.9,1794.1,2003.1
Tnip2,856.3,1015.0,873.9,955.9
Tnip3,923.0,855.8,1616.3,1800.5
Tnk1,281.9,290.5,321.5,428.0
Tnk2,8.6,20.2,657.9,348.1
Tnks,3511.4,3623.8,3666.6,3736.1
Tnks1bp1,659.5,684.2,1358.4,789.5
Tnks2,8244.9,8369.2,7216.5,6889.2
Tnmd,0.0,0.0,2.6,0.0
Tnn,2.2,3.4,3894.0,1119.5
Tnnc1,12.9,16.8,7.8,2.8
Tnnc2,0.0,1.1,0.0,0.0
Tnni1,0.0,0.0,1.7,0.9
Tnni2,263.6,289.4,57.5,85.6
Tnni3,24.7,20.2,11.3,26.6
Tnni3k,8.6,1.1,3.5,2.8
Tnnt1,22.6,25.8,5.2,20.9
Tnnt2,0.0,0.0,0.9,4.8
Tnnt3,20.4,30.3,4.3,2.8
Tnp1,0.0,0.0,0.0,0.0
Tnp2,1.1,0.0,0.0,2.8
Tnpo1,5272.5,5670.7,4039.5,3823.6
Tnpo2,3144.6,3291.8,2932.9,2990.4
Tnpo3,2935.9,3074.2,2743.0,2663.2
Tnr,0.0,1.1,4.3,7.6
Tnrc18,678.8,670.7,1458.6,1561.8
Tnrc6a,2480.8,2484.3,3509.8,3547.8
Tnrc6b,2718.5,2482.1,3330.3,3635.3
Tnrc6c,1059.7,987.0,1161.5,1238.4
Tns1,3543.7,3797.7,1358.4,1306.9
Tns3,5955.6,5767.1,10860.4,11064.8
Tns4,705.7,662.9,65.3,76.1
Tnxb,0.0,3.4,12.2,15.2
Tob1,597.1,574.3,220.4,202.6
Tob2,1218.9,1221.4,1538.8,1763.4
Toe1,636.9,613.5,517.6,545.0
Tollip,5387.6,5318.5,2753.4,2653.7
Tom1,699.3,655.0,393.8,417.6
Tom1l1,49.5,63.9,64.5,41.8
Tom1l2,839.1,851.3,992.5,900.7
Tomm20,2188.2,2286.9,2458.9,2139.1
Tomm20l,2.2,3.4,1.7,1.9
Tomm22,1064.0,1129.4,971.5,894.1
Tomm34,880.0,961.2,922.7,989.2
Tomm40,1100.5,1089.1,798.1,750.5
Tomm40l,584.2,558.6,486.2,545.0
Tomm5,663.8,622.5,462.7,338.6
Tomm6,2269.9,2191.6,1012.5,1075.8
Tomm7,1313.6,1342.5,982.0,1040.6
Tomm70a,3032.7,2967.7,3562.0,2785.9
Tomt,43.0,50.5,75.8,83.7
Tonsl,99.0,77.4,190.8,142.7
Top1,2721.8,2568.4,3149.0,2855.4
Top1mt,180.7,182.8,109.8,73.2
Top2a,1199.5,1367.2,1719.2,1420.1
Top2b,3393.1,3491.5,5012.0,4515.1
Top3a,583.1,522.7,752.0,754.3
Top3b,852.0,1029.6,925.4,1110.9
Topbp1,1726.7,1657.7,1722.6,1504.7
Topors,2343.1,2228.6,2204.5,1948.0
Tor1a,1330.8,1344.8,947.1,1048.2
Tor1aip1,2590.5,2552.7,3354.7,3631.5
Tor1aip2,4890.6,4970.8,4697.4,4563.6
Tor1b,1779.4,1802.4,1266.1,1264.1
Tor2a,2242.0,2235.3,945.4,890.3
Tor3a,2687.3,2430.5,2842.3,3134.1
Tox,90.4,75.2,0.9,4.8
Tox2,0.0,0.0,33.1,49.5
Tox3,0.0,0.0,0.0,4.8
Tox4,2706.7,2514.6,2770.9,2901.0
Tpbg,4.3,10.1,193.4,79.9
Tpbpa,0.0,0.0,3.5,0.9
Tpbpb,0.0,0.0,0.0,0.0
Tpcn1,1231.8,1250.6,3227.5,4004.4
Tpcn2,2565.8,2717.6,763.3,994.0
Tpd52,4894.9,4873.2,9843.6,10387.6
Tpd52l1,0.0,0.0,16.5,4.8
Tpd52l2,1724.5,1734.0,1618.1,1680.7
Tph1,0.0,0.0,0.9,0.0
Tph2,0.0,0.0,0.9,1.9
Tpi1,12582.5,13147.1,3575.1,3169.2
Tpk1,252.8,222.1,364.2,369.0
Tpm1,931.6,862.5,7446.5,3458.4
Tpm2,2.2,2.3,1558.0,604.9
Tpm3,2760.5,2563.9,3974.2,4074.7
Tpm4,8250.3,8328.8,7818.6,5310.3
Tpmt,142.0,115.5,61.9,40.9
Tpo,0.0,3.4,1.7,9.5
Tpp1,19618.2,18780.8,9122.1,9309.9
Tpp2,4495.8,4253.0,4476.1,4335.4
Tppp,6.5,6.7,11.3,25.7
Tppp2,0.0,0.0,0.0,0.0
Tppp3,71.0,33.7,13.9,4.8
Tpr,6735.6,7307.1,7354.1,6886.4
Tpra1,1921.4,1769.9,1790.6,2220.9
Tprg,0.0,0.0,7.0,1.9
Tprgl,2987.5,2936.3,2661.9,2759.3
Tprkb,729.4,697.6,504.5,399.5
Tprn,193.6,210.9,138.5,145.5
Tpsab1,0.0,0.0,0.0,1.9
Tpsb2,1.1,0.0,0.0,0.0
Tpsg1,0.0,0.0,0.9,4.8
Tpst1,158.1,176.1,378.2,335.8
Tpst2,440.0,447.5,743.2,826.6
Tpt1,13797.1,13391.6,7452.6,7095.6
Tpte,1.1,6.7,3.5,2.8
Tpx2,420.6,536.1,494.9,409.9
Tra2a,1235.0,1285.3,1360.2,1114.8
Tra2b,1274.8,1286.5,1082.2,1035.8
Trabd,1087.6,1116.0,711.0,860.8
Tradd,266.8,283.8,233.5,298.7
Traf1,256.0,268.1,88.9,93.2
Traf2,640.1,597.8,725.8,767.6
Traf3,1533.0,1428.9,1385.4,1282.2
Traf3ip1,131.3,152.5,138.5,148.4
Traf3ip2,79.6,49.4,180.4,148.4
Traf3ip3,497.0,421.7,551.6,700.0
Traf4,25.8,59.5,119.4,99.9
Traf5,399.1,339.8,354.6,375.7
Traf6,2465.7,2631.2,1465.6,1493.3
Traf7,2030.0,1942.6,1735.7,1734.9
Trafd1,2578.7,2516.8,4851.6,5833.4
Traip,10.8,9.0,13.1,18.1
Trak1,438.9,514.8,547.2,643.9
Trak2,1725.6,1891.0,1729.6,1526.6
Tram1,9954.3,9708.4,7147.6,6433.6
Tram1l1,0.0,2.3,15.7,12.4
Tram2,107.6,140.2,181.2,250.1
Trank1,2.2,1.1,9.6,16.2
Trap1,2089.2,1984.1,1916.9,1772.0
Trap1a,0.0,0.0,0.0,0.0
Trappc1,579.9,555.2,344.2,392.8
Trappc10,3676.0,3747.2,3176.0,3358.5
Trappc2,144.2,96.5,96.7,93.2
Trappc2l,991.9,998.2,765.0,830.4
Trappc3,2082.7,2207.3,1590.2,1625.5
Trappc4,1202.7,1177.7,792.9,704.8
Trappc5,647.6,627.0,694.5,643.9
Trappc6a,668.1,667.3,426.1,435.6
Trappc6b,1267.3,1178.8,867.8,877.9
Trappc8,4554.9,4468.4,3968.1,3866.4
Trappc9,984.4,938.8,1228.6,1307.8
Trat1,0.0,0.0,0.0,0.0
Trcg1,5.4,14.6,7.8,9.5
Trdmt1,278.6,207.5,246.6,201.6
Trdn,0.0,0.0,2.6,6.7
Treh,2.2,1.1,0.9,7.6
Trem1,51.6,65.1,36.6,34.2
Trem2,13021.4,12881.3,11673.4,14613.6
Trem3,17.2,9.0,66.2,56.1
Treml1,60.3,70.7,111.5,67.5
Treml2,1709.4,1646.5,117.6,122.7
Treml4,10.8,10.1,40.1,32.3
Trerf1,387.3,323.0,349.4,489.8
Trex1,441.1,427.3,2009.3,2594.8
Trex2,0.0,0.0,0.9,1.9
Trf,12520.1,12940.7,25585.3,26481.1
Trh,2.2,0.0,2.6,2.8
Trhde,0.0,0.0,4.3,1.9
Trhr,0.0,0.0,1.7,6.7
Trhr2,0.0,0.0,5.2,4.8
Triap1,874.6,897.3,862.6,885.5
Trib1,334.6,406.0,1157.1,943.5
Trib2,0.0,0.0,181.2,82.7
Trib3,492.7,539.5,129.8,40.9
Tril,0.0,0.0,7.8,6.7
Trim10,0.0,0.0,4.3,5.7
Trim11,1071.5,1223.6,640.4,644.9
Trim12a,326.0,323.0,671.8,672.5
Trim12c,876.8,900.6,1378.5,1421.0
Trim13,372.2,492.4,230.0,174.1
Trim14,450.8,505.8,822.5,967.3
Trim15,11.8,7.9,10.4,17.1
Trim16,280.8,286.0,374.7,277.7
Trim17,33.4,40.4,26.1,49.5
Trim2,196.9,190.7,128.9,61.8
Trim21,519.6,492.4,1277.4,1516.1
Trim23,663.8,594.4,833.0,722.9
Trim24,370.1,315.2,598.6,529.8
Trim25,3500.6,3577.8,3517.6,4180.3
Trim26,1343.7,1306.6,1826.3,2028.8
Trim27,835.9,830.0,990.7,1119.5
Trim28,2820.7,2874.6,3508.9,3482.2
Trim29,261.4,231.1,3.5,5.7
Trim3,541.1,524.9,657.9,712.4
Trim30a,2898.2,2911.6,6165.6,7040.5
Trim30b,2.2,12.3,53.1,59.9
Trim30d,1170.5,1054.3,2609.7,2573.8
Trim30e-ps1,6.5,6.7,10.4,6.7
Trim31,2.2,0.0,3.5,2.8
Trim32,632.6,655.0,851.3,798.0
Trim33,1279.1,1306.6,1477.8,1403.9
Trim34a,417.4,426.2,956.7,1002.5
Trim34b,121.6,125.6,206.5,270.1
Trim35,4475.3,4656.8,3630.0,3240.6
Trim36,1575.0,1565.7,576.8,554.5
Trim37,1192.0,1249.4,712.7,699.1
Trim38,0.0,0.0,0.0,0.9
Trim39,350.7,373.5,325.0,298.7
Trim40,0.0,2.3,0.0,3.8
Trim41,1162.9,1093.5,1577.1,1698.8
Trim42,0.0,0.0,0.0,4.8
Trim43a,2.2,5.6,4.3,9.5
Trim43b,0.0,2.3,4.3,3.8
Trim43c,29.1,26.9,23.5,25.7
Trim44,2595.9,2511.2,2847.5,2643.3
Trim45,166.8,149.2,100.2,96.1
Trim46,68.9,85.2,20.9,10.5
Trim47,193.6,238.9,679.6,781.8
Trim50,3.2,0.0,3.5,6.7
Trim52,0.0,0.0,1.7,1.9
Trim54,2.2,0.0,1.7,0.0
Trim55,0.0,2.3,0.0,0.9
Trim56,289.4,289.4,470.5,489.8
Trim58,0.0,2.3,9.6,6.7
Trim59,135.6,112.2,257.9,156.9
Trim6,147.4,146.9,24.4,40.9
Trim60,2.2,0.0,3.5,5.7
Trim61,0.0,0.0,0.0,5.7
Trim62,92.5,132.4,106.3,145.5
Trim63,0.0,0.0,0.0,5.7
Trim65,269.0,240.0,714.5,779.9
Trim66,2.2,6.7,36.6,39.0
Trim67,1.1,0.0,12.2,4.8
Trim68,167.8,190.7,188.2,170.3
Trim69,5.4,7.9,0.0,10.5
Trim7,152.8,133.5,157.7,125.5
Trim71,1.1,0.0,1.7,0.0
Trim72,7.5,4.5,1.7,2.8
Trim75,2.2,2.3,7.8,8.6
Trim8,704.7,705.5,1096.1,1316.4
Trim9,0.0,2.3,16.5,16.2
Triml1,1.1,0.0,1.7,1.9
Triml2,0.0,0.0,1.7,0.9
Trio,6710.8,6369.4,3930.6,4299.2
Triobp,884.3,915.2,1020.3,1181.3
Trip10,905.8,892.8,503.6,515.5
Trip11,1853.6,1914.5,2156.6,2041.2
Trip12,15177.3,15051.5,11886.0,11151.4
Trip13,77.5,77.4,139.4,100.8
Trip4,1159.7,1228.1,972.4,817.0
Trip6,57.0,48.2,215.2,122.7
Trit1,200.1,227.7,400.8,363.3
Trmt1,1076.9,1058.8,1077.0,1254.6
Trmt11,111.9,141.3,139.4,124.6
Trmt112,810.1,865.9,673.5,774.2
Trmt12,392.7,395.9,401.7,475.6
Trmt2a,1074.7,1044.2,1231.2,1288.8
Trmt2b,745.5,708.8,718.0,715.3
Trmt5,308.8,342.1,303.2,285.3
Trmt6,923.0,904.0,809.5,696.2
Trmt61a,270.0,262.5,203.0,204.5
Trmt61b,174.3,194.0,170.8,147.4
Trmu,189.3,235.5,213.5,180.7
Trnau1ap,115.1,120.0,71.4,71.3
Trnp1,4.3,0.0,7.0,6.7
Trnt1,1457.7,1453.6,1260.8,1166.1
Tro,4.3,6.7,27.9,18.1
Troap,25.8,22.4,54.9,50.4
Trove2,1393.2,1308.9,2168.8,1763.4
Trp53,1069.3,1059.9,1276.5,1173.7
Trp53bp1,1472.8,1458.1,2201.9,1987.0
Trp53bp2,466.9,408.3,454.0,509.8
Trp53i11,43.0,35.9,14.8,29.5
Trp53i13,110.8,154.8,161.2,190.2
Trp53inp1,1896.6,1906.7,2444.1,2354.1
Trp53inp2,3814.8,3770.7,2161.8,2113.5
Trp53rk,179.7,139.1,174.3,156.0
Trp63,0.0,1.1,13.9,16.2
Trp73,0.0,0.0,1.7,8.6
Trpa1,0.0,0.0,2.6,1.9
Trpc1,2.2,0.0,17.4,9.5
Trpc2,87.1,112.2,121.1,127.5
Trpc3,0.0,0.0,0.0,0.9
Trpc4,17.2,11.2,0.9,1.9
Trpc4ap,4690.5,4927.1,4508.3,4910.8
Trpc5,0.0,5.6,6.1,3.8
Trpc6,3.2,5.6,128.9,51.4
Trpc7,0.0,0.0,0.0,6.7
Trpd52l3,0.0,0.0,0.0,3.8
Trpm1,0.0,1.1,5.2,8.6
Trpm2,182.9,169.4,666.6,815.1
Trpm3,5.4,3.4,5.2,13.3
Trpm4,767.0,814.3,371.2,414.7
Trpm5,11.8,15.7,13.1,16.2
Trpm6,17.2,22.4,5.2,9.5
Trpm7,6675.3,6400.8,6688.4,5959.0
Trpm8,0.0,0.0,2.6,5.7
Trps1,2622.8,2713.1,5253.3,4750.1
Trpt1,102.2,109.9,106.3,89.4
Trpv1,0.0,0.0,5.2,1.9
Trpv2,7336.9,7262.2,2841.4,3139.8
Trpv3,0.0,0.0,0.0,0.9
Trpv4,556.2,570.9,1927.4,2038.3
Trpv5,0.0,0.0,0.0,5.7
Trpv6,0.0,0.0,3.5,1.9
Trrap,3856.7,3583.4,3654.4,4070.9
Trub1,280.8,207.5,325.9,307.2
Trub2,1562.1,1644.2,753.7,696.2
Try10,0.0,0.0,1.7,0.0
Try4,0.0,0.0,0.9,1.9
Try5,0.0,2.3,0.9,0.0
Tsc1,3190.8,3156.1,2261.1,2261.8
Tsc2,1871.9,1828.2,1772.3,1970.8
Tsc22d1,1118.8,1178.8,2472.9,2323.7
Tsc22d2,1346.9,1436.7,1926.5,1601.7
Tsc22d3,2915.4,3101.2,2615.8,2494.9
Tsc22d4,1157.6,1197.9,1998.9,2131.5
Tsen15,88.2,95.3,122.8,98.9
Tsen2,133.4,186.2,115.0,117.0
Tsen34,508.9,462.1,689.2,686.7
Tsen54,326.0,343.2,345.9,340.5
Tsfm,374.4,347.7,238.7,261.6
Tsg101,384.1,432.9,333.7,368.1
Tsga10,259.3,197.4,291.9,285.3
Tsga13,0.0,0.0,0.9,2.8
Tsga14,93.6,89.7,119.4,130.3
Tsga8,0.0,1.1,0.0,1.9
Tshb,0.0,0.0,0.9,2.8
Tshr,4.3,2.3,1.7,9.5
Tshz1,403.4,387.0,365.1,468.0
Tshz2,0.0,0.0,23.5,24.7
Tshz3,0.0,0.0,53.1,33.3
Tsix,0.0,0.0,0.9,2.8
Tsks,2.2,4.5,4.3,9.5
Tsku,369.0,335.4,786.8,632.5
Tslp,2.2,0.0,9.6,7.6
Tsn,2410.9,2634.6,2698.5,2278.0
Tsnax,1641.7,1659.9,1590.2,1433.4
Tsnax,1641.7,1659.9,1590.2,1532.3
Tsnax,1641.7,1659.9,1684.3,1433.4
Tsnax,1641.7,1659.9,1684.3,1532.3
Tsnax,1641.7,1719.4,1590.2,1433.4
Tsnax,1641.7,1719.4,1590.2,1532.3
Tsnax,1641.7,1719.4,1684.3,1433.4
Tsnax,1641.7,1719.4,1684.3,1532.3
Tsnax,1718.1,1659.9,1590.2,1433.4
Tsnax,1718.1,1659.9,1590.2,1532.3
Tsnax,1718.1,1659.9,1684.3,1433.4
Tsnax,1718.1,1659.9,1684.3,1532.3
Tsnax,1718.1,1719.4,1590.2,1433.4
Tsnax,1718.1,1719.4,1590.2,1532.3
Tsnax,1718.1,1719.4,1684.3,1433.4
Tsnax,1718.1,1719.4,1684.3,1532.3
Tsnaxip1,3.2,3.4,10.4,6.7
Tspan1,3.2,3.4,11.3,7.6
Tspan10,49.5,31.4,3.5,9.5
Tspan11,2.2,0.0,0.0,9.5
Tspan12,2.2,6.7,47.9,22.8
Tspan13,186.1,168.2,298.9,266.3
Tspan14,5306.9,5320.8,3339.0,3633.4
Tspan15,0.0,0.0,1.7,3.8
Tspan17,189.3,151.4,214.3,187.4
Tspan18,2.2,6.7,12.2,13.3
Tspan2,36.6,48.2,91.5,62.8
Tspan3,1014.5,932.0,1733.1,1552.3
Tspan31,3486.7,3184.2,2472.0,2309.4
Tspan32,803.6,751.5,81.9,97.0
Tspan33,18.3,11.2,95.0,131.3
Tspan4,1388.9,1253.9,2727.3,2805.0
Tspan5,4017.0,3675.4,441.8,403.3
Tspan6,2.2,0.0,147.2,44.7
Tspan7,458.3,498.0,27.9,10.5
Tspan8,21.5,15.7,6.1,1.9
Tspan9,10.8,12.3,147.2,70.4
Tspo,3441.5,3361.4,2122.6,2442.6
Tspo2,0.0,0.0,0.0,1.9
Tspy-ps,0.0,0.0,0.0,0.0
Tspyl1,2626.0,2652.5,3914.1,3801.8
Tspyl2,919.8,861.4,675.3,710.5
Tspyl3,275.4,320.8,446.1,465.1
Tspyl4,136.6,160.4,386.0,344.3
Tspyl5,0.0,0.0,11.3,11.4
Tsr1,1099.5,1172.1,960.2,740.9
Tsr2,184.0,238.9,343.3,313.9
Tssc1,502.4,549.6,526.3,570.7
Tssc4,427.1,438.5,419.1,438.5
Tssk1,2.2,2.3,7.0,3.8
Tssk2,14.0,5.6,17.4,23.8
Tssk3,4.3,2.3,0.9,4.8
Tssk4,9.7,9.0,20.0,18.1
Tssk5,3.2,0.0,5.2,3.8
Tssk6,111.9,117.8,99.3,127.5
Tst,1426.5,1362.7,47.9,23.8
Tsta3,860.6,946.6,648.3,712.4
Tstd1,7.5,21.3,16.5,19.0
Tstd2,1798.7,1672.3,1565.8,1506.6
Tsx,0.0,0.0,0.0,0.9
Ttbk1,0.0,1.1,7.8,7.6
Ttbk2,982.2,936.5,1270.4,1110.0
Ttc1,1188.8,1133.9,932.3,896.9
Ttc12,172.1,214.2,172.5,119.8
Ttc13,1447.0,1305.5,1144.9,1050.1
Ttc14,3125.2,3171.8,3749.4,3237.7
Ttc15,1531.9,1470.4,1590.2,1611.3
Ttc16,67.8,46.0,25.3,22.8
Ttc17,1459.9,1455.8,1488.2,1701.6
Ttc18,0.0,3.4,3.5,2.8
Ttc19,299.1,311.8,440.0,368.1
Ttc21a,1.1,1.1,6.1,20.9
Ttc21b,477.7,466.6,451.3,448.9
Ttc22,0.0,0.0,3.5,3.8
Ttc23,12.9,15.7,79.3,47.6
Ttc23l,2.2,0.0,5.2,4.8
Ttc24,2.2,0.0,0.0,2.8
Ttc25,15.1,13.5,0.9,7.6
Ttc26,31.2,18.0,58.4,22.8
Ttc27,464.8,486.8,508.9,454.6
Ttc28,15.1,16.8,379.9,235.9
Ttc29,0.0,0.0,1.7,1.9
Ttc3,2726.1,2522.4,3497.6,3095.1
Ttc30a1,189.3,172.7,224.8,160.7
Ttc30a2,47.3,41.5,60.1,39.0
Ttc30b,181.8,189.6,249.2,217.8
Ttc32,79.6,94.2,142.0,157.9
Ttc33,1351.2,1373.9,853.9,832.3
Ttc34,5.4,0.0,3.5,2.8
Ttc35,1540.5,1441.2,1139.7,852.2
Ttc36,0.0,7.9,0.0,3.8
Ttc37,1353.4,1479.4,1238.2,1239.4
Ttc38,120.5,163.8,139.4,147.4
Ttc39a,68.9,83.0,42.7,39.0
Ttc39b,931.6,969.0,1720.9,1087.2
Ttc39c,327.0,351.1,292.8,319.6
Ttc39d,0.0,0.0,0.0,1.9
Ttc4,980.1,953.3,833.9,762.8
Ttc5,802.5,794.1,910.5,860.8
Ttc7,2513.1,2605.4,3187.4,3675.3
Ttc7b,2594.8,2459.6,867.8,894.1
Ttc8,114.0,111.0,200.4,155.0
Ttc9,3.2,6.7,19.2,17.1
Ttc9b,0.0,1.1,3.5,3.8
Ttc9c,1363.0,1343.7,1275.6,1220.3
Ttf1,812.2,741.4,667.4,715.3
Ttf2,2029.0,1850.6,705.8,664.9
Tti1,859.6,827.7,937.6,1084.3
Tti2,589.5,641.6,585.5,542.2
Ttk,73.2,56.1,83.6,81.8
Ttl,1076.9,1052.0,535.0,526.0
Ttll1,225.9,263.6,217.0,249.2
Ttll10,0.0,0.0,0.9,6.7
Ttll11,165.7,187.3,13.1,10.5
Ttll12,489.5,524.9,683.1,758.1
Ttll13,2.2,10.1,10.4,13.3
Ttll2,0.0,1.1,0.9,3.8
Ttll3,1853.6,1864.1,1957.9,1992.7
Ttll4,644.4,692.0,569.0,496.5
Ttll5,411.0,404.9,278.8,319.6
Ttll6,0.0,0.0,6.1,3.8
Ttll7,12.9,2.3,112.4,54.2
Ttll8,1.1,0.0,1.7,3.8
Ttll9,7.5,2.3,11.3,14.3
Ttn,72.1,61.7,124.6,225.4
Ttpa,194.7,162.6,23.5,35.2
Ttpal,1094.1,1064.4,1467.3,1349.7
Ttr,0.0,0.0,0.0,0.9
Ttyh1,38.7,29.2,34.8,33.3
Ttyh2,4349.4,4007.4,1727.0,1940.4
Ttyh3,1556.7,1473.8,2003.2,2298.9
Tub,0.0,0.0,0.9,12.4
Tuba1a,3444.7,3519.5,3635.2,2743.1
Tuba1b,8521.4,8429.8,7263.5,6697.1
Tuba1c,6561.3,6359.3,5973.9,5311.3
Tuba3a,0.0,4.5,2.6,4.8
Tuba3b,0.0,2.3,0.0,1.9
Tuba4a,504.6,575.4,191.7,222.6
Tuba8,1.1,7.9,3.5,4.8
Tubal3,0.0,0.0,0.0,1.9
Tubb1,20.4,22.4,18.3,15.2
Tubb2a,2785.2,2673.8,2936.4,3254.9
Tubb2a-ps2,19.4,18.0,31.4,15.2
Tubb2b,996.2,989.2,973.3,1088.1
Tubb3,0.0,0.0,127.2,66.6
Tubb4a,31.2,35.9,35.7,40.9
Tubb4b,1720.2,1806.9,1342.7,1113.8
Tubb5,13320.5,12889.1,13718.5,12009.3
Tubb6,1187.7,1250.6,2075.5,1425.8
Tubd1,257.1,245.6,153.3,141.7
Tube1,76.4,69.5,54.0,57.1
Tubg1,22.6,24.7,29.6,32.3
Tubg2,4.3,9.0,6.1,6.7
Tubgcp2,674.5,630.3,982.9,970.2
Tubgcp3,1265.1,1136.2,1230.3,1219.4
Tubgcp4,1133.9,1112.6,1204.2,1216.5
Tubgcp5,859.6,741.4,1736.6,1808.1
Tubgcp6,761.7,733.5,799.9,844.6
Tufm,390.5,395.9,278.8,285.3
Tuft1,201.2,263.6,192.6,157.9
Tug1,3720.1,3498.2,4116.2,3762.8
Tulp1,0.0,0.0,0.9,3.8
Tulp2,15.1,9.0,13.9,19.0
Tulp3,247.4,177.2,454.8,300.6
Tulp4,7101.3,7155.7,3860.9,3625.8
Tusc1,1068.3,1151.9,279.7,310.1
Tusc2,665.9,662.9,616.9,580.2
Tusc3,1878.3,1893.2,975.9,718.1
Tusc5,1.1,4.5,2.6,3.8
Tut1,638.0,653.9,677.0,641.1
Twf1,2534.6,2464.1,4349.7,3629.6
Twf2,1614.8,1594.9,2139.1,2419.7
Twist1,0.0,0.0,87.1,41.8
Twist2,0.0,0.0,10.4,11.4
Twistnb,949.9,836.7,911.4,804.7
Twsg1,1661.0,1820.3,1162.4,903.6
Txk,7.5,6.7,5.2,5.7
Txlna,2986.4,3227.9,2870.2,2960.9
Txlnb,10.8,15.7,13.9,22.8
Txlng,327.0,299.5,366.0,359.5
Txn1,14024.1,13670.9,3447.0,3049.4
Txn2,1776.1,1788.9,1386.3,1486.7
Txndc11,1130.7,1100.3,681.4,799.0
Txndc12,1397.5,1351.5,1108.3,981.6
Txndc15,1508.3,1271.9,1222.5,1072.9
Txndc16,1199.5,1274.1,1595.4,1476.2
Txndc17,2949.8,2953.1,2059.8,1842.4
Txndc2,0.0,1.1,0.9,2.8
Txndc3,0.0,0.0,2.6,0.9
Txndc5,2245.2,2242.0,2634.9,2105.9
Txndc6,4.3,5.6,6.1,3.8
Txndc8,0.0,0.0,0.0,0.9
Txndc9,1158.6,1059.9,887.9,828.5
Txnip,2800.3,2847.7,17602.9,17860.8
Txnl1,1834.2,1768.7,2022.4,1611.3
Txnl4a,3849.2,3824.6,2994.8,3271.0
Txnl4b,86.1,102.1,106.3,95.1
Txnrd1,6316.0,6352.6,5302.1,4907.0
Txnrd2,554.0,522.7,496.7,581.2
Txnrd3,281.9,277.0,135.9,127.5
Tyk2,3176.8,3193.1,2220.2,2750.7
Tymp,533.6,554.1,423.5,479.4
Tyms,97.9,93.1,108.9,112.2
Tyms-ps,10.8,5.6,7.0,10.5
Tyr,0.0,0.0,0.9,0.0
Tyro3,870.3,840.1,66.2,37.1
Tyrobp,27208.0,25477.7,19101.6,21351.6
Tyrp1,1.1,0.0,0.9,0.0
Tysnd1,633.6,678.6,592.5,622.1
Tyw1,534.7,621.4,664.8,735.2
Tyw3,113.0,121.1,105.4,148.4
U05342,2719.6,2580.8,2126.9,1968.9
U2af1,154.9,152.5,137.7,187.4
U2af1l4,395.9,400.4,375.5,415.7
U2af2,1714.8,1688.0,1876.0,2075.4
U90926,0.0,0.0,3.5,1.9
Uaca,336.7,370.1,240.5,153.1
Uap1,1278.1,1184.4,1095.3,913.1
Uap1l1,5285.4,5292.7,4260.9,5056.3
Uba1,10557.9,10351.0,8001.6,8279.8
Uba2,2122.6,2215.1,2641.0,2340.8
Uba3,1515.8,1547.8,1456.0,1159.5
Uba5,1765.4,1723.9,1397.6,1352.5
Uba52,1762.2,1774.3,1370.6,1680.7
Uba6,1823.5,1628.5,1599.8,1336.4
Uba7,1412.5,1213.6,2939.9,3566.8
Ubac1,644.4,637.1,506.2,544.1
Ubac2,1012.3,1056.5,1179.8,1177.5
Ubap1,2444.2,2387.8,2299.5,2378.8
Ubap2,508.9,537.2,509.7,583.1
Ubap2l,5631.8,5343.2,6508.1,7150.8
Ubash3a,2.2,4.5,13.1,12.4
Ubash3b,2828.3,2842.1,1053.4,982.5
Ubb,22551.9,22752.3,16125.1,18578.9
Ubc,75767.2,78134.4,77446.1,86626.6
Ubd,0.0,0.0,1.7,1.9
Ube1y1,0.0,2.3,2.6,2.8
Ube1y1,0.0,2.3,2.6,2.8
Ube1y1,0.0,2.3,2.6,2.8
Ube1y1,0.0,2.3,2.6,2.8
Ube1y1,0.0,2.3,2.6,2.8
Ube1y1,0.0,2.3,2.6,2.8
Ube1y1,0.0,2.3,2.6,2.8
Ube1y1,0.0,2.3,2.6,2.8
Ube1y1,0.0,2.3,2.6,2.8
Ube1y1,0.0,2.3,2.6,2.8
Ube1y1,0.0,2.3,2.6,2.8
Ube1y1,0.0,2.3,2.6,2.8
Ube1y1,0.0,2.3,2.6,2.8
Ube1y1,0.0,2.3,2.6,2.8
Ube1y1,0.0,2.3,2.6,2.8
Ube1y1,0.0,2.3,2.6,2.8
Ube2a,1499.7,1422.2,939.3,804.7
Ube2b,2169.9,2087.3,2194.9,2164.8
Ube2c,69.9,75.2,171.6,188.3
Ube2cbp,19.4,23.6,19.2,13.3
Ube2d1,653.0,634.8,677.9,678.2
Ube2d2,362.5,436.3,412.1,384.3
Ube2d3,6773.2,6805.7,6471.5,5300.8
Ube2dnl,0.0,0.0,0.0,0.0
Ube2e1,1065.0,1000.5,873.9,924.5
Ube2e2,280.8,325.3,283.2,230.2
Ube2e3,509.9,494.6,960.2,824.6
Ube2f,660.5,744.7,828.6,767.6
Ube2g1,1377.0,1430.0,1428.1,1262.2
Ube2g2,1188.8,1169.8,1247.8,1255.5
Ube2h,2100.0,2294.7,2478.1,2310.4
Ube2i,2683.0,2542.6,3031.4,3161.6
Ube2j1,2910.0,2812.9,2482.5,2181.9
Ube2j2,695.0,634.8,545.5,567.8
Ube2k,1791.2,1747.4,1560.6,1624.6
Ube2l3,4720.6,4632.1,3061.9,3030.4
Ube2l6,594.9,582.1,868.7,1153.7
Ube2m,1882.6,1775.5,1489.1,1649.3
Ube2n,1157.6,1262.9,1530.9,1287.9
Ube2o,316.3,315.2,441.8,404.2
Ube2q1,1466.3,1433.4,1302.7,1286.9
Ube2q2,1178.0,1277.5,1357.5,1159.5
Ube2ql1,0.0,0.0,0.0,3.8
Ube2r2,2647.5,2451.8,2511.2,2355.1
Ube2s,569.1,585.5,495.8,448.0
Ube2t,52.7,44.9,31.4,36.1
Ube2u,0.0,0.0,0.0,0.0
Ube2v1,2056.9,2117.5,1601.5,1939.4
Ube2v2,730.5,735.8,725.8,606.8
Ube2w,1036.0,1093.5,1022.9,904.5
Ube2z,3279.0,3296.3,3041.9,2668.9
Ube3a,3258.6,3301.9,3724.1,3360.4
Ube3b,3481.3,3406.2,3186.5,3510.7
Ube3c,2437.8,2592.0,2378.8,1905.2
Ube4a,1827.8,1949.3,1213.8,1161.4
Ube4b,1860.1,1891.0,1871.6,2138.2
Ubfd1,1967.6,1925.8,2239.3,1898.5
Ubiad1,363.6,429.6,409.5,406.1
Ubl3,5322.0,5255.7,3694.5,3705.7
Ubl4,913.4,920.8,573.3,519.3
Ubl4b,0.0,0.0,3.5,3.8
Ubl5,1756.8,1744.1,1634.6,1538.0
Ubl7,673.5,643.8,742.4,797.1
Ublcp1,462.6,484.5,183.0,146.5
Ubn1,4577.5,4437.0,4192.0,4156.5
Ubn2,3224.2,3223.4,2470.3,2464.4
Ubox5,267.9,308.4,366.8,359.5
Ubp1,2430.2,2341.9,1817.6,1948.0
Ubqln1,2803.5,2856.7,3419.1,3130.3
Ubqln2,903.7,911.8,1037.8,1132.8
Ubqln3,0.0,0.0,1.7,3.8
Ubqln4,963.9,1020.6,1007.3,1001.6
Ubqlnl,0.0,0.0,1.7,0.9
Ubr1,1870.8,1734.0,1719.2,1624.6
Ubr2,4047.2,3829.1,4341.9,4373.4
Ubr3,3785.7,3884.0,4314.9,4091.9
Ubr4,4054.7,3857.1,4724.4,6021.8
Ubr5,4534.5,4614.2,4968.4,4675.9
Ubr7,1797.7,1833.8,1293.1,1195.6
Ubtd1,1448.0,1425.5,1124.0,1237.5
Ubtd2,345.3,315.2,338.1,208.3
Ubtf,2315.1,2223.0,2257.6,2330.3
Ubtfl1,0.0,0.0,0.0,0.0
Ubxn1,3421.0,3413.0,2465.9,2532.9
Ubxn10,0.0,1.1,7.8,5.7
Ubxn11,58.1,63.9,36.6,53.3
Ubxn2a,715.4,646.0,478.4,426.1
Ubxn2b,533.6,593.3,470.5,479.4
Ubxn4,3416.7,3462.3,2703.8,2586.2
Ubxn6,1981.6,1885.4,1253.9,1358.2
Ubxn7,2877.8,2874.6,3756.4,3316.7
Ubxn8,674.5,740.2,508.9,582.1
Uchl1,205.5,228.8,80.2,47.6
Uchl3,88.2,78.5,144.6,120.8
Uchl4,174.3,195.2,211.7,188.3
Uchl5,832.7,736.9,698.8,638.2
Uck1,530.4,459.9,490.6,517.4
Uck2,709.0,632.6,219.6,149.3
Uckl1,1395.3,1381.8,1091.8,1336.4
Ucma,0.0,0.0,0.0,0.9
Ucn,0.0,0.0,0.0,3.8
Ucn2,2.2,0.0,1.7,0.0
Ucn3,1.1,0.0,0.9,0.0
Ucp1,0.0,0.0,3.5,1.9
Ucp2,17752.8,16899.9,17261.3,22451.1
Ucp3,8.6,0.0,2.6,12.4
Uevld,805.8,766.0,495.8,448.0
Ufc1,1364.1,1406.5,1380.2,1220.3
Ufd1l,770.3,722.3,710.1,584.0
Ufm1,1906.3,1967.3,1350.6,1171.8
Ufsp1,36.6,43.8,39.2,35.2
Ufsp2,1828.9,1903.3,1153.7,1117.6
Ugcg,2995.0,2572.9,2596.6,2034.5
Ugdh,3025.1,2871.2,1895.2,1517.1
Uggt1,6724.8,6928.0,5079.1,5278.0
Uggt2,79.6,67.3,447.0,198.8
Ugp2,6934.6,6877.5,2167.0,1906.1
Ugt1a1,3083.2,2842.1,4553.6,4833.8
Ugt1a10,3076.8,2837.6,4538.8,4799.5
Ugt1a2,3074.6,2844.3,4558.0,4825.2
Ugt1a5,3089.7,2845.4,4554.5,4819.5
Ugt1a6a,3246.8,2976.7,4680.9,4879.4
Ugt1a6b,3110.1,2872.4,4547.5,4781.5
Ugt1a7c,5048.7,4897.9,7681.8,7962.1
Ugt1a9,3076.8,2836.5,4537.1,4797.6
Ugt2a1,0.0,0.0,3.5,0.0
Ugt2a2,0.0,0.0,3.5,0.0
Ugt2a3,0.0,0.0,0.0,0.0
Ugt2b1,0.0,0.0,0.0,2.8
Ugt2b34,0.0,0.0,0.0,0.9
Ugt2b35,0.0,0.0,0.9,0.0
Ugt2b36,0.0,0.0,0.0,0.0
Ugt2b37,0.0,0.0,0.0,0.0
Ugt2b38,1.1,0.0,0.0,0.9
Ugt2b5,0.0,0.0,0.0,0.0
Ugt3a1,0.0,2.3,1.7,0.9
Ugt3a2,2.2,0.0,5.2,3.8
Ugt8a,1.1,0.0,4.3,1.9
Uhmk1,3105.8,3031.6,1909.1,2001.2
Uhrf1,188.3,171.6,273.6,197.8
Uhrf1bp1,1982.7,2069.3,1479.5,1674.0
Uhrf1bp1l,2839.0,2981.2,3001.8,2927.7
Uhrf2,2273.2,2294.7,2125.2,2095.4
Uimc1,748.8,836.7,650.9,661.0
Ulbp1,424.9,503.6,130.7,132.2
Ulk1,327.0,361.2,623.0,678.2
Ulk2,1753.6,1882.0,4803.7,4610.3
Ulk3,417.4,428.5,387.7,292.0
Ulk4,30.1,41.5,25.3,18.1
Umod,1.1,1.1,0.0,3.8
Umodl1,0.0,2.3,0.0,9.5
Umps,1173.7,1185.5,931.5,797.1
Unc119,1327.5,1376.2,428.7,526.0
Unc119b,1488.9,1719.4,543.7,528.8
Unc13a,97.9,94.2,56.6,56.1
Unc13b,22.6,19.1,35.7,32.3
Unc13c,0.0,0.0,14.8,9.5
Unc13d,863.9,843.4,835.6,1033.0
Unc45a,1469.5,1627.4,671.8,724.8
Unc45b,0.0,4.5,2.6,8.6
Unc50,1431.9,1441.2,1307.0,1221.3
Unc5a,19.4,22.4,15.7,26.6
Unc5b,2.2,1.1,493.2,258.7
Unc5c,1.1,2.3,376.4,154.1
Unc5cl,2.2,1.1,3.5,1.9
Unc5d,2.2,2.3,0.9,5.7
Unc79,2.2,4.5,6.1,11.4
Unc80,0.0,2.3,4.3,13.3
Unc93a,8.6,5.6,4.3,2.8
Unc93b1,13833.7,13297.4,32309.5,37643.9
Uncx,0.0,0.0,0.0,3.8
Ung,296.9,311.8,44.4,40.9
Unk,589.5,481.2,732.8,785.7
Unkl,420.6,426.2,519.3,533.6
Uox,0.0,0.0,5.2,1.9
Upb1,3.2,5.6,10.4,3.8
Upf1,828.4,880.4,916.6,1105.2
Upf2,761.7,771.7,729.3,768.5
Upf3a,525.0,507.0,509.7,496.5
Upf3b,517.5,539.5,375.5,362.4
Upk1a,12.9,0.0,2.6,3.8
Upk1b,0.0,0.0,0.0,3.8
Upk2,0.0,0.0,0.9,2.8
Upk3a,0.0,0.0,0.0,0.0
Upk3b,0.0,0.0,0.0,4.8
Upp1,430.3,487.9,0.9,9.5
Upp2,0.0,2.3,0.0,1.9
Uprt,411.0,411.6,575.1,708.6
Uqcc,617.5,611.3,585.5,548.8
Uqcr10,1883.7,1712.7,1181.5,1321.2
Uqcr11,478.7,437.4,317.2,352.9
Uqcrb,653.0,622.5,391.2,428.0
Uqcrc1,4437.7,4387.6,3375.6,4041.5
Uqcrc2,3639.4,3391.6,2693.3,2479.7
Uqcrfs1,3120.9,3015.9,1889.9,1693.1
Uqcrh,3042.4,3002.5,1932.6,1871.9
Uqcrq,2126.9,1935.8,1098.8,1226.0
Urb1,584.2,605.7,484.5,440.4
Urb2,610.0,620.2,689.2,576.4
Urgcp,1199.5,1222.5,1207.7,1271.7
Urm1,693.9,609.0,669.2,634.4
Uroc1,0.0,2.3,12.2,1.9
Urod,892.9,841.2,704.0,737.1
Uros,207.6,255.7,176.0,178.8
Use1,1317.9,1279.7,1549.2,1600.8
Usf1,1004.8,1011.7,1252.1,1395.3
Usf2,4750.7,4398.8,3087.2,3709.5
Ush1c,0.0,0.0,2.6,4.8
Ush1g,0.0,2.3,3.5,7.6
Ush2a,5.4,2.3,3.5,21.9
Ushbp1,0.0,3.4,3.5,5.7
Usmg5,76.4,68.4,61.0,53.3
Uso1,5351.0,5252.3,3681.4,3183.5
Usp-ps,1.1,0.0,8.7,12.4
Usp1,1307.1,1334.7,907.9,768.5
Usp10,232.4,227.7,250.1,190.2
Usp11,89.3,115.5,185.6,208.3
Usp12,3393.1,3275.0,2125.2,2219.0
Usp13,1.1,0.0,40.9,27.6
Usp14,2307.6,2357.6,1850.7,1487.6
Usp15,2524.9,2476.4,2094.7,2166.7
Usp16,1141.4,1099.2,945.4,925.5
Usp17l5,0.0,0.0,1.7,3.8
Usp18,210.9,176.1,517.6,601.1
Usp19,4045.0,4172.3,4174.6,4669.2
Usp2,120.5,120.0,118.5,155.0
Usp20,522.8,508.1,505.4,565.0
Usp21,389.4,419.5,609.1,686.7
Usp22,1951.5,2022.2,2802.2,2580.5
Usp24,3001.5,3377.1,3557.7,3193.0
Usp25,3535.1,3587.9,4287.0,4518.0
Usp26,0.0,2.3,0.0,2.8
Usp27x,40.9,43.8,91.5,79.9
Usp28,823.0,867.0,639.6,692.4
Usp29,0.0,0.0,2.6,11.4
Usp3,1252.2,1168.7,1087.4,1179.4
Usp30,1039.2,1019.5,589.0,565.9
Usp31,2657.2,2487.7,1641.6,1352.5
Usp32,2658.3,2680.6,1937.9,2025.0
Usp33,2540.0,2346.3,2162.7,2026.9
Usp34,3889.0,4035.4,4555.4,3938.7
Usp35,174.3,188.4,294.5,417.6
Usp36,582.0,572.0,634.3,552.6
Usp37,1398.5,1391.9,1375.8,1225.1
Usp38,1482.5,1601.6,1493.5,1344.0
Usp39,805.8,865.9,932.3,873.2
Usp4,4262.3,4268.7,3072.4,3065.6
Usp40,1431.9,1389.6,1387.2,1365.9
Usp42,182.9,207.5,236.1,242.5
Usp43,0.0,0.0,6.1,6.7
Usp44,6.5,7.9,6.1,12.4
Usp45,1863.3,1772.1,2079.9,1997.4
Usp46,522.8,459.9,389.5,267.3
Usp47,4635.6,4653.4,4130.2,3618.2
Usp48,2725.0,2934.0,3988.1,3882.6
Usp49,154.9,149.2,391.2,380.5
Usp5,3667.4,3675.4,3504.5,3353.8
Usp50,15.1,10.1,18.3,15.2
Usp51,0.0,0.0,0.0,0.0
Usp53,290.5,263.6,306.7,270.1
Usp54,418.5,431.8,436.5,399.5
Usp6nl,644.4,643.8,624.7,566.9
Usp7,2871.3,2921.7,2742.1,2876.3
Usp8,5630.7,5297.2,5669.8,5966.6
Usp9x,10004.9,10059.4,10978.9,10171.7
Usp9y,0.0,0.0,0.0,0.9
Uspl1,793.9,899.5,730.2,700.0
Ust,23.7,22.4,166.4,158.8
Utf1,0.0,0.0,0.0,0.0
Utp11l,483.0,443.0,749.3,629.7
Utp14a,1222.1,1290.9,1051.7,1150.9
Utp14b,451.8,467.7,429.6,326.2
Utp15,1337.2,1407.6,907.1,863.6
Utp18,1096.2,1065.5,635.2,535.5
Utp20,1803.0,1836.0,1482.1,1193.7
Utp23,418.5,387.0,334.6,316.7
Utp3,1170.5,1130.6,1393.3,1398.2
Utp6,1687.9,1658.8,1553.6,1334.5
Utrn,1710.5,1847.2,3190.9,2675.6
Uts2,0.0,0.0,0.0,0.0
Uts2d,0.0,0.0,0.0,0.0
Uts2r,0.0,0.0,3.5,1.9
Uty,1456.6,1644.2,1971.8,1743.5
Uvrag,2021.4,1929.1,2688.1,3011.4
Uxs1,518.5,547.3,344.2,364.3
Uxt,25.8,26.9,15.7,14.3
V1ra8,0.0,0.0,3.5,0.0
V1rd18,0.0,0.0,3.5,0.0
V1rd19,0.0,0.0,3.5,0.0
V1rg10,0.0,0.0,0.0,3.8
Vac14,3097.2,2956.5,2177.5,2156.3
Vamp1,229.2,284.9,202.1,198.8
Vamp2,380.8,378.0,451.3,496.5
Vamp3,4596.9,4583.9,3820.0,3775.1
Vamp4,2236.6,2043.5,928.0,982.5
Vamp5,23.7,21.3,119.4,128.4
Vamp7,1286.7,1239.3,1094.4,969.2
Vamp8,3136.0,3293.0,3014.0,3407.0
Vangl1,7.5,2.3,60.1,32.3
Vangl2,10.8,5.6,32.2,24.7
Vapa,4397.9,4494.2,3326.8,3334.7
Vapb,4877.7,4670.2,2716.0,2954.3
Vars,491.6,624.7,595.1,789.5
Vars2,371.2,289.4,348.5,348.1
Vash1,531.4,518.2,49.7,42.8
Vash2,399.1,358.9,91.5,65.6
Vasn,328.1,312.9,1111.0,691.5
Vasp,3527.5,3448.8,3977.7,4033.8
Vat1,41824.8,40713.1,10358.5,10665.3
Vat1l,22.6,7.9,0.9,4.8
Vaultrc5,11442.2,12727.6,8278.6,10260.1
Vav1,5171.4,5194.0,6549.9,7355.3
Vav2,1885.9,2016.6,1007.3,963.5
Vav3,1498.6,1439.0,3496.7,3623.9
Vax1,0.0,0.0,0.9,1.9
Vax2,0.0,0.0,0.9,2.8
Vax2os1,0.0,0.0,4.3,0.9
Vax2os2,8.6,1.1,0.0,0.9
Vbp1,868.2,794.1,962.8,720.0
Vcam1,64.6,63.9,495.8,469.9
Vcan,392.7,393.7,576.8,337.7
Vcl,7542.4,7705.2,7421.2,3362.3
Vcp,3544.8,3693.4,3315.5,3000.9
Vcpip1,1025.2,1215.8,1641.6,1698.8
Vdac1,4179.5,4364.1,2982.6,3027.5
Vdac2,6795.8,6682.3,3972.5,4022.4
Vdac3,948.9,1006.1,843.5,764.7
Vdr,258.2,247.9,69.7,34.2
Vegfa,4659.3,4673.6,2135.7,2340.8
Vegfb,267.9,253.5,123.7,147.4
Vegfc,1.1,0.0,13.1,2.8
Veph1,2.2,0.0,4.3,5.7
Vezf1,619.7,558.6,995.1,1035.8
Vezt,1097.3,1250.6,709.3,655.3
Vgf,3.2,0.0,13.9,7.6
Vgll1,0.0,0.0,0.0,0.0
Vgll2,0.0,0.0,0.9,3.8
Vgll3,0.0,2.3,422.6,156.0
Vgll4,603.5,555.2,758.1,873.2
Vhl,1284.5,1369.5,810.3,814.2
Vil1,12.9,14.6,13.1,9.5
Vill,691.7,741.4,236.1,351.0
Vim,109762.4,107046.4,36873.6,28870.4
Vip,0.0,1.1,0.0,0.0
Vipar,1882.6,2082.8,2493.8,2627.1
Vipr1,87.1,103.2,8.7,16.2
Vipr2,87.1,85.2,11.3,7.6
Vit,0.0,0.0,1.7,7.6
Vkorc1,793.9,777.3,752.8,715.3
Vkorc1l1,289.4,254.6,188.2,139.8
Vldlr,74.2,74.0,361.6,131.3
Vma21,1370.6,1341.4,1349.7,1250.8
Vmac,109.7,117.8,188.2,184.5
Vmn1r-ps103,0.0,0.0,0.0,0.0
Vmn1r-ps79,0.0,0.0,7.0,7.6
Vmn1r1,0.0,0.0,0.0,1.9
Vmn1r10,0.0,0.0,0.0,0.0
Vmn1r100,0.0,2.3,1.7,0.0
Vmn1r101,0.0,0.0,0.0,1.9
Vmn1r103,0.0,0.0,0.0,0.9
Vmn1r104,0.0,0.0,0.0,0.0
Vmn1r107,0.0,0.0,12.2,0.0
Vmn1r11,0.0,0.0,0.0,0.0
Vmn1r111,0.0,0.0,3.5,9.5
Vmn1r112,0.0,0.0,0.9,0.0
Vmn1r113,0.0,0.0,0.0,0.0
Vmn1r114,0.0,0.0,0.0,1.9
Vmn1r115,0.0,0.0,0.0,0.9
Vmn1r116,0.0,0.0,0.0,0.0
Vmn1r117,0.0,0.0,0.0,0.0
Vmn1r118,0.0,0.0,2.6,7.6
Vmn1r119,0.0,0.0,0.0,0.9
Vmn1r12,0.0,0.0,0.0,0.9
Vmn1r120,0.0,0.0,1.7,0.9
Vmn1r121,0.0,0.0,0.0,0.9
Vmn1r122,0.0,0.0,1.7,2.8
Vmn1r123,0.0,0.0,0.0,2.8
Vmn1r124,0.0,0.0,0.0,1.9
Vmn1r125,0.0,0.0,0.0,0.0
Vmn1r126,0.0,0.0,0.0,1.9
Vmn1r127,0.0,0.0,0.0,1.9
Vmn1r128,0.0,0.0,0.0,0.0
Vmn1r129,0.0,0.0,0.0,0.0
Vmn1r13,0.0,0.0,0.9,0.0
Vmn1r130,0.0,0.0,12.2,0.0
Vmn1r132,0.0,0.0,7.0,0.0
Vmn1r135,0.0,0.0,0.0,0.0
Vmn1r137,0.0,0.0,12.2,0.0
Vmn1r139,0.0,0.0,1.7,0.0
Vmn1r14,1.1,0.0,1.7,0.0
Vmn1r142,0.0,0.0,0.0,5.7
Vmn1r143,0.0,0.0,0.0,0.0
Vmn1r148,0.0,1.1,1.7,0.0
Vmn1r149,0.0,0.0,0.0,1.9
Vmn1r15,0.0,0.0,0.0,0.0
Vmn1r151,0.0,0.0,0.0,0.9
Vmn1r152,0.0,0.0,0.0,0.0
Vmn1r155,0.0,0.0,12.2,0.0
Vmn1r157,0.0,0.0,1.7,0.0
Vmn1r158,0.0,0.0,0.0,2.8
Vmn1r159,0.0,0.0,0.0,2.8
Vmn1r16,0.0,0.0,0.0,0.9
Vmn1r160,0.0,0.0,0.0,2.8
Vmn1r163,0.0,0.0,0.0,0.0
Vmn1r165,0.0,0.0,12.2,0.0
Vmn1r167,0.0,0.0,0.0,0.9
Vmn1r168,0.0,0.0,0.0,0.0
Vmn1r169,0.0,0.0,0.0,2.8
Vmn1r17,0.0,0.0,0.0,1.9
Vmn1r170,0.0,0.0,3.5,0.0
Vmn1r171,2.2,1.1,3.5,0.0
Vmn1r172,0.0,0.0,0.0,0.0
Vmn1r173,0.0,0.0,0.0,1.9
Vmn1r174,0.0,0.0,0.0,1.9
Vmn1r175,0.0,0.0,1.7,0.0
Vmn1r176,0.0,0.0,0.0,1.9
Vmn1r177,0.0,0.0,0.0,0.0
Vmn1r178,0.0,0.0,0.0,0.0
Vmn1r179,0.0,0.0,0.0,1.9
Vmn1r18,0.0,0.0,0.0,1.9
Vmn1r180,0.0,0.0,0.0,0.0
Vmn1r181,0.0,0.0,0.0,0.9
Vmn1r183,0.0,0.0,1.7,0.0
Vmn1r184,0.0,0.0,0.0,2.8
Vmn1r185,0.0,0.0,0.0,0.9
Vmn1r186,0.0,0.0,0.0,3.8
Vmn1r186,0.0,0.0,0.0,3.8
Vmn1r186,0.0,0.0,0.0,3.8
Vmn1r186,0.0,0.0,0.0,3.8
Vmn1r186,0.0,0.0,0.0,3.8
Vmn1r186,0.0,0.0,0.0,3.8
Vmn1r186,0.0,0.0,0.0,3.8
Vmn1r186,0.0,0.0,0.0,3.8
Vmn1r186,0.0,0.0,0.0,3.8
Vmn1r186,0.0,0.0,0.0,3.8
Vmn1r186,0.0,0.0,0.0,3.8
Vmn1r186,0.0,0.0,0.0,3.8
Vmn1r186,0.0,0.0,0.0,3.8
Vmn1r186,0.0,0.0,0.0,3.8
Vmn1r186,0.0,0.0,0.0,3.8
Vmn1r186,0.0,0.0,0.0,3.8
Vmn1r187,0.0,0.0,0.0,0.0
Vmn1r187,0.0,0.0,0.0,0.0
Vmn1r187,0.0,0.0,0.0,0.0
Vmn1r187,0.0,0.0,0.0,0.0
Vmn1r187,0.0,0.0,0.0,0.0
Vmn1r187,0.0,0.0,0.0,0.0
Vmn1r187,0.0,0.0,0.0,0.0
Vmn1r187,0.0,0.0,0.0,0.0
Vmn1r187,0.0,0.0,0.0,0.0
Vmn1r187,0.0,0.0,0.0,0.0
Vmn1r187,0.0,0.0,0.0,0.0
Vmn1r187,0.0,0.0,0.0,0.0
Vmn1r187,0.0,0.0,0.0,0.0
Vmn1r187,0.0,0.0,0.0,0.0
Vmn1r187,0.0,0.0,0.0,0.0
Vmn1r187,0.0,0.0,0.0,0.0
Vmn1r188,0.0,0.0,0.0,0.0
Vmn1r189,0.0,0.0,1.7,0.9
Vmn1r19,0.0,0.0,0.0,0.0
Vmn1r191,0.0,0.0,0.0,1.9
Vmn1r192,0.0,0.0,0.0,0.0
Vmn1r193,2.2,0.0,0.0,0.0
Vmn1r194,0.0,0.0,0.0,0.0
Vmn1r195,0.0,0.0,0.0,0.0
Vmn1r196,0.0,0.0,0.0,2.8
Vmn1r197,0.0,0.0,0.0,1.9
Vmn1r198,0.0,0.0,0.9,0.0
Vmn1r199,0.0,0.0,0.0,1.9
Vmn1r2,0.0,0.0,0.0,0.0
Vmn1r20,0.0,0.0,0.0,2.8
Vmn1r200,0.0,0.0,0.9,0.0
Vmn1r201,0.0,0.0,0.9,0.0
Vmn1r202,0.0,0.0,1.7,0.0
Vmn1r203,0.0,0.0,1.7,0.9
Vmn1r204,0.0,0.0,0.0,0.0
Vmn1r205,0.0,0.0,0.0,0.9
Vmn1r206,0.0,0.0,0.0,0.9
Vmn1r207-ps,0.0,0.0,0.0,2.8
Vmn1r208,0.0,0.0,0.0,0.0
Vmn1r209,2.2,0.0,0.0,1.9
Vmn1r21,2.2,2.3,0.0,1.9
Vmn1r210,0.0,0.0,1.7,0.0
Vmn1r211,0.0,0.0,0.0,0.0
Vmn1r212,1.1,0.0,0.0,3.8
Vmn1r213,0.0,0.0,0.0,1.9
Vmn1r214,0.0,0.0,0.0,1.9
Vmn1r215,0.0,0.0,0.0,1.9
Vmn1r216,0.0,0.0,0.0,0.0
Vmn1r217,0.0,0.0,0.0,3.8
Vmn1r218,0.0,0.0,0.0,1.9
Vmn1r219,0.0,0.0,0.0,0.0
Vmn1r22,0.0,0.0,0.0,1.9
Vmn1r220,0.0,0.0,0.0,0.0
Vmn1r221,0.0,0.0,0.0,0.0
Vmn1r222,0.0,0.0,0.0,1.9
Vmn1r223,0.0,0.0,0.0,0.0
Vmn1r224,0.0,0.0,0.9,3.8
Vmn1r225,0.0,0.0,0.0,0.0
Vmn1r226,2.2,0.0,0.0,0.0
Vmn1r227,0.0,0.0,0.0,0.0
Vmn1r228,0.0,0.0,0.9,1.9
Vmn1r229,0.0,0.0,0.0,0.0
Vmn1r23,0.0,0.0,0.0,0.0
Vmn1r230,0.0,0.0,0.0,0.0
Vmn1r231,0.0,0.0,0.0,1.9
Vmn1r232,0.0,0.0,0.0,1.9
Vmn1r233,0.0,0.0,0.0,0.0
Vmn1r234,0.0,0.0,0.0,3.8
Vmn1r235,0.0,2.3,0.0,0.0
Vmn1r236,0.0,0.0,0.0,3.8
Vmn1r237,0.0,0.0,0.9,1.9
Vmn1r238,0.0,0.0,0.0,0.0
Vmn1r24,0.0,0.0,0.0,0.0
Vmn1r25,0.0,0.0,1.7,0.0
Vmn1r26,2.2,0.0,0.0,0.0
Vmn1r27,0.0,0.0,0.0,0.0
Vmn1r28,0.0,0.0,0.0,0.0
Vmn1r29,2.2,0.0,0.0,0.0
Vmn1r3,0.0,0.0,0.0,5.7
Vmn1r30,0.0,0.0,0.0,0.0
Vmn1r31,0.0,0.0,0.0,0.9
Vmn1r32,0.0,0.0,0.9,0.9
Vmn1r33,0.0,0.0,1.7,1.9
Vmn1r34,0.0,0.0,0.0,0.0
Vmn1r35,0.0,2.3,1.7,0.0
Vmn1r36,0.0,0.0,0.0,0.0
Vmn1r37,0.0,0.0,0.0,0.0
Vmn1r38,0.0,0.0,0.0,0.0
Vmn1r39,0.0,0.0,0.0,1.9
Vmn1r4,2.2,0.0,0.0,0.0
Vmn1r40,0.0,0.0,0.0,0.0
Vmn1r41,0.0,0.0,0.0,0.9
Vmn1r42,2.2,0.0,0.0,0.0
Vmn1r43,4.3,0.0,0.0,1.9
Vmn1r44,0.0,0.0,0.0,0.9
Vmn1r45,4.3,0.0,4.3,2.8
Vmn1r46,0.0,0.0,0.9,2.8
Vmn1r47,0.0,0.0,0.0,0.0
Vmn1r48,0.0,0.0,0.0,0.0
Vmn1r49,0.0,2.3,0.0,0.9
Vmn1r5,0.0,0.0,0.9,0.9
Vmn1r50,0.0,0.0,0.0,0.0
Vmn1r51,2.2,0.0,0.0,1.9
Vmn1r52,0.0,0.0,3.5,0.0
Vmn1r53,0.0,2.3,0.9,0.0
Vmn1r54,0.0,0.0,0.0,0.0
Vmn1r55,0.0,0.0,0.0,1.9
Vmn1r56,0.0,0.0,0.0,0.0
Vmn1r57,0.0,0.0,1.7,0.0
Vmn1r58,0.0,1.1,2.6,1.9
Vmn1r59,0.0,0.0,0.0,0.9
Vmn1r6,0.0,0.0,0.0,0.0
Vmn1r60,0.0,0.0,0.0,0.0
Vmn1r61,0.0,0.0,0.0,0.0
Vmn1r62,0.0,0.0,0.0,6.7
Vmn1r62,0.0,0.0,0.0,6.7
Vmn1r62,0.0,0.0,0.0,6.7
Vmn1r62,0.0,0.0,0.0,6.7
Vmn1r62,0.0,0.0,0.0,6.7
Vmn1r62,0.0,0.0,0.0,6.7
Vmn1r62,0.0,0.0,0.0,6.7
Vmn1r62,0.0,0.0,0.0,6.7
Vmn1r62,0.0,0.0,0.0,6.7
Vmn1r62,0.0,0.0,0.0,6.7
Vmn1r62,0.0,0.0,0.0,6.7
Vmn1r62,0.0,0.0,0.0,6.7
Vmn1r62,0.0,0.0,0.0,6.7
Vmn1r62,0.0,0.0,0.0,6.7
Vmn1r62,0.0,0.0,0.0,6.7
Vmn1r62,0.0,0.0,0.0,6.7
Vmn1r63,0.0,2.3,0.0,0.0
Vmn1r63,0.0,2.3,0.0,0.0
Vmn1r63,0.0,2.3,0.0,0.0
Vmn1r63,0.0,2.3,0.0,0.0
Vmn1r63,0.0,2.3,0.0,0.0
Vmn1r63,0.0,2.3,0.0,0.0
Vmn1r63,0.0,2.3,0.0,0.0
Vmn1r63,0.0,2.3,0.0,0.0
Vmn1r63,0.0,2.3,0.0,0.0
Vmn1r63,0.0,2.3,0.0,0.0
Vmn1r63,0.0,2.3,0.0,0.0
Vmn1r63,0.0,2.3,0.0,0.0
Vmn1r63,0.0,2.3,0.0,0.0
Vmn1r63,0.0,2.3,0.0,0.0
Vmn1r63,0.0,2.3,0.0,0.0
Vmn1r63,0.0,2.3,0.0,0.0
Vmn1r64,3.2,0.0,0.0,0.0
Vmn1r65,1.1,0.0,0.0,0.0
Vmn1r66,0.0,0.0,0.0,5.7
Vmn1r67,0.0,0.0,0.0,0.0
Vmn1r68,0.0,0.0,0.0,0.9
Vmn1r69,0.0,0.0,0.0,0.0
Vmn1r7,0.0,0.0,0.0,0.0
Vmn1r70,0.0,0.0,0.9,0.9
Vmn1r71,0.0,0.0,0.0,0.9
Vmn1r72,0.0,0.0,1.7,0.0
Vmn1r73,0.0,0.0,0.0,0.9
Vmn1r74,0.0,0.0,0.0,0.0
Vmn1r75,0.0,0.0,0.0,0.0
Vmn1r76,0.0,0.0,0.0,0.0
Vmn1r77,0.0,0.0,0.0,0.0
Vmn1r78,0.0,0.0,0.0,0.0
Vmn1r79,0.0,0.0,0.0,1.9
Vmn1r8,0.0,0.0,0.0,0.0
Vmn1r80,0.0,0.0,0.0,0.0
Vmn1r81,2.2,0.0,0.0,0.0
Vmn1r82,0.0,0.0,0.0,2.8
Vmn1r83,0.0,0.0,0.0,3.8
Vmn1r84,0.0,0.0,0.0,0.0
Vmn1r85,0.0,0.0,1.7,1.9
Vmn1r86,0.0,0.0,0.0,0.0
Vmn1r87,0.0,0.0,0.0,1.9
Vmn1r88,0.0,0.0,0.0,0.0
Vmn1r89,0.0,0.0,0.0,0.0
Vmn1r9,0.0,0.0,0.0,0.9
Vmn1r90,0.0,0.0,0.0,0.0
Vmn1r91,0.0,0.0,0.0,0.9
Vmn1r93,0.0,0.0,0.0,3.8
Vmn1r94,0.0,0.0,0.0,5.7
Vmn1r95,0.0,0.0,0.0,0.0
Vmn2r-ps11,0.0,0.0,0.9,0.0
Vmn2r-ps129,2.2,0.0,0.0,3.8
Vmn2r-ps159,1.1,2.3,0.0,3.8
Vmn2r-ps54,3.2,3.4,3.5,5.7
Vmn2r-ps60,0.0,0.0,0.9,0.0
Vmn2r1,0.0,0.0,3.5,4.8
Vmn2r10,0.0,0.0,0.0,0.9
Vmn2r100,0.0,0.0,0.0,0.0
Vmn2r101,0.0,0.0,0.9,0.9
Vmn2r102,0.0,0.0,0.0,0.0
Vmn2r103,0.0,0.0,2.6,0.0
Vmn2r104,0.0,0.0,0.0,5.7
Vmn2r105,0.0,0.0,1.7,0.0
Vmn2r106,0.0,0.0,0.0,0.9
Vmn2r107,0.0,0.0,1.7,0.9
Vmn2r108,0.0,0.0,0.0,1.9
Vmn2r109,0.0,0.0,0.0,2.8
Vmn2r11,0.0,0.0,0.0,1.9
Vmn2r110,0.0,1.1,0.0,1.9
Vmn2r111,1.1,0.0,1.7,3.8
Vmn2r112,0.0,0.0,1.7,1.9
Vmn2r113,0.0,0.0,3.5,7.6
Vmn2r114,2.2,0.0,0.0,2.8
Vmn2r115,0.0,0.0,0.9,0.0
Vmn2r116,0.0,0.0,5.2,0.0
Vmn2r117,2.2,0.0,1.7,1.9
Vmn2r118,0.0,0.0,0.0,4.8
Vmn2r12,0.0,0.0,0.0,0.9
Vmn2r120,0.0,0.0,0.9,0.9
Vmn2r121,1.1,0.0,0.0,0.9
Vmn2r123,1.1,2.3,0.0,3.8
Vmn2r13,0.0,0.0,1.7,1.9
Vmn2r14,0.0,0.0,3.5,1.9
Vmn2r15,0.0,0.0,0.0,0.0
Vmn2r16,0.0,0.0,0.0,0.0
Vmn2r17,0.0,0.0,0.0,1.9
Vmn2r18,0.0,0.0,0.0,3.8
Vmn2r19,0.0,0.0,0.0,0.9
Vmn2r2,0.0,0.0,0.9,1.9
Vmn2r20,0.0,0.0,0.0,0.9
Vmn2r21,0.0,0.0,0.0,0.0
Vmn2r22,0.0,0.0,0.9,0.0
Vmn2r23,0.0,0.0,1.7,4.8
Vmn2r24,0.0,0.0,0.9,1.9
Vmn2r25,2.2,2.3,1.7,2.8
Vmn2r26,2.2,0.0,3.5,0.9
Vmn2r27,0.0,0.0,3.5,2.8
Vmn2r28,0.0,0.0,0.0,1.9
Vmn2r29,18.3,37.0,19.2,20.0
Vmn2r3,1.1,1.1,1.7,1.9
Vmn2r30,0.0,2.3,1.7,2.8
Vmn2r31,0.0,0.0,0.0,0.9
Vmn2r32,0.0,0.0,0.9,0.0
Vmn2r33,0.0,0.0,0.9,3.8
Vmn2r34,0.0,0.0,0.9,0.0
Vmn2r35,0.0,2.3,1.7,2.8
Vmn2r36,1.1,0.0,0.0,0.9
Vmn2r37,0.0,0.0,0.9,0.9
Vmn2r38,0.0,0.0,0.0,3.8
Vmn2r39,0.0,0.0,0.0,0.9
Vmn2r4,0.0,2.3,1.7,1.9
Vmn2r40,0.0,0.0,0.9,0.0
Vmn2r41,0.0,0.0,0.9,0.0
Vmn2r42,0.0,0.0,0.9,2.8
Vmn2r43,0.0,0.0,0.0,0.0
Vmn2r44,0.0,0.0,0.9,1.9
Vmn2r45,0.0,0.0,0.0,0.0
Vmn2r46,2.2,19.1,6.1,10.5
Vmn2r47,0.0,9.0,0.9,1.9
Vmn2r48,0.0,0.0,0.9,0.0
Vmn2r49,0.0,0.0,0.9,1.9
Vmn2r5,0.0,0.0,0.9,0.0
Vmn2r50,0.0,0.0,0.0,0.9
Vmn2r51,0.0,0.0,0.0,0.0
Vmn2r52,0.0,0.0,0.0,2.8
Vmn2r53,0.0,0.0,1.7,1.9
Vmn2r54,0.0,2.3,0.9,6.7
Vmn2r55,0.0,0.0,0.0,4.8
Vmn2r56,0.0,1.1,1.7,10.5
Vmn2r57,2.2,2.3,0.0,1.9
Vmn2r58,0.0,0.0,0.0,1.9
Vmn2r59,0.0,0.0,3.5,1.9
Vmn2r6,0.0,0.0,0.9,0.0
Vmn2r60,0.0,2.3,0.0,4.8
Vmn2r61,0.0,0.0,1.7,1.9
Vmn2r62,0.0,0.0,1.7,1.9
Vmn2r63,0.0,2.3,0.0,0.9
Vmn2r65,0.0,0.0,0.0,3.8
Vmn2r66,2.2,0.0,1.7,0.0
Vmn2r67,0.0,0.0,0.0,0.9
Vmn2r68-ps,0.0,0.0,0.0,3.8
Vmn2r69,0.0,0.0,0.0,0.9
Vmn2r7,0.0,0.0,0.9,2.8
Vmn2r70,0.0,0.0,0.0,0.0
Vmn2r71,0.0,0.0,1.7,0.0
Vmn2r72-ps,0.0,0.0,0.0,1.9
Vmn2r73,0.0,0.0,0.0,0.0
Vmn2r74,0.0,0.0,0.0,3.8
Vmn2r75,0.0,0.0,0.0,1.9
Vmn2r76,0.0,0.0,0.0,0.0
Vmn2r77,0.0,0.0,2.6,2.8
Vmn2r78,1.1,0.0,0.0,0.0
Vmn2r79,0.0,2.3,0.0,1.9
Vmn2r8,0.0,0.0,0.0,5.7
Vmn2r80,0.0,0.0,0.0,1.9
Vmn2r81,0.0,0.0,0.0,1.9
Vmn2r82,0.0,0.0,1.7,4.8
Vmn2r83,0.0,0.0,0.0,1.9
Vmn2r84,0.0,0.0,0.0,3.8
Vmn2r85,0.0,0.0,1.7,0.9
Vmn2r86,0.0,0.0,0.0,2.8
Vmn2r87,0.0,0.0,0.0,0.0
Vmn2r88,0.0,0.0,0.0,1.9
Vmn2r89,0.0,0.0,0.0,0.9
Vmn2r9,0.0,0.0,0.9,0.0
Vmn2r90,0.0,0.0,1.7,0.0
Vmn2r91,0.0,0.0,0.0,1.9
Vmn2r92,0.0,0.0,0.9,1.9
Vmn2r93,0.0,0.0,0.9,2.8
Vmn2r94,0.0,0.0,0.0,0.0
Vmn2r95,0.0,0.0,0.0,1.9
Vmn2r96,0.0,2.3,0.0,1.9
Vmn2r97,0.0,2.3,1.7,0.0
Vmn2r98,0.0,0.0,0.0,1.9
Vmn2r99,0.0,4.5,1.7,2.8
Vmo1,0.0,0.0,0.0,1.9
Vmp1,8967.8,9073.5,4632.1,3700.0
Vnn1,0.0,1.1,17.4,12.4
Vnn3,121.6,148.1,65.3,54.2
Vopp1,1329.7,1361.6,396.5,267.3
Vprbp,1084.4,1119.3,779.0,697.2
Vpreb1,0.0,4.5,1.7,3.8
Vpreb2,0.0,0.0,0.0,0.0
Vpreb3,0.0,1.1,4.3,0.0
Vps11,2140.8,2080.5,1592.8,1789.1
Vps13a,2507.7,2589.7,2928.6,2522.5
Vps13b,4493.6,4821.7,3964.6,3934.0
Vps13c,16328.4,16433.3,8411.1,8208.5
Vps13d,10778.4,10615.7,7387.3,7525.5
Vps16,1868.7,1796.8,1567.5,1681.6
Vps18,5794.2,5542.8,3279.7,4045.3
Vps25,741.2,721.2,658.7,675.3
Vps26a,5160.6,5209.7,4730.5,4684.4
Vps26b,2719.6,2715.3,2864.1,2902.9
Vps28,1635.2,1637.5,1748.8,1751.1
Vps29,2433.5,2349.7,1703.5,1578.9
Vps33a,3113.4,3358.0,2868.5,3157.8
Vps33b,364.7,441.9,426.1,478.4
Vps35,11682.1,11440.1,9048.9,7861.3
Vps36,564.8,549.6,675.3,524.1
Vps37a,1669.6,1640.9,1568.4,1431.5
Vps37b,885.4,850.2,712.7,745.7
Vps37c,643.3,640.4,799.9,857.0
Vps37d,1.1,2.3,21.8,8.6
Vps39,2958.4,3094.4,3753.7,4179.4
Vps41,3529.7,3541.9,3751.1,3960.6
Vps45,743.4,739.1,576.8,631.6
Vps4a,1539.5,1435.6,1419.4,1350.6
Vps4b,4544.2,4413.4,4141.5,3720.9
Vps52,1990.2,1967.3,1906.5,2082.1
Vps53,1424.4,1341.4,1204.2,1284.1
Vps54,1991.3,2188.2,1551.0,1486.7
Vps72,728.3,651.6,693.6,799.0
Vps8,3331.7,3262.7,1964.0,1938.5
Vrk1,760.6,901.8,595.1,635.4
Vrk2,503.5,605.7,911.4,847.5
Vrk3,1336.1,1365.0,852.2,890.3
Vrtn,0.0,2.3,4.3,0.0
Vsig1,0.0,0.0,1.7,0.0
Vsig10,179.7,157.0,97.6,70.4
Vsig2,2.2,0.0,2.6,0.9
Vsig4,1.1,1.1,40.1,35.2
Vsig8,8.6,14.6,2.6,13.3
Vsnl1,2.2,2.3,0.0,0.9
Vstm2a,1.1,1.1,6.1,1.9
Vstm2b,0.0,1.1,1.7,1.9
Vstm2l,0.0,0.0,0.9,6.7
Vsx1,0.0,0.0,1.7,1.9
Vsx2,0.0,0.0,0.0,11.4
Vta1,931.6,906.2,868.7,917.9
Vtcn1,0.0,0.0,0.0,0.9
Vti1a,1925.7,1864.1,1526.6,1626.5
Vti1b,2190.3,2135.5,1767.1,1714.9
Vtn,0.0,3.4,0.0,1.9
Vwa1,18.3,16.8,20.9,27.6
Vwa2,0.0,0.0,1.7,3.8
Vwa3a,1.1,2.3,4.3,12.4
Vwa5a,10515.9,10197.4,10117.2,9882.5
Vwa5b1,0.0,0.0,0.9,1.9
Vwa5b2,1.1,2.3,7.0,6.7
Vwc2,2.2,0.0,4.3,2.8
Vwc2l,2.2,0.0,1.7,1.9
Vwce,1.1,2.3,0.0,8.6
Vwde,0.0,2.3,1.7,5.7
Vwf,8417.0,8577.8,261.4,254.9
Wac,2888.5,2703.0,2639.3,2608.1
Wap,2.2,0.0,0.9,1.9
Wapal,5483.3,5403.8,5100.0,4908.9
Wars,2644.3,2468.6,1438.6,1428.6
Wars2,444.3,512.6,409.5,385.2
Was,1454.5,1427.8,2122.6,2332.2
Wasf1,0.0,0.0,5.2,4.8
Wasf2,3895.5,3703.4,5416.3,6349.9
Wasf3,0.0,0.0,1.7,8.6
Wasl,375.5,367.9,487.9,553.6
Wbp1,456.1,421.7,297.1,332.9
Wbp11,1326.5,1273.0,1242.5,1398.2
Wbp2,3143.5,3086.6,2028.5,2379.8
Wbp2nl,0.0,0.0,1.7,0.9
Wbp4,1226.4,1379.5,1369.7,1304.0
Wbp5,2807.8,2872.4,1485.6,1213.7
Wbp7,887.5,954.5,991.6,1111.9
Wbscr16,352.9,295.0,318.9,304.4
Wbscr17,0.0,0.0,8.7,0.0
Wbscr22,567.0,653.9,539.4,503.2
Wbscr25,0.0,0.0,0.0,6.7
Wbscr27,400.2,419.5,98.5,138.9
Wbscr28,1.1,1.1,1.7,0.9
Wdfy1,2433.5,2408.0,1512.6,1308.8
Wdfy2,828.4,772.8,1534.4,1906.1
Wdfy3,2435.6,2526.9,7118.9,8256.0
Wdfy4,5922.3,6203.4,5048.6,5756.4
Wdhd1,519.6,583.2,297.1,238.7
Wdpcp,308.8,292.7,259.6,233.0
Wdr1,16593.1,16387.3,13584.3,12915.7
Wdr11,1706.2,1848.4,2371.8,2457.8
Wdr12,264.7,204.1,196.9,195.9
Wdr13,2140.8,2150.1,1756.6,1770.1
Wdr16,1.1,0.0,0.9,2.8
Wdr17,1.1,0.0,4.3,0.9
Wdr18,885.4,827.7,1132.7,1287.9
Wdr19,449.7,466.6,524.5,536.4
Wdr20a,675.6,642.7,785.1,772.3
Wdr20b,22.6,30.3,32.2,22.8
Wdr24,827.3,845.7,806.9,912.2
Wdr25,116.2,111.0,147.2,155.0
Wdr26,11115.1,10871.4,11791.9,11708.7
Wdr27,1.1,1.1,2.6,6.7
Wdr3,2118.2,2292.5,2377.0,2242.8
Wdr31,0.0,0.0,8.7,3.8
Wdr33,1255.5,1366.1,1402.9,1493.3
Wdr34,123.7,162.6,176.0,155.0
Wdr35,153.8,182.8,233.5,136.0
Wdr36,1149.0,1146.3,1419.4,1163.3
Wdr37,2102.1,2245.4,1800.2,1888.0
Wdr38,33.4,53.8,31.4,49.5
Wdr4,608.9,615.8,493.2,456.6
Wdr41,1444.8,1434.5,1790.6,1946.1
Wdr43,475.5,526.0,633.5,572.6
Wdr44,913.4,913.0,1173.7,1208.0
Wdr45,544.4,556.3,533.3,619.2
Wdr45l,1880.5,1886.5,2092.1,2059.2
Wdr46,578.8,546.2,641.3,547.9
Wdr47,715.4,739.1,501.9,487.0
Wdr48,1932.1,1794.5,1785.4,1773.0
Wdr5,1570.7,1474.9,1300.9,1289.8
Wdr52,3.2,2.3,4.3,8.6
Wdr53,189.3,207.5,177.7,197.8
Wdr54,17.2,24.7,15.7,20.0
Wdr55,606.8,601.2,409.5,387.1
Wdr59,583.1,587.7,546.3,609.7
Wdr5b,133.4,160.4,185.6,174.1
Wdr6,554.0,546.2,822.5,804.7
Wdr60,90.4,127.9,152.5,172.2
Wdr61,946.7,957.8,853.0,791.4
Wdr62,775.7,720.1,446.1,519.3
Wdr63,2.2,0.0,3.5,4.8
Wdr64,0.0,0.0,0.9,0.0
Wdr65,2.2,2.3,6.1,5.7
Wdr67,541.1,508.1,977.6,1018.7
Wdr69,0.0,0.0,0.9,2.8
Wdr7,3775.0,3873.9,1876.9,1950.8
Wdr70,427.1,387.0,406.9,386.2
Wdr72,5.4,0.0,14.8,7.6
Wdr73,391.6,382.5,331.1,322.4
Wdr74,419.6,375.7,332.8,358.6
Wdr75,726.2,758.2,692.7,551.7
Wdr76,295.9,291.6,321.5,334.8
Wdr77,570.2,587.7,818.2,666.8
Wdr78,30.1,12.3,26.1,14.3
Wdr8,360.4,342.1,386.0,396.6
Wdr81,2173.1,2118.7,2175.7,2615.7
Wdr82,3236.0,3139.3,2556.5,2643.3
Wdr83,424.9,410.5,374.7,296.8
Wdr85,245.3,283.8,323.3,260.6
Wdr86,3.2,6.7,0.0,3.8
Wdr89,7500.5,7436.0,9208.4,10400.9
Wdr90,287.2,292.7,230.0,205.4
Wdr91,6290.2,6353.7,2171.4,2108.7
Wdr92,275.4,233.3,224.8,251.1
Wdr93,2.2,6.7,0.0,2.8
Wdr95,0.0,0.0,7.0,4.8
Wdr96,79.6,78.5,126.3,97.0
Wdsub1,388.4,409.4,526.3,554.5
Wdtc1,1195.2,1251.7,935.8,1071.9
Wdyhv1,281.9,268.1,316.3,325.3
Wee1,413.1,413.9,166.4,167.4
Wee2,3.2,0.0,7.0,6.7
Wfdc1,0.0,0.0,1.7,0.9
Wfdc10,0.0,0.0,0.0,4.8
Wfdc11,0.0,0.0,1.7,0.9
Wfdc12,1.1,0.0,0.0,0.0
Wfdc13,0.0,0.0,0.0,1.9
Wfdc15a,0.0,0.0,0.0,0.0
Wfdc15b,0.0,0.0,0.0,0.0
Wfdc16,1.1,0.0,0.9,2.8
Wfdc2,0.0,0.0,0.0,1.9
Wfdc3,0.0,0.0,1.7,0.0
Wfdc5,0.0,0.0,1.7,5.7
Wfdc6a,0.0,0.0,1.7,1.9
Wfdc6b,0.0,0.0,1.7,0.0
Wfdc8,0.0,0.0,0.0,2.8
Wfdc9,0.0,0.0,0.0,1.9
Wfikkn1,40.9,35.9,40.1,47.6
Wfikkn2,4.3,0.0,3.5,3.8
Wfs1,442.2,379.1,91.5,114.1
Whamm,498.1,425.1,509.7,523.1
Whrn,9.7,7.9,9.6,17.1
Whsc1,1843.9,1833.8,2016.3,1873.8
Whsc1l1,3085.4,2941.9,2966.0,2915.3
Whsc2,783.2,756.0,676.2,779.0
Wibg,465.8,418.4,406.0,473.7
Wif1,0.0,0.0,13.9,4.8
Wipf1,2981.0,2957.6,3081.9,3480.3
Wipf2,814.4,781.7,971.5,929.3
Wipf3,0.0,0.0,5.2,8.6
Wipi1,111.9,130.1,204.8,107.5
Wipi2,1965.5,1884.3,1948.3,1959.4
Wisp1,3.2,6.7,1124.0,371.9
Wisp2,0.0,0.0,650.0,253.0
Wisp3,1.1,1.1,0.0,8.6
Wiz,487.3,503.6,578.6,656.3
Wls,3765.3,3650.7,3900.1,3105.5
Wnk1,3415.7,3458.9,10322.8,10377.1
Wnk2,6.5,13.5,4.3,15.2
Wnk4,36.6,21.3,29.6,38.0
Wnt1,0.0,0.0,1.7,7.6
Wnt10a,2.2,0.0,7.0,5.7
Wnt10b,2.2,0.0,100.2,18.1
Wnt11,6.5,2.3,13.9,1.9
Wnt16,2.2,4.5,7.8,9.5
Wnt2,0.0,0.0,0.0,3.8
Wnt2b,49.5,48.2,68.8,52.3
Wnt3,0.0,0.0,0.0,3.8
Wnt3a,0.0,0.0,0.0,8.6
Wnt4,31.2,14.6,45.3,27.6
Wnt5a,0.0,0.0,225.7,93.2
Wnt5b,0.0,0.0,18.3,3.8
Wnt6,89.3,108.8,5.2,17.1
Wnt7a,0.0,2.3,0.9,6.7
Wnt7b,0.0,0.0,0.9,10.5
Wnt8a,0.0,0.0,0.0,4.8
Wnt8b,2.2,4.5,6.1,5.7
Wnt9a,4.3,0.0,19.2,11.4
Wnt9b,1.1,0.0,0.0,13.3
Wrap53,166.8,152.5,96.7,111.3
Wrb,635.8,652.8,611.7,586.9
Wrn,1478.1,1519.7,1949.2,1918.5
Wrnip1,728.3,764.9,417.4,360.5
Wsb1,7414.4,7720.9,5238.5,4926.0
Wsb2,6320.3,6557.9,1857.7,1726.3
Wscd1,0.0,1.1,5.2,0.9
Wscd2,2.2,0.0,3.5,11.4
Wt1,0.0,0.0,1.7,4.8
Wtap,2845.5,2789.4,2719.5,2601.4
Wtip,53.8,43.8,139.4,87.5
Wwc1,4.3,1.1,16.5,19.0
Wwc2,791.8,753.7,1070.9,1017.7
Wwox,365.8,354.4,246.6,277.7
Wwp1,2900.4,2940.8,20853.0,21471.4
Wwp2,2768.0,2636.8,3575.1,3761.8
Wwtr1,1.1,2.3,420.8,124.6
X99384,1941.8,1793.4,989.8,1005.4
Xab2,1664.3,1572.5,1741.8,2100.1
Xaf1,601.4,621.4,2391.0,2963.8
Xbp1,5022.9,5284.9,2448.5,2261.8
Xcl1,0.0,0.0,0.0,0.9
Xcr1,37.7,32.5,47.0,60.9
Xdh,3752.4,4006.3,5499.1,6090.2
Xiap,4969.1,4854.2,5089.5,4696.8
Xirp1,0.0,0.0,20.9,8.6
Xirp2,0.0,3.4,4.3,20.0
Xist,0.0,0.0,2.6,19.0
Xk,38.7,19.1,66.2,68.5
Xkr4,0.0,0.0,0.0,0.0
Xkr5,4.3,1.1,21.8,27.6
Xkr6,18.3,11.2,7.8,8.6
Xkr7,0.0,0.0,1.7,1.9
Xkr8,163.5,182.8,173.4,201.6
Xkr9,0.0,0.0,0.9,0.9
Xkrx,7.5,4.5,12.2,17.1
Xlr,9.7,12.3,15.7,9.5
Xlr3a,29.1,26.9,4.3,35.2
Xlr3b,72.1,85.2,21.8,78.9
Xlr3c,44.1,34.8,13.1,31.4
Xlr4a,21.5,18.0,16.5,20.0
Xlr4b,97.9,122.3,47.9,59.9
Xlr4c,58.1,61.7,50.5,33.3
Xlr5a,0.0,0.0,0.9,2.8
Xlr5b,0.0,0.0,0.9,3.8
Xlr5c,0.0,0.0,0.9,2.8
Xpa,366.9,324.1,305.0,320.5
Xpc,745.5,699.9,1058.7,1013.0
Xpnpep1,2329.1,2461.9,1749.7,1758.7
Xpnpep2,2.2,0.0,4.3,5.7
Xpnpep3,461.5,417.2,321.5,312.9
Xpo1,3836.3,3794.3,4314.9,3347.1
Xpo4,754.1,722.3,740.6,656.3
Xpo5,1469.5,1518.6,1646.0,1477.1
Xpo6,2531.4,2603.2,3162.1,3219.7
Xpo7,2394.7,2479.8,2453.7,2404.5
Xpot,2955.2,3030.5,2851.0,2391.2
Xpr1,5670.5,5447.5,3691.0,3811.3
Xrcc1,956.4,975.8,527.2,553.6
Xrcc2,62.4,116.7,124.6,105.6
Xrcc3,113.0,92.0,148.1,161.7
Xrcc4,274.3,247.9,326.7,270.1
Xrcc5,315.2,262.5,104.6,39.0
Xrcc6,180.7,145.8,224.8,242.5
Xrcc6bp1,158.1,130.1,95.0,98.9
Xrn1,2166.7,2150.1,2668.9,2484.4
Xrn2,2893.9,2834.2,3360.8,3402.3
Xrra1,29.1,44.9,17.4,14.3
Xylb,158.1,108.8,94.1,92.3
Xylt1,2045.1,2221.8,403.4,521.2
Xylt2,658.4,675.2,4563.2,4800.5
Yaf2,542.2,474.4,632.6,648.7
Yap1,1.1,0.0,269.2,92.3
Yars,1611.5,1643.1,1069.1,896.9
Yars2,270.0,306.2,231.8,235.9
Ybey,228.1,205.3,210.9,190.2
Ybx1,6501.0,6260.6,3786.9,3964.4
Ybx2,2.2,0.0,1.7,3.8
Ydjc,147.4,151.4,113.3,99.9
Yeats2,705.7,717.8,1056.9,896.0
Yeats4,1423.3,1323.5,890.5,916.0
Yes1,6.5,0.0,85.4,18.1
Yif1a,846.7,745.9,653.5,686.7
Yif1b,1053.2,1002.7,750.2,747.6
Yipf1,904.8,923.1,832.1,850.3
Yipf2,667.0,675.2,573.3,646.8
Yipf3,2436.7,2427.1,1938.7,2145.8
Yipf4,1325.4,1477.1,1243.4,1160.4
Yipf5,2062.3,2122.0,1510.0,1384.9
Yipf6,1750.3,1808.0,1635.5,1457.2
Yipf7,0.0,1.1,9.6,0.0
Ykt6,1948.3,1995.3,1636.4,1483.8
Ylpm1,594.9,715.6,779.8,868.4
Yme1l1,5574.8,5355.5,4723.6,4074.7
Yod1,465.8,499.1,471.4,417.6
Ypel1,67.8,71.8,108.9,146.5
Ypel2,4089.1,3936.7,1340.1,1513.3
Ypel3,1549.2,1581.4,2377.9,2475.9
Ypel4,17.2,14.6,5.2,2.8
Ypel5,3370.5,3206.6,2365.7,2305.6
Yrdc,463.7,467.7,365.1,331.9
Ysk4,4.3,4.5,19.2,3.8
Ythdc1,542.2,594.4,694.5,726.7
Ythdc2,819.8,841.2,810.3,771.4
Ythdf1,1797.7,1707.0,1784.5,1756.8
Ythdf2,2456.0,2308.2,2770.9,2603.3
Ythdf3,3680.3,3728.1,3935.0,3835.1
Ywhab,5268.2,5151.4,3578.6,3752.3
Ywhae,12551.3,12065.9,11097.4,10786.1
Ywhag,6051.4,6391.9,5853.7,6271.0
Ywhah,9471.3,9377.5,7957.1,7882.2
Ywhaq,2988.6,2938.5,3101.1,2649.9
Ywhaz,14833.1,14776.7,8706.5,8059.1
Yy1,1038.1,1033.0,1169.3,1091.9
Yy2,225.9,249.0,227.4,181.7
Zadh2,1158.6,1109.2,996.8,893.1
Zan,5.4,9.0,10.4,26.6
Zap70,0.0,0.0,0.0,8.6
Zar1,0.0,0.0,1.7,5.7
Zar1l,0.0,0.0,0.0,3.8
Zbbx,0.0,0.0,0.0,3.8
Zbed3,72.1,102.1,132.4,171.2
Zbed4,547.6,620.2,657.0,682.9
Zbed6,5141.2,5022.4,4192.0,3615.3
Zbp1,274.3,300.6,820.8,1034.9
Zbtb1,1199.5,1093.5,1709.6,1539.0
Zbtb10,140.9,141.3,237.0,140.8
Zbtb11,1441.6,1431.1,1260.0,1149.9
Zbtb12,34.4,37.0,86.3,87.5
Zbtb16,0.0,2.3,129.8,186.4
Zbtb17,667.0,712.2,748.5,824.6
Zbtb2,428.2,454.2,426.1,522.2
Zbtb20,250.7,264.7,399.9,505.1
Zbtb22,1189.8,1103.6,1201.6,1244.1
Zbtb24,508.9,538.4,534.1,527.9
Zbtb25,127.0,117.8,166.4,137.9
Zbtb26,340.0,343.2,481.0,443.2
Zbtb3,85.0,93.1,95.0,83.7
Zbtb32,20.4,14.6,31.4,36.1
Zbtb33,1721.3,1573.6,1893.4,1701.6
Zbtb34,875.7,921.9,1994.5,2234.3
Zbtb37,186.1,192.9,325.9,294.9
Zbtb38,1999.9,1855.1,1339.2,1548.5
Zbtb39,315.2,375.7,462.7,491.7
Zbtb4,483.0,503.6,2054.6,2249.5
Zbtb40,627.2,566.4,564.6,520.3
Zbtb41,956.4,916.3,1138.8,1006.3
Zbtb42,859.6,818.8,272.7,330.0
Zbtb43,1081.2,1182.1,925.4,980.6
Zbtb44,2149.4,2070.4,1688.7,1552.3
Zbtb45,278.6,266.9,404.3,494.6
Zbtb46,88.2,134.6,30.5,42.8
Zbtb48,122.6,161.5,183.8,205.4
Zbtb49,147.4,133.5,125.5,145.5
Zbtb5,465.8,475.6,752.0,926.4
Zbtb6,1297.4,1213.6,1226.0,1223.2
Zbtb7a,1529.8,1467.0,1232.9,1489.5
Zbtb7b,2981.0,3060.8,2404.0,2856.3
Zbtb7c,3.2,9.0,5.2,6.7
Zbtb8a,30.1,50.5,30.5,20.0
Zbtb8b,0.0,0.0,0.0,6.7
Zbtb8os,33.4,23.6,20.0,33.3
Zbtb9,628.3,641.6,677.0,668.7
Zc3h10,834.8,762.7,563.7,663.9
Zc3h11a,5429.5,5416.1,4710.5,4031.9
Zc3h12a,887.5,867.0,818.2,871.3
Zc3h12b,6.5,7.9,21.8,13.3
Zc3h12c,2012.8,1913.4,1375.0,1489.5
Zc3h12d,253.9,253.5,1141.5,1330.7
Zc3h13,444.3,415.0,547.2,574.5
Zc3h14,2183.9,2018.8,2016.3,1780.6
Zc3h15,1186.6,1200.1,1090.9,906.4
Zc3h18,1250.1,1381.8,1249.5,1309.7
Zc3h3,440.0,441.9,457.4,555.5
Zc3h4,1464.2,1416.6,1903.0,2163.9
Zc3h6,101.1,111.0,146.4,130.3
Zc3h7a,4059.0,3893.0,2911.2,2800.2
Zc3h7b,691.7,756.0,1049.1,1142.3
Zc3h8,63.5,81.9,69.7,51.4
Zc3hav1,3942.8,4094.9,3718.0,3891.2
Zc3hav1l,36.6,12.3,108.0,77.0
Zc3hc1,434.6,452.0,447.9,462.3
Zc4h2,109.7,78.5,165.5,152.2
Zcchc10,220.5,197.4,196.0,201.6
Zcchc11,493.8,427.3,2140.0,2185.8
Zcchc12,0.0,0.0,1.7,6.7
Zcchc13,0.0,0.0,1.7,1.9
Zcchc14,111.9,101.0,509.7,437.5
Zcchc16,0.0,0.0,0.0,0.0
Zcchc17,427.1,413.9,424.3,324.3
Zcchc18,6.5,2.3,7.8,11.4
Zcchc2,2540.0,2363.2,2181.8,2166.7
Zcchc24,224.8,259.1,2591.4,2607.1
Zcchc3,57.0,50.5,75.8,52.3
Zcchc4,245.3,268.1,179.5,208.3
Zcchc5,0.0,0.0,1.7,0.0
Zcchc6,4218.2,4091.5,5477.3,5414.9
Zcchc7,786.4,732.4,876.6,811.3
Zcchc8,1196.3,1231.5,1259.1,1260.3
Zcchc9,551.9,513.7,522.8,529.8
Zcrb1,640.1,681.9,542.8,554.5
Zcwpw1,152.8,138.0,56.6,35.2
Zdbf2,0.0,0.0,3.5,6.7
Zdhhc1,527.1,519.3,269.2,294.9
Zdhhc11,0.0,0.0,0.0,0.9
Zdhhc12,458.3,449.8,261.4,293.9
Zdhhc13,1058.6,1110.4,810.3,784.7
Zdhhc14,273.3,280.4,1060.4,1208.9
Zdhhc15,1.1,12.3,27.0,21.9
Zdhhc16,882.2,808.7,655.2,727.6
Zdhhc17,959.6,1033.0,1126.6,1207.0
Zdhhc18,744.5,732.4,633.5,624.0
Zdhhc19,0.0,0.0,1.7,8.6
Zdhhc2,14.0,16.8,10.4,4.8
Zdhhc20,3989.1,4004.0,3592.5,2660.4
Zdhhc21,2214.0,2183.7,1946.6,1851.9
Zdhhc22,2.2,2.3,5.2,2.8
Zdhhc23,2.2,0.0,15.7,8.6
Zdhhc24,370.1,348.8,403.4,351.0
Zdhhc25,0.0,0.0,0.9,0.9
Zdhhc3,2016.0,1989.7,1948.3,2027.9
Zdhhc4,476.6,515.9,508.9,540.3
Zdhhc5,3194.0,3088.8,2339.6,2249.5
Zdhhc6,960.7,867.0,646.5,636.3
Zdhhc7,1518.0,1607.2,1504.8,1764.4
Zdhhc8,660.5,668.5,659.6,643.0
Zdhhc9,2719.6,2646.9,2180.1,2072.6
Zeb1,52.7,69.5,256.2,170.3
Zeb2,14463.0,14344.9,18743.5,19460.7
Zer1,633.6,651.6,799.0,879.8
Zf12,36.6,41.5,34.0,47.6
Zfa,115.1,121.1,118.5,139.8
Zfand1,104.4,131.2,124.6,123.6
Zfand2a,4698.0,4577.2,1789.7,1948.0
Zfand2b,522.8,513.7,353.8,512.7
Zfand3,1958.0,1875.3,1835.0,1963.2
Zfand5,5777.0,5987.0,4359.3,4340.1
Zfand6,2803.5,2805.1,2723.8,2458.7
Zfat,511.0,499.1,530.6,559.3
Zfc3h1,4438.7,4364.1,4564.1,4051.0
Zfhx2,66.7,74.0,54.9,57.1
Zfhx2as,15.1,28.0,12.2,21.9
Zfhx3,982.2,989.2,1380.2,1455.3
Zfhx4,2.2,2.3,371.2,125.5
Zfml,3209.1,3234.6,3490.6,3119.8
Zfp1,184.0,145.8,217.0,196.9
Zfp101,152.8,191.8,201.3,156.9
Zfp105,157.1,157.0,126.3,86.6
Zfp106,14526.5,14430.2,11471.3,11536.6
Zfp108,95.8,89.7,114.1,137.0
Zfp109,150.6,160.4,126.3,134.1
Zfp11,137.7,162.6,160.3,174.1
Zfp110,1666.4,1541.1,1414.2,1322.1
Zfp111,607.8,565.3,806.9,676.3
Zfp112,52.7,48.2,35.7,42.8
Zfp113,350.7,333.1,331.1,302.5
Zfp114,14.0,7.9,13.1,11.4
Zfp119a,184.0,189.6,370.3,335.8
Zfp119b,109.7,96.5,198.7,219.7
Zfp12,447.5,435.2,626.5,648.7
Zfp120,650.9,641.6,895.7,804.7
Zfp128,304.5,275.9,270.1,293.0
Zfp13,7.5,33.7,9.6,25.7
Zfp131,1430.8,1510.8,1476.0,1184.2
Zfp133-ps,11.8,2.3,4.3,3.8
Zfp14,76.4,78.5,117.6,108.4
Zfp142,798.2,768.3,589.0,720.0
Zfp143,755.2,634.8,644.8,653.4
Zfp146,835.9,930.9,1100.5,891.2
Zfp148,2718.5,2599.8,3108.9,3022.8
Zfp157,357.2,364.5,587.3,605.9
Zfp160,731.5,651.6,813.8,773.3
Zfp161,1041.4,877.1,989.0,1055.8
Zfp167,23.7,32.5,12.2,7.6
Zfp169,455.1,476.7,495.8,573.5
Zfp174,182.9,173.9,210.9,221.6
Zfp180,837.0,854.6,707.5,733.3
Zfp182,459.4,456.5,612.5,587.8
Zfp184,1.1,1.1,16.5,5.7
Zfp185,0.0,2.3,0.9,0.9
Zfp187,2455.0,2431.6,2385.7,2365.5
Zfp189,244.2,291.6,322.4,262.5
Zfp191,957.5,1081.2,1217.3,1120.5
Zfp192,787.5,830.0,1062.2,1008.2
Zfp2,77.5,75.2,104.6,98.0
Zfp202,294.8,280.4,214.3,156.9
Zfp207,2541.0,2520.2,2235.0,2351.3
Zfp212,459.4,474.4,560.3,612.5
Zfp213,99.0,109.9,149.9,103.7
Zfp217,1995.6,1957.2,3417.4,4050.0
Zfp219,812.2,852.4,787.7,825.6
Zfp229,148.5,155.9,296.2,245.4
Zfp235,178.6,158.2,223.1,235.9
Zfp236,1679.3,1635.3,1799.3,2040.2
Zfp238,987.6,1162.0,249.2,254.0
Zfp239,23.7,21.3,25.3,19.0
Zfp248,58.1,49.4,77.5,67.5
Zfp251,413.1,372.4,418.2,412.8
Zfp259,1467.4,1617.3,1135.4,1076.7
Zfp26,1813.8,1746.3,2130.4,2155.3
Zfp260,1328.6,1399.7,1266.9,1145.2
Zfp263,1552.4,1513.0,2473.7,2562.4
Zfp266,1196.3,1157.5,1889.9,1679.7
Zfp27,258.2,231.1,230.9,251.1
Zfp273,107.6,123.4,195.2,156.0
Zfp275,1123.1,1193.4,931.5,856.0
Zfp276,1118.8,1073.4,795.5,789.5
Zfp277,150.6,138.0,183.0,167.4
Zfp28,372.2,371.3,383.4,372.8
Zfp280b,438.9,361.2,470.5,427.1
Zfp280c,446.5,459.9,575.1,447.0
Zfp280d,773.5,752.6,1077.8,959.7
Zfp281,489.5,478.9,741.5,752.4
Zfp282,497.0,498.0,847.8,970.2
Zfp286,6.5,14.6,18.3,21.9
Zfp287,262.5,260.2,159.4,145.5
Zfp292,2873.5,2663.7,2858.9,2866.8
Zfp295,1608.3,1506.3,1105.7,1070.0
Zfp296,20.4,24.7,26.1,20.0
Zfp3,75.3,99.8,108.0,103.7
Zfp30,5.4,6.7,37.5,39.0
Zfp300,28.0,35.9,66.2,63.7
Zfp316,238.8,242.3,267.5,290.1
Zfp317,1053.2,1105.9,1153.7,1039.6
Zfp318,1509.3,1428.9,1226.0,1240.3
Zfp319,657.3,685.3,829.5,1039.6
Zfp322a,793.9,776.1,834.7,677.2
Zfp324,421.7,406.0,462.7,448.9
Zfp326,590.6,586.6,559.4,557.4
Zfp329,738.0,707.7,871.3,884.6
Zfp330,764.9,768.3,747.6,760.9
Zfp334,19.4,26.9,106.3,61.8
Zfp335,894.0,928.7,742.4,928.3
Zfp341,104.4,74.0,107.2,133.2
Zfp345,2.2,4.5,0.0,3.8
Zfp346,274.3,256.9,357.2,288.2
Zfp35,166.8,185.1,216.1,227.3
Zfp352,0.0,0.0,1.7,1.9
Zfp354a,66.7,52.7,66.2,58.0
Zfp354b,4.3,7.9,33.1,26.6
Zfp354c,18.3,6.7,74.9,57.1
Zfp358,616.4,753.7,601.2,687.7
Zfp36,1457.7,1536.6,3485.4,4106.1
Zfp362,78.5,103.2,205.6,213.1
Zfp365,0.0,5.6,116.7,55.2
Zfp366,2.2,0.0,0.0,9.5
Zfp367,610.0,585.5,562.0,455.6
Zfp369,734.8,726.8,744.1,751.4
Zfp36l1,1609.4,1496.2,5087.8,6111.2
Zfp36l2,7929.7,7777.0,8531.3,8328.3
Zfp36l3,3.2,2.3,0.0,0.0
Zfp37,10.8,15.7,49.7,15.2
Zfp382,242.1,286.0,145.5,159.8
Zfp383,114.0,113.3,144.6,176.0
Zfp384,943.5,1009.4,1049.1,1135.7
Zfp385a,536.8,496.9,580.3,894.1
Zfp385b,0.0,0.0,3.5,3.8
Zfp385c,1288.8,1259.5,1153.7,1277.4
Zfp386,653.0,718.9,739.8,711.5
Zfp389,0.0,2.3,0.0,0.0
Zfp39,133.4,96.5,234.4,192.1
Zfp395,186.1,217.6,630.0,718.1
Zfp397,1831.0,1783.3,1939.6,1695.0
Zfp398,335.7,320.8,407.8,464.2
Zfp40,118.3,151.4,162.1,157.9
Zfp407,1437.3,1463.7,1449.9,1422.9
Zfp408,356.1,435.2,403.4,457.5
Zfp41,251.7,251.2,278.8,348.1
Zfp410,891.8,868.1,797.3,693.4
Zfp414,316.3,354.4,358.1,439.4
Zfp418,94.7,121.1,136.8,118.9
Zfp42,0.0,0.0,0.0,0.9
Zfp420,101.1,108.8,130.7,114.1
Zfp422,764.9,652.8,712.7,633.5
Zfp423,1.1,0.0,17.4,21.9
Zfp426,375.5,370.1,445.2,381.4
Zfp428,10.8,29.2,33.1,21.9
Zfp429,279.7,250.1,311.9,408.0
Zfp433,610.0,557.4,636.9,568.8
Zfp438,111.9,83.0,135.9,147.4
Zfp442,144.2,149.2,162.9,180.7
Zfp444,394.8,371.3,509.7,560.2
Zfp445,3654.5,3679.9,3421.8,3027.5
Zfp446,87.1,89.7,75.8,69.4
Zfp449,53.8,72.9,163.8,117.9
Zfp451,601.4,591.1,618.6,588.8
Zfp454,2.2,0.0,3.5,1.9
Zfp455,247.4,215.4,271.0,281.5
Zfp456,213.0,266.9,239.6,255.9
Zfp457,5.4,2.3,9.6,4.8
Zfp458,87.1,101.0,86.3,98.9
Zfp459,6.5,16.8,7.0,5.7
Zfp46,776.7,669.6,915.8,858.9
Zfp462,110.8,124.5,112.4,78.9
Zfp467,106.5,111.0,622.1,710.5
Zfp472,345.3,367.9,345.0,348.1
Zfp473,52.7,61.7,27.0,36.1
Zfp474,0.0,0.0,7.0,1.9
Zfp488,0.0,2.3,0.9,4.8
Zfp493,77.5,65.1,107.2,80.8
Zfp498,298.0,289.4,309.3,316.7
Zfp503,670.2,706.6,108.9,96.1
Zfp507,18.3,39.3,195.2,96.1
Zfp51,355.0,304.0,340.7,310.1
Zfp511,350.7,278.2,319.8,352.9
Zfp512,568.0,545.1,708.4,770.4
Zfp513,810.1,795.2,973.3,1052.9
Zfp516,2054.8,2025.6,2728.2,3012.3
Zfp518a,1380.3,1365.0,1566.7,1502.8
Zfp518b,207.6,223.2,467.0,375.7
Zfp52,483.0,518.2,790.3,644.9
Zfp521,45.2,14.6,61.0,35.2
Zfp523,263.6,180.6,143.8,133.2
Zfp524,333.5,324.1,311.9,370.9
Zfp526,424.9,411.6,458.3,602.1
Zfp53,521.8,484.5,474.9,559.3
Zfp532,634.7,593.3,140.3,50.4
Zfp534,0.0,1.1,3.5,4.8
Zfp536,0.0,0.0,2.6,12.4
Zfp54,185.0,151.4,113.3,100.8
Zfp541,12.9,3.4,9.6,10.5
Zfp551,33.4,28.0,47.9,33.3
Zfp553,266.8,274.8,359.0,353.8
Zfp558,105.4,103.2,45.3,36.1
Zfp560,164.6,161.5,220.4,229.2
Zfp563,289.4,305.1,385.1,375.7
Zfp566,57.0,46.0,50.5,57.1
Zfp568,2015.0,1778.8,744.1,550.7
Zfp57,6.5,0.0,26.1,18.1
Zfp572,0.0,4.5,0.0,3.8
Zfp574,305.5,336.5,403.4,458.5
Zfp575,2.2,0.0,0.0,2.8
Zfp579,47.3,60.6,116.7,160.7
Zfp58,262.5,235.5,290.1,285.3
Zfp580,2.2,6.7,17.4,15.2
Zfp583,102.2,71.8,78.4,86.6
Zfp59,315.2,290.5,334.6,324.3
Zfp592,986.5,1021.8,1066.5,1288.8
Zfp593,286.2,292.7,264.0,193.1
Zfp595,306.6,271.4,345.0,328.1
Zfp597,1295.3,1227.0,692.7,611.6
Zfp598,1322.2,1329.1,1049.1,1169.0
Zfp599,39.8,38.1,34.8,41.8
Zfp60,392.7,401.5,496.7,468.9
Zfp600,3.2,3.4,2.6,5.7
Zfp605,127.0,103.2,95.8,97.0
Zfp606,307.7,318.5,515.8,559.3
Zfp607,598.1,581.0,631.7,577.3
Zfp608,901.5,823.2,655.2,617.3
Zfp609,940.3,816.5,629.1,636.3
Zfp61,213.0,226.6,223.9,212.1
Zfp612,0.0,0.0,1.7,6.7
Zfp616,0.0,0.0,1.7,1.9
Zfp617,738.0,579.9,657.9,546.0
Zfp618,8.6,5.6,38.3,16.2
Zfp619,302.3,261.3,585.5,548.8
Zfp62,1018.8,998.2,1374.1,1241.3
Zfp622,1043.5,900.6,1174.6,1260.3
Zfp623,265.7,301.7,427.8,328.1
Zfp628,207.6,213.1,323.3,378.6
Zfp629,854.2,842.3,986.4,1000.6
Zfp637,343.2,357.8,339.8,293.9
Zfp639,532.5,550.7,375.5,396.6
Zfp64,286.2,356.7,289.3,309.1
Zfp641,0.0,0.0,3.5,2.8
Zfp644,2300.1,2161.3,2479.0,2267.6
Zfp646,1673.9,1671.2,1701.7,1939.4
Zfp647,23.7,33.7,37.5,32.3
Zfp648,0.0,0.0,5.2,4.8
Zfp651,18.3,40.4,167.3,104.6
Zfp652,1924.6,1790.0,1826.3,1991.7
Zfp653,446.5,464.3,267.5,365.2
Zfp654,788.6,833.3,738.9,705.8
Zfp655,4287.1,4438.1,2675.0,2371.2
Zfp658,460.4,441.9,529.8,506.0
Zfp661,166.8,181.7,123.7,125.5
Zfp663,0.0,0.0,1.7,2.8
Zfp664,1279.1,1353.7,1212.9,1049.1
Zfp667,127.0,129.0,114.1,129.4
Zfp668,381.9,332.0,365.1,429.0
Zfp672,409.9,395.9,529.8,551.7
Zfp677,380.8,399.3,413.9,372.8
Zfp68,821.9,872.6,1136.2,1038.7
Zfp687,532.5,555.2,818.2,886.5
Zfp688,200.1,161.5,165.5,221.6
Zfp689,64.6,71.8,130.7,114.1
Zfp69,94.7,99.8,65.3,146.5
Zfp691,164.6,146.9,176.9,180.7
Zfp692,292.6,249.0,232.6,228.3
Zfp697,7.5,13.5,92.4,77.0
Zfp7,148.5,105.4,108.0,91.3
Zfp703,1096.2,1056.5,1022.1,1033.0
Zfp704,4827.1,4880.0,2122.6,2260.9
Zfp706,945.6,957.8,1754.0,1571.3
Zfp707,130.2,149.2,124.6,168.4
Zfp708,51.6,53.8,78.4,93.2
Zfp709,728.3,667.3,589.0,468.9
Zfp71-rs1,635.8,581.0,685.7,604.0
Zfp710,2656.1,2356.4,4800.2,6120.7
Zfp711,0.0,0.0,1.7,0.0
Zfp712,143.1,130.1,208.2,186.4
Zfp715,1899.9,1745.2,1402.0,1461.9
Zfp719,557.3,532.8,552.4,464.2
Zfp72,54.9,68.4,47.0,45.7
Zfp735,0.0,0.0,0.0,3.8
Zfp738,783.2,668.5,957.6,927.4
Zfp74,191.5,203.0,364.2,395.7
Zfp740,981.1,1103.6,2363.1,2343.6
Zfp746,560.5,605.7,881.8,923.6
Zfp747,335.7,309.6,327.6,376.7
Zfp748,522.8,603.4,860.9,762.8
Zfp750,53.8,63.9,41.8,42.8
Zfp758,257.1,244.5,388.6,317.7
Zfp759,158.1,166.0,204.8,205.4
Zfp760,290.5,312.9,467.9,414.7
Zfp763,129.1,135.7,257.9,256.8
Zfp764,471.2,463.2,406.0,401.4
Zfp768,374.4,416.1,484.5,530.7
Zfp770,381.9,345.5,406.0,365.2
Zfp771,158.1,149.2,231.8,313.9
Zfp772,132.3,131.2,159.4,118.9
Zfp773,44.1,38.1,52.3,64.7
Zfp775,181.8,171.6,201.3,197.8
Zfp777,102.2,124.5,229.2,247.3
Zfp78,82.8,51.6,79.3,67.5
Zfp780b,557.3,519.3,746.7,702.9
Zfp781,106.5,112.2,130.7,122.7
Zfp783,69.9,47.1,63.6,64.7
Zfp784,52.7,61.7,110.6,99.9
Zfp786,12.9,14.6,9.6,12.4
Zfp787,511.0,515.9,636.9,842.7
Zfp788,209.8,219.8,316.3,309.1
Zfp790,704.7,750.3,745.0,819.9
Zfp791,23.7,18.0,39.2,49.5
Zfp799,274.3,260.2,516.7,493.6
Zfp800,1010.2,970.2,1036.9,935.0
Zfp804a,0.0,0.0,2.6,0.0
Zfp804b,0.0,0.0,0.0,4.8
Zfp808,58.1,44.9,68.0,69.4
Zfp809,456.1,456.5,410.4,500.3
Zfp81,199.0,183.9,272.7,201.6
Zfp810,389.4,333.1,403.4,349.1
Zfp811,0.0,1.1,4.3,5.7
Zfp819,0.0,3.4,0.0,3.8
Zfp82,49.5,30.3,25.3,37.1
Zfp820,19.4,22.4,26.1,13.3
Zfp821,136.6,115.5,341.6,324.3
Zfp825,196.9,170.5,189.1,219.7
Zfp827,89.3,84.1,160.3,88.5
Zfp828,799.3,891.7,1016.8,1037.7
Zfp830,599.2,572.0,534.1,571.6
Zfp831,4.3,2.3,13.9,21.9
Zfp839,513.2,529.4,755.4,833.2
Zfp84,1190.9,1205.7,1324.4,1407.7
Zfp846,159.2,130.1,142.0,189.3
Zfp85-rs1,147.4,192.9,201.3,156.0
Zfp862,178.6,136.8,269.2,229.2
Zfp865,304.5,352.2,461.8,607.8
Zfp866,631.5,640.4,820.8,814.2
Zfp867,202.3,212.0,183.8,167.4
Zfp868,318.4,311.8,426.1,397.6
Zfp869,853.1,840.1,1205.1,1130.9
Zfp87,507.8,436.3,662.2,621.1
Zfp870,236.7,221.0,344.2,345.3
Zfp871,6626.9,6637.5,6153.4,6151.1
Zfp872,0.0,0.0,0.0,0.0
Zfp873,160.3,141.3,102.8,108.4
Zfp874a,476.6,389.2,573.3,460.4
Zfp874b,557.3,521.5,600.3,695.3
Zfp879,0.0,4.5,5.2,1.9
Zfp882,135.6,130.1,127.2,127.5
Zfp9,32.3,24.7,162.9,63.7
Zfp90,444.3,485.7,1465.6,1480.9
Zfp91,7529.5,7185.9,5925.1,5520.5
Zfp92,6.5,2.3,3.5,4.8
Zfp93,110.8,94.2,56.6,73.2
Zfp930,259.3,269.2,287.5,258.7
Zfp931,214.1,171.6,174.3,183.6
Zfp932,175.4,204.1,277.1,255.9
Zfp933,422.8,367.9,530.6,456.6
Zfp934,40.9,46.0,53.1,58.0
Zfp935,470.1,455.4,433.9,427.1
Zfp936,1.1,1.1,2.6,7.6
Zfp937,165.7,178.3,192.6,130.3
Zfp938,137.7,107.7,125.5,94.2
Zfp939,72.1,55.0,127.2,112.2
Zfp94,66.7,46.0,113.3,98.0
Zfp940,54.9,46.0,56.6,46.6
Zfp941,17.2,26.9,15.7,17.1
Zfp942,411.0,411.6,471.4,415.7
Zfp943,247.4,218.7,492.3,368.1
Zfp944,451.8,392.6,402.6,407.1
Zfp945,682.1,584.3,799.9,701.9
Zfp946,362.5,301.7,354.6,321.5
Zfp947,68.9,67.3,40.1,59.0
Zfp948,252.8,197.4,176.9,145.5
Zfp949,414.2,335.4,399.9,437.5
Zfp951,102.2,113.3,131.6,129.4
Zfp952,455.1,440.8,462.7,437.5
Zfp953,499.2,436.3,655.2,603.0
Zfp954,407.7,394.8,325.9,346.2
Zfp955a,495.9,483.4,573.3,552.6
Zfp955b,570.2,522.7,713.6,653.4
Zfp956,180.7,197.4,204.8,187.4
Zfp957,6.5,9.0,12.2,8.6
Zfp958,352.9,354.4,424.3,366.2
Zfp959,186.1,185.1,278.8,265.4
Zfp960,270.0,231.1,266.6,270.1
Zfp961,170.0,173.9,185.6,133.2
Zfp963,96.8,103.2,195.2,211.2
Zfp964,35.5,26.9,70.6,65.6
Zfp97,385.1,275.9,343.3,317.7
Zfpl1,432.5,474.4,429.6,573.5
Zfpm1,57.0,50.5,50.5,81.8
Zfpm2,2.2,11.2,47.0,18.1
Zfr,1632.0,1718.3,1990.1,1767.2
Zfr2,14.0,6.7,26.1,50.4
Zfx,2893.9,2718.7,3461.0,3268.2
Zfy1,0.0,1.1,0.0,1.9
Zfy2,2.2,0.0,0.0,0.0
Zfyve1,1536.2,1536.6,1480.4,1543.7
Zfyve16,1821.3,1738.4,1989.3,1702.6
Zfyve19,701.4,622.5,514.1,517.4
Zfyve20,1484.6,1591.5,1382.8,1336.4
Zfyve21,465.8,438.5,405.2,396.6
Zfyve26,4719.5,4968.6,2154.8,2344.6
Zfyve27,1389.9,1529.8,1002.9,1156.6
Zfyve28,15.1,33.7,854.8,1081.5
Zfyve9,52.7,87.5,162.9,117.9
Zg16,0.0,2.3,0.0,0.0
Zglp1,4.3,2.3,4.3,3.8
Zgpat,739.1,699.9,604.7,665.8
Zhx1,2797.1,2957.6,3184.8,3138.8
Zhx2,338.9,319.7,241.4,213.1
Zhx3,461.5,354.4,409.5,438.5
Zic1,0.0,0.0,0.0,5.7
Zic2,0.0,0.0,2.6,0.0
Zic3,1.1,0.0,0.9,3.8
Zic4,2.2,0.0,1.7,9.5
Zic5,0.0,0.0,0.0,1.9
Zik1,57.0,52.7,84.5,73.2
Zim1,0.0,2.3,1.7,0.0
Zim3,0.0,0.0,2.6,0.9
Zkscan1,1984.8,2052.5,2397.9,2337.9
Zkscan14,290.5,245.6,368.6,294.9
Zkscan16,4.3,2.3,3.5,3.8
Zkscan17,359.3,346.6,531.5,600.2
Zkscan2,2.2,2.3,3.5,3.8
Zkscan3,1204.9,1199.0,1232.9,1296.4
Zkscan4,66.7,116.7,107.2,98.0
Zkscan5,348.6,349.9,332.0,348.1
Zkscan6,509.9,513.7,440.9,438.5
Zmat1,18.3,26.9,77.5,62.8
Zmat2,1371.6,1321.2,1368.9,1385.8
Zmat3,1107.0,1066.6,1133.6,926.4
Zmat4,1.1,0.0,1.7,6.7
Zmat5,303.4,309.6,354.6,396.6
Zmiz1,1905.2,1989.7,1425.5,1524.7
Zmiz2,594.9,592.2,593.4,699.1
Zmpste24,2478.6,2415.9,2247.2,2008.8
Zmym1,305.5,329.8,456.6,395.7
Zmym2,1928.9,1892.1,2237.6,2009.8
Zmym3,700.3,623.6,1165.8,1197.5
Zmym4,1613.7,1657.7,2253.3,1928.0
Zmym5,1090.9,1021.8,1456.0,1282.2
Zmym6,713.3,685.3,736.3,731.4
Zmynd10,3.2,5.6,7.0,3.8
Zmynd11,1654.6,1556.8,2287.3,2355.1
Zmynd12,3.2,3.4,3.5,4.8
Zmynd15,1030.6,1012.8,1715.7,1797.7
Zmynd17,64.6,55.0,52.3,59.0
Zmynd19,156.0,146.9,149.0,137.9
Zmynd8,2970.3,2740.0,2051.1,2565.3
Znf512b,633.6,544.0,592.5,682.9
Znfx1,2595.9,2621.1,5337.9,6081.7
Znhit1,1210.3,1185.5,597.7,693.4
Znhit2-ps,521.8,507.0,387.7,371.9
Znhit3,118.3,122.3,136.8,126.5
Znhit6,152.8,118.9,242.2,204.5
Znrd1,177.5,189.6,174.3,220.7
Znrd1as,68.9,89.7,57.5,53.3
Znrf1,1611.5,1731.7,1764.5,2026.9
Znrf2,5035.8,4919.2,4007.3,3733.3
Znrf3,132.3,152.5,183.0,170.3
Znrf4,0.0,0.0,0.0,1.9
Zp1,0.0,3.4,0.9,3.8
Zp2,1.1,0.0,3.5,1.9
Zp3,0.0,0.0,0.0,0.9
Zp3r,0.0,0.0,0.9,3.8
Zp4-ps,1.1,0.0,0.9,4.8
Zpbp,20.4,22.4,23.5,17.1
Zpbp2,0.0,0.0,6.1,3.8
Zpld1,0.0,0.0,1.7,4.8
Zranb1,967.1,913.0,804.2,741.9
Zranb2,1655.7,1744.1,2011.9,1848.1
Zranb3,2419.5,2587.5,354.6,267.3
Zrsr1,780.0,726.8,510.6,521.2
Zrsr2,568.0,448.6,658.7,659.1
Zscan10,3.2,2.3,5.2,5.7
Zscan12,393.7,351.1,330.2,313.9
Zscan18,16.1,16.8,27.0,35.2
Zscan2,53.8,58.3,69.7,132.2
Zscan20,209.8,224.3,238.7,237.8
Zscan21,607.8,624.7,518.4,556.4
Zscan22,353.9,309.6,311.9,295.8
Zscan29,838.1,855.8,1307.0,1339.2
Zscan4a,0.0,1.1,0.0,3.8
Zscan4b,0.0,1.1,0.0,3.8
Zscan4c,0.0,1.1,1.7,1.9
Zscan4d,0.0,1.1,0.0,3.8
Zscan4e,0.0,1.1,0.0,3.8
Zscan4f,0.0,1.1,1.7,5.7
Zscan5b,0.0,2.3,1.7,0.0
Zswim1,231.3,223.2,154.2,184.5
Zswim2,0.0,0.0,0.9,2.8
Zswim3,181.8,194.0,171.6,175.0
Zswim4,857.4,896.1,932.3,1096.7
Zswim5,9.7,6.7,26.1,44.7
Zswim6,1269.4,1249.4,3363.4,3575.4
Zswim7,113.0,109.9,89.7,62.8
Zufsp,699.3,780.6,1050.8,1083.4
Zw10,677.8,742.5,723.2,584.0
Zwilch,63.5,74.0,88.0,65.6
Zwint,748.8,762.7,922.7,770.4
Zxda,948.9,808.7,737.1,749.5
Zxdb,932.7,860.3,700.6,774.2
Zxdc,1355.5,1394.1,1285.2,1261.2
Zyg11a,0.0,0.0,2.6,0.0
Zyg11b,3191.9,3349.0,3954.2,3547.8
Zyx,3015.5,2901.5,1515.3,1657.9
Zzef1,4120.3,4324.8,4165.0,4165.1
Zzz3,1508.3,1396.4,1671.2,1752.0
a,1.1,3.4,0.9,7.6
l7Rn6,359.3,341.0,366.8,331.9
